390.0,4.14616053E-04
390.1,4.22727711E-04
390.2,4.30990466E-04
390.3,4.39406778E-04
390.4,4.47979138E-04
390.5,4.56710063E-04
390.6,4.65602099E-04
390.7,4.74657820E-04
390.8,4.83879828E-04
390.9,4.93270754E-04
391.0,5.02833256E-04
391.1,5.12570017E-04
391.2,5.22483752E-04
391.3,5.32577200E-04
391.4,5.42853128E-04
391.5,5.53314331E-04
391.6,5.63963628E-04
391.7,5.74803865E-04
391.8,5.85837917E-04
391.9,5.97068680E-04
392.0,6.08499079E-04
392.1,6.20132063E-04
392.2,6.31970604E-04
392.3,6.44017700E-04
392.4,6.56276372E-04
392.5,6.68749665E-04
392.6,6.81440646E-04
392.7,6.94352405E-04
392.8,7.07488053E-04
392.9,7.20850724E-04
393.0,7.34443570E-04
393.1,7.48269765E-04
393.2,7.62332502E-04
393.3,7.76634993E-04
393.4,7.91180466E-04
393.5,8.05972169E-04
393.6,8.21013365E-04
393.7,8.36307333E-04
393.8,8.51857367E-04
393.9,8.67666774E-04
394.0,8.83738876E-04
394.1,9.00077005E-04
394.2,9.16684506E-04
394.3,9.33564734E-04
394.4,9.50721051E-04
394.5,9.68156830E-04
394.6,9.85875449E-04
394.7,1.00388029E-03
394.8,1.02217475E-03
394.9,1.04076221E-03
395.0,1.05964607E-03
395.1,1.07882973E-03
395.2,1.09831658E-03
395.3,1.11811001E-03
395.4,1.13821342E-03
395.5,1.15863018E-03
395.6,1.17936368E-03
395.7,1.20041728E-03
395.8,1.22179435E-03
395.9,1.24349824E-03
396.0,1.26553228E-03
396.1,1.28789981E-03
396.2,1.31060411E-03
396.3,1.33364849E-03
396.4,1.35703620E-03
396.5,1.38077051E-03
396.6,1.40485463E-03
396.7,1.42929176E-03
396.8,1.45408506E-03
396.9,1.47923768E-03
397.0,1.50475274E-03
397.1,1.53063329E-03
397.2,1.55688238E-03
397.3,1.58350301E-03
397.4,1.61049814E-03
397.5,1.63787069E-03
397.6,1.66562352E-03
397.7,1.69375946E-03
397.8,1.72228128E-03
397.9,1.75119171E-03
398.0,1.78049340E-03
398.1,1.81018896E-03
398.2,1.84028094E-03
398.3,1.87077183E-03
398.4,1.90166404E-03
398.5,1.93295992E-03
398.6,1.96466176E-03
398.7,1.99677175E-03
398.8,2.02929202E-03
398.9,2.06222462E-03
399.0,2.09557151E-03
399.1,2.12933459E-03
399.2,2.16351563E-03
399.3,2.19811634E-03
399.4,2.23313832E-03
399.5,2.26858308E-03
399.6,2.30445204E-03
399.7,2.34074648E-03
399.8,2.37746761E-03
399.9,2.41461652E-03
400.0,2.45219418E-03
400.1,2.49020192E-03
400.2,2.52864287E-03
400.3,2.56752069E-03
400.4,2.60683909E-03
400.5,2.64660182E-03
400.6,2.68681270E-03
400.7,2.72747562E-03
400.8,2.76859452E-03
400.9,2.81017340E-03
401.0,2.85221633E-03
401.1,2.89472745E-03
401.2,2.93771097E-03
401.3,2.98117118E-03
401.4,3.02511242E-03
401.5,3.06953912E-03
401.6,3.11445580E-03
401.7,3.15986704E-03
401.8,3.20577751E-03
401.9,3.25219197E-03
402.0,3.29911525E-03
402.1,3.34655230E-03
402.2,3.39450812E-03
402.3,3.44298785E-03
402.4,3.49199670E-03
402.5,3.54153997E-03
402.6,3.59162308E-03
402.7,3.64225155E-03
402.8,3.69343102E-03
402.9,3.74516721E-03
403.0,3.79746597E-03
403.1,3.85033328E-03
403.2,3.90377520E-03
403.3,3.95779795E-03
403.4,4.01240786E-03
403.5,4.06761139E-03
403.6,4.12341511E-03
403.7,4.17982575E-03
403.8,4.23685017E-03
403.9,4.29449537E-03
404.0,4.35276849E-03
404.1,4.41167681E-03
404.2,4.47122779E-03
404.3,4.53142902E-03
404.4,4.59228824E-03
404.5,4.65381337E-03
404.6,4.71601250E-03
404.7,4.77889387E-03
404.8,4.84246591E-03
404.9,4.90673722E-03
405.0,4.97171658E-03
405.1,5.03741161E-03
405.2,5.10382463E-03
405.3,5.17095637E-03
405.4,5.23880737E-03
405.5,5.30737787E-03
405.6,5.37666790E-03
405.7,5.44667720E-03
405.8,5.51740526E-03
405.9,5.58885127E-03
406.0,5.66101415E-03
406.1,5.73389253E-03
406.2,5.80748474E-03
406.3,5.88178879E-03
406.4,5.95680239E-03
406.5,6.03252293E-03
406.6,6.10894745E-03
406.7,6.18607268E-03
406.8,6.26389498E-03
406.9,6.34241038E-03
407.0,6.42161455E-03
407.1,6.50150277E-03
407.2,6.58206997E-03
407.3,6.66331068E-03
407.4,6.74521907E-03
407.5,6.82778889E-03
407.6,6.91101350E-03
407.7,6.99488583E-03
407.8,7.07939842E-03
407.9,7.16454337E-03
408.0,7.25031236E-03
408.1,7.33669663E-03
408.2,7.42368697E-03
408.3,7.51127373E-03
408.4,7.59944681E-03
408.5,7.68819564E-03
408.6,7.77750918E-03
408.7,7.86737592E-03
408.8,7.95778388E-03
408.9,8.04872060E-03
409.0,8.14017311E-03
409.1,8.23212797E-03
409.2,8.32457123E-03
409.3,8.41748846E-03
409.4,8.51086469E-03
409.5,8.60468447E-03
409.6,8.69893183E-03
409.7,8.79359028E-03
409.8,8.88864282E-03
409.9,8.98407194E-03
410.0,9.07985957E-03
410.1,9.17598988E-03
410.2,9.27245758E-03
410.3,9.36926020E-03
410.4,9.46639543E-03
410.5,9.56386113E-03
410.6,9.66165528E-03
410.7,9.75977606E-03
410.8,9.85822180E-03
410.9,9.95699103E-03
411.0,1.00560824E-02
411.1,1.01554948E-02
411.2,1.02552273E-02
411.3,1.03552791E-02
411.4,1.04556496E-02
411.5,1.05563384E-02
411.6,1.06573453E-02
411.7,1.07586704E-02
411.8,1.08603138E-02
411.9,1.09622759E-02
412.0,1.10645573E-02
412.1,1.11671590E-02
412.2,1.12700818E-02
412.3,1.13733270E-02
412.4,1.14768962E-02
412.5,1.15807910E-02
412.6,1.16850132E-02
412.7,1.17895651E-02
412.8,1.18944491E-02
412.9,1.19996676E-02
413.0,1.21052236E-02
413.1,1.22111201E-02
413.2,1.23173604E-02
413.3,1.24239482E-02
413.4,1.25308871E-02
413.5,1.26381813E-02
413.6,1.27458350E-02
413.7,1.28538529E-02
413.8,1.29622396E-02
413.9,1.30710004E-02
414.0,1.31801405E-02
414.1,1.32896656E-02
414.2,1.33995814E-02
414.3,1.35098943E-02
414.4,1.36206105E-02
414.5,1.37317368E-02
414.6,1.38432801E-02
414.7,1.39552478E-02
414.8,1.40676473E-02
414.9,1.41804865E-02
415.0,1.42937735E-02
415.1,1.44075138E-02
415.2,1.45217006E-02
415.3,1.46363242E-02
415.4,1.47513744E-02
415.5,1.48668408E-02
415.6,1.49827128E-02
415.7,1.50989796E-02
415.8,1.52156299E-02
415.9,1.53326523E-02
416.0,1.54500352E-02
416.1,1.55677667E-02
416.2,1.56858343E-02
416.3,1.58042258E-02
416.4,1.59229284E-02
416.5,1.60419289E-02
416.6,1.61612142E-02
416.7,1.62807707E-02
416.8,1.64005845E-02
416.9,1.65206415E-02
417.0,1.66409274E-02
417.1,1.67614274E-02
417.2,1.68821268E-02
417.3,1.70030103E-02
417.4,1.71240624E-02
417.5,1.72452674E-02
417.6,1.73666093E-02
417.7,1.74880719E-02
417.8,1.76096386E-02
417.9,1.77312926E-02
418.0,1.78530169E-02
418.1,1.79747940E-02
418.2,1.80966065E-02
418.3,1.82184364E-02
418.4,1.83402657E-02
418.5,1.84620759E-02
418.6,1.85838485E-02
418.7,1.87055646E-02
418.8,1.88272050E-02
418.9,1.89487503E-02
419.0,1.90701809E-02
419.1,1.91914770E-02
419.2,1.93126185E-02
419.3,1.94335849E-02
419.4,1.95543558E-02
419.5,1.96749103E-02
419.6,1.97952273E-02
419.7,1.99152857E-02
419.8,2.00350639E-02
419.9,2.01545402E-02
420.0,2.02736928E-02
420.1,2.03925049E-02
420.2,2.05109810E-02
420.3,2.06291317E-02
420.4,2.07469677E-02
420.5,2.08645005E-02
420.6,2.09817420E-02
420.7,2.10987047E-02
420.8,2.12154015E-02
420.9,2.13318458E-02
421.0,2.14480515E-02
421.1,2.15640331E-02
421.2,2.16798056E-02
421.3,2.17953842E-02
421.4,2.19107851E-02
421.5,2.20260245E-02
421.6,2.21411193E-02
421.7,2.22560870E-02
421.8,2.23709454E-02
421.9,2.24857129E-02
422.0,2.26004084E-02
422.1,2.27150510E-02
422.2,2.28296607E-02
422.3,2.29442578E-02
422.4,2.30588630E-02
422.5,2.31734976E-02
422.6,2.32881832E-02
422.7,2.34029422E-02
422.8,2.35177973E-02
422.9,2.36327715E-02
423.0,2.37478887E-02
423.1,2.38631729E-02
423.2,2.39786487E-02
423.3,2.40943414E-02
423.4,2.42102765E-02
423.5,2.43264801E-02
423.6,2.44429789E-02
423.7,2.45597999E-02
423.8,2.46769708E-02
423.9,2.47945196E-02
424.0,2.49124750E-02
424.1,2.50308660E-02
424.2,2.51497225E-02
424.3,2.52690744E-02
424.4,2.53889524E-02
424.5,2.55093879E-02
424.6,2.56304126E-02
424.7,2.57520587E-02
424.8,2.58743592E-02
424.9,2.59973474E-02
425.0,2.61210573E-02
425.1,2.62455172E-02
425.2,2.63707307E-02
425.3,2.64966952E-02
425.4,2.66234079E-02
425.5,2.67508659E-02
425.6,2.68790663E-02
425.7,2.70080060E-02
425.8,2.71376820E-02
425.9,2.72680909E-02
426.0,2.73992293E-02
426.1,2.75310940E-02
426.2,2.76636812E-02
426.3,2.77969874E-02
426.4,2.79310087E-02
426.5,2.80657413E-02
426.6,2.82011812E-02
426.7,2.83373243E-02
426.8,2.84741664E-02
426.9,2.86117031E-02
427.0,2.87499300E-02
427.1,2.88888426E-02
427.2,2.90284360E-02
427.3,2.91687056E-02
427.4,2.93096463E-02
427.5,2.94512532E-02
427.6,2.95935210E-02
427.7,2.97364443E-02
427.8,2.98800179E-02
427.9,3.00242360E-02
428.0,3.01690930E-02
428.1,3.03145830E-02
428.2,3.04607001E-02
428.3,3.06074381E-02
428.4,3.07547907E-02
428.5,3.09027517E-02
428.6,3.10513144E-02
428.7,3.12004722E-02
428.8,3.13502183E-02
428.9,3.15005457E-02
429.0,3.16514473E-02
429.1,3.18029159E-02
429.2,3.19549440E-02
429.3,3.21075242E-02
429.4,3.22606487E-02
429.5,3.24143097E-02
429.6,3.25684992E-02
429.7,3.27232090E-02
429.8,3.28784310E-02
429.9,3.30341566E-02
430.0,3.31903772E-02
430.1,3.33470854E-02
430.2,3.35042786E-02
430.3,3.36619557E-02
430.4,3.38201152E-02
430.5,3.39787557E-02
430.6,3.41378759E-02
430.7,3.42974741E-02
430.8,3.44575489E-02
430.9,3.46180985E-02
431.0,3.47791213E-02
431.1,3.49406155E-02
431.2,3.51025792E-02
431.3,3.52650105E-02
431.4,3.54279075E-02
431.5,3.55912680E-02
431.6,3.57550901E-02
431.7,3.59193714E-02
431.8,3.60841098E-02
431.9,3.62493028E-02
432.0,3.64149482E-02
432.1,3.65810433E-02
432.2,3.67475856E-02
432.3,3.69145726E-02
432.4,3.70820014E-02
432.5,3.72498693E-02
432.6,3.74181733E-02
432.7,3.75869107E-02
432.8,3.77560782E-02
432.9,3.79256728E-02
433.0,3.80956913E-02
433.1,3.82661304E-02
433.2,3.84369868E-02
433.3,3.86082569E-02
433.4,3.87799373E-02
433.5,3.89520244E-02
433.6,3.91245143E-02
433.7,3.92974035E-02
433.8,3.94706878E-02
433.9,3.96443635E-02
434.0,3.98184265E-02
434.1,3.99928725E-02
434.2,4.01676974E-02
434.3,4.03428969E-02
434.4,4.05184666E-02
434.5,4.06944019E-02
434.6,4.08706984E-02
434.7,4.10473512E-02
434.8,4.12243557E-02
434.9,4.14017071E-02
435.0,4.15794003E-02
435.1,4.17574275E-02
435.2,4.19357689E-02
435.3,4.21144016E-02
435.4,4.22933022E-02
435.5,4.24724471E-02
435.6,4.26518123E-02
435.7,4.28313735E-02
435.8,4.30111060E-02
435.9,4.31909847E-02
436.0,4.33709843E-02
436.1,4.35510790E-02
436.2,4.37312428E-02
436.3,4.39114492E-02
436.4,4.40916715E-02
436.5,4.42718826E-02
436.6,4.44520550E-02
436.7,4.46321608E-02
436.8,4.48121720E-02
436.9,4.49920600E-02
437.0,4.51717960E-02
437.1,4.53513507E-02
437.2,4.55306947E-02
437.3,4.57097981E-02
437.4,4.58886306E-02
437.5,4.60671616E-02
437.6,4.62453605E-02
437.7,4.64231958E-02
437.8,4.66006360E-02
437.9,4.67776493E-02
438.0,4.69542035E-02
438.1,4.71302660E-02
438.2,4.73058040E-02
438.3,4.74807844E-02
438.4,4.76551737E-02
438.5,4.78289381E-02
438.6,4.80020435E-02
438.7,4.81744556E-02
438.8,4.83461397E-02
438.9,4.85170608E-02
439.0,4.86871838E-02
439.1,4.88564730E-02
439.2,4.90248928E-02
439.3,4.91924070E-02
439.4,4.93589794E-02
439.5,4.95245733E-02
439.6,4.96891520E-02
439.7,4.98526784E-02
439.8,5.00151152E-02
439.9,5.01764249E-02
440.0,5.03365697E-02
440.1,5.04955221E-02
440.2,5.06532957E-02
440.3,5.08099152E-02
440.4,5.09654056E-02
440.5,5.11197925E-02
440.6,5.12731022E-02
440.7,5.14253613E-02
440.8,5.15765970E-02
440.9,5.17268370E-02
441.0,5.18761095E-02
441.1,5.20244432E-02
441.2,5.21718674E-02
441.3,5.23184117E-02
441.4,5.24641062E-02
441.5,5.26089816E-02
441.6,5.27530690E-02
441.7,5.28963999E-02
441.8,5.30390064E-02
441.9,5.31809209E-02
442.0,5.33221763E-02
442.1,5.34628060E-02
442.2,5.36028437E-02
442.3,5.37423237E-02
442.4,5.38812807E-02
442.5,5.40197498E-02
442.6,5.41577663E-02
442.7,5.42953664E-02
442.8,5.44325862E-02
442.9,5.45694626E-02
443.0,5.47060327E-02
443.1,5.48423341E-02
443.2,5.49784047E-02
443.3,5.51142831E-02
443.4,5.52500079E-02
443.5,5.53856183E-02
443.6,5.55211540E-02
443.7,5.56566549E-02
443.8,5.57921615E-02
443.9,5.59277145E-02
444.0,5.60633551E-02
444.1,5.61991249E-02
444.2,5.63350659E-02
444.3,5.64712206E-02
444.4,5.66076317E-02
444.5,5.67443424E-02
444.6,5.68813965E-02
444.7,5.70188378E-02
444.8,5.71567109E-02
444.9,5.72950606E-02
445.0,5.74339322E-02
445.1,5.75733611E-02
445.2,5.77133416E-02
445.3,5.78538576E-02
445.4,5.79948927E-02
445.5,5.81364306E-02
445.6,5.82784546E-02
445.7,5.84209478E-02
445.8,5.85638933E-02
445.9,5.87072738E-02
446.0,5.88510722E-02
446.1,5.89952708E-02
446.2,5.91398519E-02
446.3,5.92847976E-02
446.4,5.94300900E-02
446.5,5.95757107E-02
446.6,5.97216412E-02
446.7,5.98678631E-02
446.8,6.00143574E-02
446.9,6.01611051E-02
447.0,6.03080872E-02
447.1,6.04552842E-02
447.2,6.06026765E-02
447.3,6.07502444E-02
447.4,6.08979680E-02
447.5,6.10458271E-02
447.6,6.11938014E-02
447.7,6.13418703E-02
447.8,6.14900132E-02
447.9,6.16382092E-02
448.0,6.17864371E-02
448.1,6.19346757E-02
448.2,6.20829035E-02
448.3,6.22310988E-02
448.4,6.23792398E-02
448.5,6.25273043E-02
448.6,6.26752702E-02
448.7,6.28231150E-02
448.8,6.29708161E-02
448.9,6.31183506E-02
449.0,6.32656956E-02
449.1,6.34128278E-02
449.2,6.35597239E-02
449.3,6.37063602E-02
449.4,6.38527131E-02
449.5,6.39987586E-02
449.6,6.41444724E-02
449.7,6.42898305E-02
449.8,6.44348081E-02
449.9,6.45793808E-02
450.0,6.47235235E-02
450.1,6.48672229E-02
450.2,6.50105117E-02
450.3,6.51534345E-02
450.4,6.52960366E-02
450.5,6.54383635E-02
450.6,6.55804611E-02
450.7,6.57223760E-02
450.8,6.58641550E-02
450.9,6.60058455E-02
451.0,6.61474951E-02
451.1,6.62891521E-02
451.2,6.64308650E-02
451.3,6.65726829E-02
451.4,6.67146553E-02
451.5,6.68568321E-02
451.6,6.69992635E-02
451.7,6.71420004E-02
451.8,6.72850940E-02
451.9,6.74285958E-02
452.0,6.75725581E-02
452.1,6.77170333E-02
452.2,6.78620743E-02
452.3,6.80077347E-02
452.4,6.81540683E-02
452.5,6.83011294E-02
452.6,6.84489730E-02
452.7,6.85976542E-02
452.8,6.87472288E-02
452.9,6.88977531E-02
453.0,6.90492838E-02
453.1,6.92018782E-02
453.2,6.93555940E-02
453.3,6.95104896E-02
453.4,6.96666236E-02
453.5,6.98240555E-02
453.6,6.99828451E-02
453.7,7.01430528E-02
453.8,7.03047396E-02
453.9,7.04679672E-02
454.0,7.06327977E-02
454.1,7.07992939E-02
454.2,7.09675191E-02
454.3,7.11375374E-02
454.4,7.13094135E-02
454.5,7.14832126E-02
454.6,7.16590009E-02
454.7,7.18368449E-02
454.8,7.20168122E-02
454.9,7.21989707E-02
455.0,7.23833895E-02
455.1,7.25701303E-02
455.2,7.27592243E-02
455.3,7.29506951E-02
455.4,7.31445668E-02
455.5,7.33408635E-02
455.6,7.35396099E-02
455.7,7.37408310E-02
455.8,7.39445518E-02
455.9,7.41507981E-02
456.0,7.43595956E-02
456.1,7.45709706E-02
456.2,7.47849497E-02
456.3,7.50015597E-02
456.4,7.52208280E-02
456.5,7.54427822E-02
456.6,7.56674502E-02
456.7,7.58948606E-02
456.8,7.61250418E-02
456.9,7.63580232E-02
457.0,7.65938343E-02
457.1,7.68325048E-02
457.2,7.70740652E-02
457.3,7.73185462E-02
457.4,7.75659788E-02
457.5,7.78163948E-02
457.6,7.80698259E-02
457.7,7.83263047E-02
457.8,7.85858640E-02
457.9,7.88485371E-02
458.0,7.91143579E-02
458.1,7.93833604E-02
458.2,7.96555795E-02
458.3,7.99310503E-02
458.4,8.02098085E-02
458.5,8.04918902E-02
458.6,8.07773322E-02
458.7,8.10661716E-02
458.8,8.13584461E-02
458.9,8.16541939E-02
459.0,8.19534539E-02
459.1,8.22562653E-02
459.2,8.25626681E-02
459.3,8.28727027E-02
459.4,8.31864101E-02
459.5,8.35038319E-02
459.6,8.38250103E-02
459.7,8.41499881E-02
459.8,8.44788089E-02
459.9,8.48115165E-02
460.0,8.51481558E-02
460.1,8.54887580E-02
460.2,8.58332987E-02
460.3,8.61817389E-02
460.4,8.65340388E-02
460.5,8.68901579E-02
460.6,8.72500550E-02
460.7,8.76136878E-02
460.8,8.79810135E-02
460.9,8.83519882E-02
461.0,8.87265674E-02
461.1,8.91047053E-02
461.2,8.94863554E-02
461.3,8.98714702E-02
461.4,9.02600012E-02
461.5,9.06518988E-02
461.6,9.10471124E-02
461.7,9.14455903E-02
461.8,9.18472798E-02
461.9,9.22521269E-02
462.0,9.26600767E-02
462.1,9.30710727E-02
462.2,9.34850577E-02
462.3,9.39019728E-02
462.4,9.43217583E-02
462.5,9.47443529E-02
462.6,9.51696940E-02
462.7,9.55977179E-02
462.8,9.60283594E-02
462.9,9.64615520E-02
463.0,9.68972276E-02
463.1,9.73353171E-02
463.2,9.77757497E-02
463.3,9.82184531E-02
463.4,9.86633536E-02
463.5,9.91103760E-02
463.6,9.95594438E-02
463.7,1.00010479E-01
463.8,1.00463401E-01
463.9,1.00918129E-01
464.0,1.01374580E-01
464.1,1.01832670E-01
464.2,1.02292312E-01
464.3,1.02753419E-01
464.4,1.03215902E-01
464.5,1.03679669E-01
464.6,1.04144627E-01
464.7,1.04610683E-01
464.8,1.05077741E-01
464.9,1.05545702E-01
465.0,1.06014468E-01
465.1,1.06483950E-01
465.2,1.06954117E-01
465.3,1.07424949E-01
465.4,1.07896427E-01
465.5,1.08368531E-01
465.6,1.08841241E-01
465.7,1.09314537E-01
465.8,1.09788399E-01
465.9,1.10262806E-01
466.0,1.10737737E-01
466.1,1.11213171E-01
466.2,1.11689087E-01
466.3,1.12165463E-01
466.4,1.12642278E-01
466.5,1.13119509E-01
466.6,1.13597134E-01
466.7,1.14075130E-01
466.8,1.14553475E-01
466.9,1.15032146E-01
467.0,1.15511119E-01
467.1,1.15990371E-01
467.2,1.16469877E-01
467.3,1.16949615E-01
467.4,1.17429560E-01
467.5,1.17909688E-01
467.6,1.18389973E-01
467.7,1.18870390E-01
467.8,1.19350915E-01
467.9,1.19831523E-01
468.0,1.20312186E-01
468.1,1.20792881E-01
468.2,1.21273579E-01
468.3,1.21754256E-01
468.4,1.22234884E-01
468.5,1.22715437E-01
468.6,1.23195888E-01
468.7,1.23676208E-01
468.8,1.24156372E-01
468.9,1.24636350E-01
469.0,1.25116115E-01
469.1,1.25595640E-01
469.2,1.26074894E-01
469.3,1.26553850E-01
469.4,1.27032480E-01
469.5,1.27510752E-01
469.6,1.27988640E-01
469.7,1.28466112E-01
469.8,1.28943139E-01
469.9,1.29419691E-01
470.0,1.29895739E-01
470.1,1.30371259E-01
470.2,1.30846261E-01
470.3,1.31320764E-01
470.4,1.31794787E-01
470.5,1.32268347E-01
470.6,1.32741466E-01
470.7,1.33214164E-01
470.8,1.33686460E-01
470.9,1.34158376E-01
471.0,1.34629934E-01
471.1,1.35101156E-01
471.2,1.35572065E-01
471.3,1.36042683E-01
471.4,1.36513034E-01
471.5,1.36983142E-01
471.6,1.37453032E-01
471.7,1.37922728E-01
471.8,1.38392257E-01
471.9,1.38861644E-01
472.0,1.39330916E-01
472.1,1.39800099E-01
472.2,1.40269221E-01
472.3,1.40738310E-01
472.4,1.41207394E-01
472.5,1.41676503E-01
472.6,1.42145665E-01
472.7,1.42614911E-01
472.8,1.43084271E-01
472.9,1.43553775E-01
473.0,1.44023455E-01
473.1,1.44493343E-01
473.2,1.44963471E-01
473.3,1.45433871E-01
473.4,1.45904578E-01
473.5,1.46375625E-01
473.6,1.46847046E-01
473.7,1.47318875E-01
473.8,1.47791149E-01
473.9,1.48263903E-01
474.0,1.48737172E-01
474.1,1.49210994E-01
474.2,1.49685407E-01
474.3,1.50160446E-01
474.4,1.50636152E-01
474.5,1.51112562E-01
474.6,1.51589717E-01
474.7,1.52067654E-01
474.8,1.52546416E-01
474.9,1.53026042E-01
475.0,1.53506574E-01
475.1,1.53988046E-01
475.2,1.54470470E-01
475.3,1.54953846E-01
475.4,1.55438178E-01
475.5,1.55923468E-01
475.6,1.56409721E-01
475.7,1.56896937E-01
475.8,1.57385121E-01
475.9,1.57874275E-01
476.0,1.58364402E-01
476.1,1.58855506E-01
476.2,1.59347588E-01
476.3,1.59840653E-01
476.4,1.60334703E-01
476.5,1.60829741E-01
476.6,1.61325770E-01
476.7,1.61822794E-01
476.8,1.62320816E-01
476.9,1.62819839E-01
477.0,1.63319866E-01
477.1,1.63820901E-01
477.2,1.64322946E-01
477.3,1.64826005E-01
477.4,1.65330082E-01
477.5,1.65835179E-01
477.6,1.66341301E-01
477.7,1.66848450E-01
477.8,1.67356630E-01
477.9,1.67865845E-01
478.0,1.68376097E-01
478.1,1.68887392E-01
478.2,1.69399731E-01
478.3,1.69913119E-01
478.4,1.70427559E-01
478.5,1.70943056E-01
478.6,1.71459612E-01
478.7,1.71977232E-01
478.8,1.72495918E-01
478.9,1.73015676E-01
479.0,1.73536509E-01
479.1,1.74058420E-01
479.2,1.74581413E-01
479.3,1.75105493E-01
479.4,1.75630664E-01
479.5,1.76156929E-01
479.6,1.76684292E-01
479.7,1.77212757E-01
479.8,1.77742329E-01
479.9,1.78273011E-01
480.0,1.78804807E-01
480.1,1.79337720E-01
480.2,1.79871737E-01
480.3,1.80406845E-01
480.4,1.80943029E-01
480.5,1.81480274E-01
480.6,1.82018567E-01
480.7,1.82557891E-01
480.8,1.83098232E-01
480.9,1.83639575E-01
481.0,1.84181904E-01
481.1,1.84725203E-01
481.2,1.85269457E-01
481.3,1.85814650E-01
481.4,1.86360765E-01
481.5,1.86907786E-01
481.6,1.87455696E-01
481.7,1.88004479E-01
481.8,1.88554118E-01
481.9,1.89104596E-01
482.0,1.89655895E-01
482.1,1.90207998E-01
482.2,1.90760886E-01
482.3,1.91314543E-01
482.4,1.91868950E-01
482.5,1.92424088E-01
482.6,1.92979940E-01
482.7,1.93536487E-01
482.8,1.94093709E-01
482.9,1.94651587E-01
483.0,1.95210103E-01
483.1,1.95769237E-01
483.2,1.96328969E-01
483.3,1.96889279E-01
483.4,1.97450148E-01
483.5,1.98011555E-01
483.6,1.98573479E-01
483.7,1.99135900E-01
483.8,1.99698798E-01
483.9,2.00262150E-01
484.0,2.00825936E-01
484.1,2.01390134E-01
484.2,2.01954723E-01
484.3,2.02519681E-01
484.4,2.03084986E-01
484.5,2.03650615E-01
484.6,2.04216546E-01
484.7,2.04782757E-01
484.8,2.05349224E-01
484.9,2.05915925E-01
485.0,2.06482836E-01
485.1,2.07049958E-01
485.2,2.07617386E-01
485.3,2.08185241E-01
485.4,2.08753646E-01
485.5,2.09322723E-01
485.6,2.09892599E-01
485.7,2.10463400E-01
485.8,2.11035252E-01
485.9,2.11608285E-01
486.0,2.12182630E-01
486.1,2.12758418E-01
486.2,2.13335783E-01
486.3,2.13914860E-01
486.4,2.14495784E-01
486.5,2.15078693E-01
486.6,2.15663727E-01
486.7,2.16251025E-01
486.8,2.16840729E-01
486.9,2.17432984E-01
487.0,2.18027933E-01
487.1,2.18625724E-01
487.2,2.19226504E-01
487.3,2.19830423E-01
487.4,2.20437633E-01
487.5,2.21048285E-01
487.6,2.21662534E-01
487.7,2.22280536E-01
487.8,2.22902449E-01
487.9,2.23528433E-01
488.0,2.24158647E-01
488.1,2.24793256E-01
488.2,2.25432423E-01
488.3,2.26076315E-01
488.4,2.26725100E-01
488.5,2.27378949E-01
488.6,2.28038032E-01
488.7,2.28702525E-01
488.8,2.29372602E-01
488.9,2.30048443E-01
489.0,2.30730226E-01
489.1,2.31418133E-01
489.2,2.32112349E-01
489.3,2.32813060E-01
489.4,2.33520455E-01
489.5,2.34234723E-01
489.6,2.34956059E-01
489.7,2.35684657E-01
489.8,2.36420715E-01
489.9,2.37164434E-01
490.0,2.37916015E-01
490.1,2.38675626E-01
490.2,2.39443278E-01
490.3,2.40218943E-01
490.4,2.41002593E-01
490.5,2.41794199E-01
490.6,2.42593734E-01
490.7,2.43401167E-01
490.8,2.44216469E-01
490.9,2.45039610E-01
491.0,2.45870558E-01
491.1,2.46709283E-01
491.2,2.47555752E-01
491.3,2.48409932E-01
491.4,2.49271791E-01
491.5,2.50141295E-01
491.6,2.51018410E-01
491.7,2.51903099E-01
491.8,2.52795328E-01
491.9,2.53695060E-01
492.0,2.54602257E-01
492.1,2.55516882E-01
492.2,2.56438895E-01
492.3,2.57368257E-01
492.4,2.58304928E-01
492.5,2.59248865E-01
492.6,2.60200028E-01
492.7,2.61158372E-01
492.8,2.62123853E-01
492.9,2.63096427E-01
493.0,2.64076047E-01
493.1,2.65062667E-01
493.2,2.66056239E-01
493.3,2.67056713E-01
493.4,2.68064040E-01
493.5,2.69078168E-01
493.6,2.70099046E-01
493.7,2.71126619E-01
493.8,2.72160834E-01
493.9,2.73201635E-01
494.0,2.74248964E-01
494.1,2.75302765E-01
494.2,2.76362977E-01
494.3,2.77429540E-01
494.4,2.78502393E-01
494.5,2.79581472E-01
494.6,2.80666713E-01
494.7,2.81758051E-01
494.8,2.82855418E-01
494.9,2.83958746E-01
495.0,2.85067964E-01
495.1,2.86183019E-01
495.2,2.87303913E-01
495.3,2.88430666E-01
495.4,2.89563299E-01
495.5,2.90701831E-01
495.6,2.91846281E-01
495.7,2.92996670E-01
495.8,2.94153017E-01
495.9,2.95315341E-01
496.0,2.96483662E-01
496.1,2.97658001E-01
496.2,2.98838375E-01
496.3,3.00024805E-01
496.4,3.01217311E-01
496.5,3.02415911E-01
496.6,3.03620625E-01
496.7,3.04831473E-01
496.8,3.06048473E-01
496.9,3.07271645E-01
497.0,3.08501008E-01
497.1,3.09736582E-01
497.2,3.10978385E-01
497.3,3.12226436E-01
497.4,3.13480755E-01
497.5,3.14741361E-01
497.6,3.16008272E-01
497.7,3.17281506E-01
497.8,3.18561084E-01
497.9,3.19847024E-01
498.0,3.21139344E-01
498.1,3.22438062E-01
498.2,3.23743199E-01
498.3,3.25054770E-01
498.4,3.26372796E-01
498.5,3.27697295E-01
498.6,3.29028284E-01
498.7,3.30365781E-01
498.8,3.31709806E-01
498.9,3.33060375E-01
499.0,3.34417507E-01
499.1,3.35781219E-01
499.2,3.37151529E-01
499.3,3.38528454E-01
499.4,3.39912012E-01
499.5,3.41302221E-01
499.6,3.42699097E-01
499.7,3.44102658E-01
499.8,3.45512921E-01
499.9,3.46929903E-01
500.0,3.48353620E-01
500.1,3.49784085E-01
500.2,3.51221291E-01
500.3,3.52665226E-01
500.4,3.54115878E-01
500.5,3.55573235E-01
500.6,3.57037283E-01
500.7,3.58508007E-01
500.8,3.59985393E-01
500.9,3.61469427E-01
501.0,3.62960092E-01
501.1,3.64457371E-01
501.2,3.65961249E-01
501.3,3.67471706E-01
501.4,3.68988725E-01
501.5,3.70512288E-01
501.6,3.72042373E-01
501.7,3.73578961E-01
501.8,3.75122032E-01
501.9,3.76671563E-01
502.0,3.78227532E-01
502.1,3.79789916E-01
502.2,3.81358691E-01
502.3,3.82933834E-01
502.4,3.84515318E-01
502.5,3.86103119E-01
502.6,3.87697209E-01
502.7,3.89297561E-01
502.8,3.90904147E-01
502.9,3.92516939E-01
503.0,3.94135906E-01
503.1,3.95761019E-01
503.2,3.97392246E-01
503.3,3.99029556E-01
503.4,4.00672915E-01
503.5,4.02322290E-01
503.6,4.03977647E-01
503.7,4.05638951E-01
503.8,4.07306165E-01
503.9,4.08979253E-01
504.0,4.10658178E-01
504.1,4.12342901E-01
504.2,4.14033382E-01
504.3,4.15729581E-01
504.4,4.17431458E-01
504.5,4.19138970E-01
504.6,4.20852074E-01
504.7,4.22570727E-01
504.8,4.24294885E-01
504.9,4.26024501E-01
505.0,4.27759529E-01
505.1,4.29499925E-01
505.2,4.31245653E-01
505.3,4.32996681E-01
505.4,4.34752975E-01
505.5,4.36514501E-01
505.6,4.38281223E-01
505.7,4.40053105E-01
505.8,4.41830112E-01
505.9,4.43612206E-01
506.0,4.45399349E-01
506.1,4.47191502E-01
506.2,4.48988627E-01
506.3,4.50790683E-01
506.4,4.52597629E-01
506.5,4.54409424E-01
506.6,4.56226025E-01
506.7,4.58047390E-01
506.8,4.59873474E-01
506.9,4.61704234E-01
507.0,4.63539623E-01
507.1,4.65379596E-01
507.2,4.67224106E-01
507.3,4.69073106E-01
507.4,4.70926546E-01
507.5,4.72784378E-01
507.6,4.74646552E-01
507.7,4.76513017E-01
507.8,4.78383721E-01
507.9,4.80258613E-01
508.0,4.82137638E-01
508.1,4.84020744E-01
508.2,4.85907875E-01
508.3,4.87798975E-01
508.4,4.89693989E-01
508.5,4.91592859E-01
508.6,4.93495526E-01
508.7,4.95401933E-01
508.8,4.97312020E-01
508.9,4.99225725E-01
509.0,5.01142988E-01
509.1,5.03063746E-01
509.2,5.04987936E-01
509.3,5.06915494E-01
509.4,5.08846356E-01
509.5,5.10780456E-01
509.6,5.12717727E-01
509.7,5.14658102E-01
509.8,5.16601513E-01
509.9,5.18547891E-01
510.0,5.20497165E-01
510.1,5.22449271E-01
510.2,5.24404163E-01
510.3,5.26361801E-01
510.4,5.28322145E-01
510.5,5.30285153E-01
510.6,5.32250784E-01
510.7,5.34218997E-01
510.8,5.36189748E-01
510.9,5.38162995E-01
511.0,5.40138695E-01
511.1,5.42116804E-01
511.2,5.44097278E-01
511.3,5.46080072E-01
511.4,5.48065142E-01
511.5,5.50052441E-01
511.6,5.52041924E-01
511.7,5.54033545E-01
511.8,5.56027256E-01
511.9,5.58023011E-01
512.0,5.60020761E-01
512.1,5.62020459E-01
512.2,5.64022055E-01
512.3,5.66025501E-01
512.4,5.68030747E-01
512.5,5.70037743E-01
512.6,5.72046438E-01
512.7,5.74056782E-01
512.8,5.76068723E-01
512.9,5.78082209E-01
513.0,5.80097189E-01
513.1,5.82113608E-01
513.2,5.84131414E-01
513.3,5.86150554E-01
513.4,5.88170972E-01
513.5,5.90192615E-01
513.6,5.92215427E-01
513.7,5.94239353E-01
513.8,5.96264337E-01
513.9,5.98290321E-01
514.0,6.00317250E-01
514.1,6.02345066E-01
514.2,6.04373711E-01
514.3,6.06403127E-01
514.4,6.08433254E-01
514.5,6.10464035E-01
514.6,6.12495408E-01
514.7,6.14527314E-01
514.8,6.16559693E-01
514.9,6.18592482E-01
515.0,6.20625622E-01
515.1,6.22659027E-01
515.2,6.24692525E-01
515.3,6.26725920E-01
515.4,6.28759012E-01
515.5,6.30791602E-01
515.6,6.32823486E-01
515.7,6.34854460E-01
515.8,6.36884315E-01
515.9,6.38912844E-01
516.0,6.40939835E-01
516.1,6.42965074E-01
516.2,6.44988347E-01
516.3,6.47009436E-01
516.4,6.49028121E-01
516.5,6.51044181E-01
516.6,6.53057393E-01
516.7,6.55067530E-01
516.8,6.57074366E-01
516.9,6.59077671E-01
517.0,6.61077213E-01
517.1,6.63072759E-01
517.2,6.65064073E-01
517.3,6.67050918E-01
517.4,6.69033055E-01
517.5,6.71010242E-01
517.6,6.72982237E-01
517.7,6.74948794E-01
517.8,6.76909666E-01
517.9,6.78864605E-01
518.0,6.80813360E-01
518.1,6.82755679E-01
518.2,6.84691308E-01
518.3,6.86619990E-01
518.4,6.88541470E-01
518.5,6.90455486E-01
518.6,6.92361779E-01
518.7,6.94260085E-01
518.8,6.96150141E-01
518.9,6.98031680E-01
519.0,6.99904436E-01
519.1,7.01768139E-01
519.2,7.03622519E-01
519.3,7.05467304E-01
519.4,7.07302221E-01
519.5,7.09126996E-01
519.6,7.10941351E-01
519.7,7.12745010E-01
519.8,7.14537694E-01
519.9,7.16319122E-01
520.0,7.18089015E-01
520.1,7.19847156E-01
520.2,7.21593599E-01
520.3,7.23328467E-01
520.4,7.25051886E-01
520.5,7.26763984E-01
520.6,7.28464892E-01
520.7,7.30154743E-01
520.8,7.31833675E-01
520.9,7.33501825E-01
521.0,7.35159335E-01
521.1,7.36806349E-01
521.2,7.38443014E-01
521.3,7.40069478E-01
521.4,7.41685892E-01
521.5,7.43292410E-01
521.6,7.44889188E-01
521.7,7.46476385E-01
521.8,7.48054161E-01
521.9,7.49622679E-01
522.0,7.51182105E-01
522.1,7.52732607E-01
522.2,7.54274353E-01
522.3,7.55807517E-01
522.4,7.57332273E-01
522.5,7.58848797E-01
522.6,7.60357268E-01
522.7,7.61857866E-01
522.8,7.63350775E-01
522.9,7.64836179E-01
523.0,7.66314265E-01
523.1,7.67785223E-01
523.2,7.69249243E-01
523.3,7.70706519E-01
523.4,7.72157246E-01
523.5,7.73601621E-01
523.6,7.75039843E-01
523.7,7.76472112E-01
523.8,7.77898632E-01
523.9,7.79319608E-01
524.0,7.80735246E-01
524.1,7.82145754E-01
524.2,7.83551344E-01
524.3,7.84952227E-01
524.4,7.86348617E-01
524.5,7.87740730E-01
524.6,7.89128785E-01
524.7,7.90513000E-01
524.8,7.91893596E-01
524.9,7.93270797E-01
525.0,7.94644827E-01
525.1,7.96015860E-01
525.2,7.97383858E-01
525.3,7.98748727E-01
525.4,8.00110376E-01
525.5,8.01468713E-01
525.6,8.02823643E-01
525.7,8.04175074E-01
525.8,8.05522910E-01
525.9,8.06867058E-01
526.0,8.08207422E-01
526.1,8.09543906E-01
526.2,8.10876416E-01
526.3,8.12204855E-01
526.4,8.13529125E-01
526.5,8.14849130E-01
526.6,8.16164772E-01
526.7,8.17475954E-01
526.8,8.18782577E-01
526.9,8.20084541E-01
527.0,8.21381749E-01
527.1,8.22674101E-01
527.2,8.23961496E-01
527.3,8.25243834E-01
527.4,8.26521015E-01
527.5,8.27792938E-01
527.6,8.29059501E-01
527.7,8.30320604E-01
527.8,8.31576142E-01
527.9,8.32826015E-01
528.0,8.34070120E-01
528.1,8.35308352E-01
528.2,8.36540610E-01
528.3,8.37766790E-01
528.4,8.38986786E-01
528.5,8.40200496E-01
528.6,8.41407814E-01
528.7,8.42608636E-01
528.8,8.43802857E-01
528.9,8.44990370E-01
529.0,8.46171070E-01
529.1,8.47344852E-01
529.2,8.48511609E-01
529.3,8.49671235E-01
529.4,8.50823622E-01
529.5,8.51968664E-01
529.6,8.53106254E-01
529.7,8.54236285E-01
529.8,8.55358648E-01
529.9,8.56473237E-01
530.0,8.57579942E-01
530.1,8.58678707E-01
530.2,8.59769678E-01
530.3,8.60853051E-01
530.4,8.61929027E-01
530.5,8.62997805E-01
530.6,8.64059587E-01
530.7,8.65114577E-01
530.8,8.66162979E-01
530.9,8.67204999E-01
531.0,8.68240843E-01
531.1,8.69270721E-01
531.2,8.70294841E-01
531.3,8.71313415E-01
531.4,8.72326655E-01
531.5,8.73334774E-01
531.6,8.74337987E-01
531.7,8.75336509E-01
531.8,8.76330557E-01
531.9,8.77320350E-01
532.0,8.78306107E-01
532.1,8.79288047E-01
532.2,8.80266393E-01
532.3,8.81241367E-01
532.4,8.82213193E-01
532.5,8.83182096E-01
532.6,8.84148302E-01
532.7,8.85112039E-01
532.8,8.86073533E-01
532.9,8.87033015E-01
533.0,8.87990714E-01
533.1,8.88946863E-01
533.2,8.89901694E-01
533.3,8.90855440E-01
533.4,8.91808336E-01
533.5,8.92760618E-01
533.6,8.93712522E-01
533.7,8.94664287E-01
533.8,8.95616151E-01
533.9,8.96568354E-01
534.0,8.97521138E-01
534.1,8.98474744E-01
534.2,8.99429415E-01
534.3,9.00385396E-01
534.4,9.01342932E-01
534.5,9.02302269E-01
534.6,9.03263656E-01
534.7,9.04227339E-01
534.8,9.05193570E-01
534.9,9.06162598E-01
535.0,9.07134676E-01
535.1,9.08109972E-01
535.2,9.09088321E-01
535.3,9.10069473E-01
535.4,9.11053175E-01
535.5,9.12039175E-01
535.6,9.13027218E-01
535.7,9.14017050E-01
535.8,9.15008415E-01
535.9,9.16001054E-01
536.0,9.16994711E-01
536.1,9.17989124E-01
536.2,9.18984034E-01
536.3,9.19979177E-01
536.4,9.20974292E-01
536.5,9.21969114E-01
536.6,9.22963377E-01
536.7,9.23956815E-01
536.8,9.24949161E-01
536.9,9.25940144E-01
537.0,9.26929497E-01
537.1,9.27916946E-01
537.2,9.28902220E-01
537.3,9.29885046E-01
537.4,9.30865149E-01
537.5,9.31842253E-01
537.6,9.32816082E-01
537.7,9.33786357E-01
537.8,9.34752801E-01
537.9,9.35715132E-01
538.0,9.36673070E-01
538.1,9.37626332E-01
538.2,9.38574636E-01
538.3,9.39517697E-01
538.4,9.40455230E-01
538.5,9.41386948E-01
538.6,9.42312565E-01
538.7,9.43231792E-01
538.8,9.44144340E-01
538.9,9.45049920E-01
539.0,9.45948239E-01
539.1,9.46839007E-01
539.2,9.47721931E-01
539.3,9.48596717E-01
539.4,9.49463070E-01
539.5,9.50320696E-01
539.6,9.51169299E-01
539.7,9.52008582E-01
539.8,9.52838247E-01
539.9,9.53657997E-01
540.0,9.54467533E-01
540.1,9.55266603E-01
540.2,9.56055149E-01
540.3,9.56833160E-01
540.4,9.57600625E-01
540.5,9.58357534E-01
540.6,9.59103878E-01
540.7,9.59839648E-01
540.8,9.60564834E-01
540.9,9.61279429E-01
541.0,9.61983425E-01
541.1,9.62676814E-01
541.2,9.63359589E-01
541.3,9.64031744E-01
541.4,9.64693271E-01
541.5,9.65344166E-01
541.6,9.65984423E-01
541.7,9.66614036E-01
541.8,9.67233001E-01
541.9,9.67841313E-01
542.0,9.68438970E-01
542.1,9.69025967E-01
542.2,9.69602301E-01
542.3,9.70167970E-01
542.4,9.70722971E-01
542.5,9.71267303E-01
542.6,9.71800963E-01
542.7,9.72323952E-01
542.8,9.72836268E-01
542.9,9.73337911E-01
543.0,9.73828881E-01
543.1,9.74309178E-01
543.2,9.74778804E-01
543.3,9.75237760E-01
543.4,9.75686047E-01
543.5,9.76123668E-01
543.6,9.76550625E-01
543.7,9.76966921E-01
543.8,9.77372559E-01
543.9,9.77767543E-01
544.0,9.78151877E-01
544.1,9.78525564E-01
544.2,9.78888611E-01
544.3,9.79241022E-01
544.4,9.79582802E-01
544.5,9.79913958E-01
544.6,9.80234496E-01
544.7,9.80544423E-01
544.8,9.80843745E-01
544.9,9.81132470E-01
545.0,9.81410606E-01
545.1,9.81678216E-01
545.2,9.81935585E-01
545.3,9.82183053E-01
545.4,9.82420963E-01
545.5,9.82649656E-01
545.6,9.82869474E-01
545.7,9.83080761E-01
545.8,9.83283860E-01
545.9,9.83479116E-01
546.0,9.83666873E-01
546.1,9.83847477E-01
546.2,9.84021272E-01
546.3,9.84188605E-01
546.4,9.84349822E-01
546.5,9.84505269E-01
546.6,9.84655294E-01
546.7,9.84800245E-01
546.8,9.84940467E-01
546.9,9.85076311E-01
547.0,9.85208122E-01
547.1,9.85336251E-01
547.2,9.85461045E-01
547.3,9.85582854E-01
547.4,9.85702026E-01
547.5,9.85818910E-01
547.6,9.85933857E-01
547.7,9.86047215E-01
547.8,9.86159335E-01
547.9,9.86270566E-01
548.0,9.86381259E-01
548.1,9.86491763E-01
548.2,9.86602430E-01
548.3,9.86713610E-01
548.4,9.86825653E-01
548.5,9.86938911E-01
548.6,9.87053735E-01
548.7,9.87170476E-01
548.8,9.87289485E-01
548.9,9.87411114E-01
549.0,9.87535716E-01
549.1,9.87663641E-01
549.2,9.87795243E-01
549.3,9.87930874E-01
549.4,9.88070887E-01
549.5,9.88215634E-01
549.6,9.88365470E-01
549.7,9.88520747E-01
549.8,9.88681819E-01
549.9,9.88849042E-01
550.0,9.89022768E-01
550.1,9.89203240E-01
550.2,9.89390237E-01
550.3,9.89583427E-01
550.4,9.89782476E-01
550.5,9.89987050E-01
550.6,9.90196815E-01
550.7,9.90411437E-01
550.8,9.90630583E-01
550.9,9.90853917E-01
551.0,9.91081106E-01
551.1,9.91311815E-01
551.2,9.91545709E-01
551.3,9.91782453E-01
551.4,9.92021711E-01
551.5,9.92263148E-01
551.6,9.92506429E-01
551.7,9.92751217E-01
551.8,9.92997175E-01
551.9,9.93243968E-01
552.0,9.93491258E-01
552.1,9.93738709E-01
552.2,9.93985982E-01
552.3,9.94232741E-01
552.4,9.94478647E-01
552.5,9.94723363E-01
552.6,9.94966549E-01
552.7,9.95207868E-01
552.8,9.95446979E-01
552.9,9.95683545E-01
553.0,9.95917225E-01
553.1,9.96147681E-01
553.2,9.96374572E-01
553.3,9.96597558E-01
553.4,9.96816299E-01
553.5,9.97030454E-01
553.6,9.97239684E-01
553.7,9.97443648E-01
553.8,9.97642004E-01
553.9,9.97834411E-01
554.0,9.98020530E-01
554.1,9.98200019E-01
554.2,9.98372536E-01
554.3,9.98537741E-01
554.4,9.98695293E-01
554.5,9.98844851E-01
554.6,9.98986074E-01
554.7,9.99118620E-01
554.8,9.99242150E-01
554.9,9.99356322E-01
555.0,9.99460797E-01
555.1,9.99555329E-01
555.2,9.99640057E-01
555.3,9.99715214E-01
555.4,9.99781033E-01
555.5,9.99837749E-01
555.6,9.99885596E-01
555.7,9.99924807E-01
555.8,9.99955619E-01
555.9,9.99978265E-01
556.0,9.99992980E-01
556.1,1.00000000E+00
556.2,9.99999559E-01
556.3,9.99991893E-01
556.4,9.99977236E-01
556.5,9.99955824E-01
556.6,9.99927892E-01
556.7,9.99893676E-01
556.8,9.99853411E-01
556.9,9.99807331E-01
557.0,9.99755673E-01
557.1,9.99698671E-01
557.2,9.99636561E-01
557.3,9.99569577E-01
557.4,9.99497954E-01
557.5,9.99421928E-01
557.6,9.99341732E-01
557.7,9.99257602E-01
557.8,9.99169772E-01
557.9,9.99078475E-01
558.0,9.98983947E-01
558.1,9.98886422E-01
558.2,9.98786132E-01
558.3,9.98683312E-01
558.4,9.98578195E-01
558.5,9.98471015E-01
558.6,9.98362004E-01
558.7,9.98251395E-01
558.8,9.98139422E-01
558.9,9.98026315E-01
559.0,9.97912309E-01
559.1,9.97797634E-01
559.2,9.97682523E-01
559.3,9.97567207E-01
559.4,9.97451918E-01
559.5,9.97336887E-01
559.6,9.97222344E-01
559.7,9.97108521E-01
559.8,9.96995648E-01
559.9,9.96883955E-01
560.0,9.96773672E-01
560.1,9.96664967E-01
560.2,9.96557751E-01
560.3,9.96451873E-01
560.4,9.96347182E-01
560.5,9.96243529E-01
560.6,9.96140763E-01
560.7,9.96038733E-01
560.8,9.95937290E-01
560.9,9.95836285E-01
561.0,9.95735567E-01
561.1,9.95634987E-01
561.2,9.95534398E-01
561.3,9.95433649E-01
561.4,9.95332592E-01
561.5,9.95231079E-01
561.6,9.95128961E-01
561.7,9.95026091E-01
561.8,9.94922321E-01
561.9,9.94817504E-01
562.0,9.94711491E-01
562.1,9.94604137E-01
562.2,9.94495294E-01
562.3,9.94384815E-01
562.4,9.94272555E-01
562.5,9.94158367E-01
562.6,9.94042105E-01
562.7,9.93923623E-01
562.8,9.93802776E-01
562.9,9.93679420E-01
563.0,9.93553408E-01
563.1,9.93424596E-01
563.2,9.93292841E-01
563.3,9.93157997E-01
563.4,9.93019921E-01
563.5,9.92878469E-01
563.6,9.92733498E-01
563.7,9.92584866E-01
563.8,9.92432428E-01
563.9,9.92276044E-01
564.0,9.92115570E-01
564.1,9.91950866E-01
564.2,9.91781789E-01
564.3,9.91608199E-01
564.4,9.91429954E-01
564.5,9.91246915E-01
564.6,9.91058942E-01
564.7,9.90865894E-01
564.8,9.90667632E-01
564.9,9.90464018E-01
565.0,9.90254912E-01
565.1,9.90040206E-01
565.2,9.89819902E-01
565.3,9.89594030E-01
565.4,9.89362622E-01
565.5,9.89125709E-01
565.6,9.88883321E-01
565.7,9.88635491E-01
565.8,9.88382247E-01
565.9,9.88123623E-01
566.0,9.87859647E-01
566.1,9.87590352E-01
566.2,9.87315767E-01
566.3,9.87035924E-01
566.4,9.86750854E-01
566.5,9.86460587E-01
566.6,9.86165153E-01
566.7,9.85864584E-01
566.8,9.85558909E-01
566.9,9.85248160E-01
567.0,9.84932366E-01
567.1,9.84611558E-01
567.2,9.84285767E-01
567.3,9.83955022E-01
567.4,9.83619355E-01
567.5,9.83278794E-01
567.6,9.82933370E-01
567.7,9.82583113E-01
567.8,9.82228053E-01
567.9,9.81868219E-01
568.0,9.81503643E-01
568.1,9.81134352E-01
568.2,9.80760377E-01
568.3,9.80381748E-01
568.4,9.79998493E-01
568.5,9.79610643E-01
568.6,9.79218225E-01
568.7,9.78821271E-01
568.8,9.78419808E-01
568.9,9.78013867E-01
569.0,9.77603474E-01
569.1,9.77188661E-01
569.2,9.76769454E-01
569.3,9.76345884E-01
569.4,9.75917978E-01
569.5,9.75485765E-01
569.6,9.75049273E-01
569.7,9.74608531E-01
569.8,9.74163566E-01
569.9,9.73714407E-01
570.0,9.73261082E-01
570.1,9.72803590E-01
570.2,9.72341815E-01
570.3,9.71875616E-01
570.4,9.71404849E-01
570.5,9.70929373E-01
570.6,9.70449045E-01
570.7,9.69963725E-01
570.8,9.69473272E-01
570.9,9.68977545E-01
571.0,9.68476405E-01
571.1,9.67969713E-01
571.2,9.67457329E-01
571.3,9.66939116E-01
571.4,9.66414935E-01
571.5,9.65884650E-01
571.6,9.65348124E-01
571.7,9.64805220E-01
571.8,9.64255803E-01
571.9,9.63699739E-01
572.0,9.63136891E-01
572.1,9.62567127E-01
572.2,9.61990314E-01
572.3,9.61406317E-01
572.4,9.60815007E-01
572.5,9.60216250E-01
572.6,9.59609916E-01
572.7,9.58995876E-01
572.8,9.58373998E-01
572.9,9.57744155E-01
573.0,9.57106219E-01
573.1,9.56460061E-01
573.2,9.55805555E-01
573.3,9.55142575E-01
573.4,9.54470996E-01
573.5,9.53790692E-01
573.6,9.53101541E-01
573.7,9.52403418E-01
573.8,9.51696201E-01
573.9,9.50979770E-01
574.0,9.50254002E-01
574.1,9.49518779E-01
574.2,9.48773981E-01
574.3,9.48019489E-01
574.4,9.47255187E-01
574.5,9.46480957E-01
574.6,9.45696684E-01
574.7,9.44902253E-01
574.8,9.44097550E-01
574.9,9.43282463E-01
575.0,9.42456879E-01
575.1,9.41620777E-01
575.2,9.40774501E-01
575.3,9.39918484E-01
575.4,9.39053157E-01
575.5,9.38178951E-01
575.6,9.37296296E-01
575.7,9.36405620E-01
575.8,9.35507349E-01
575.9,9.34601910E-01
576.0,9.33689727E-01
576.1,9.32771223E-01
576.2,9.31846820E-01
576.3,9.30916938E-01
576.4,9.29981996E-01
576.5,9.29042411E-01
576.6,9.28098599E-01
576.7,9.27150975E-01
576.8,9.26199951E-01
576.9,9.25245939E-01
577.0,9.24289349E-01
577.1,9.23330589E-01
577.2,9.22370065E-01
577.3,9.21408184E-01
577.4,9.20445347E-01
577.5,9.19481958E-01
577.6,9.18518417E-01
577.7,9.17555123E-01
577.8,9.16592472E-01
577.9,9.15630860E-01
578.0,9.14670682E-01
578.1,9.13712330E-01
578.2,9.12756194E-01
578.3,9.11802664E-01
578.4,9.10852128E-01
578.5,9.09904971E-01
578.6,9.08961580E-01
578.7,9.08022335E-01
578.8,9.07087621E-01
578.9,9.06157815E-01
579.0,9.05233298E-01
579.1,9.04314447E-01
579.2,9.03401636E-01
579.3,9.02495242E-01
579.4,9.01595636E-01
579.5,9.00703192E-01
579.6,8.99818278E-01
579.7,8.98941264E-01
579.8,8.98072519E-01
579.9,8.97212409E-01
580.0,8.96361299E-01
580.1,8.95519435E-01
580.2,8.94686588E-01
580.3,8.93862410E-01
580.4,8.93046554E-01
580.5,8.92238676E-01
580.6,8.91438432E-01
580.7,8.90645478E-01
580.8,8.89859472E-01
580.9,8.89080074E-01
581.0,8.88306943E-01
581.1,8.87539740E-01
581.2,8.86778127E-01
581.3,8.86021766E-01
581.4,8.85270322E-01
581.5,8.84523459E-01
581.6,8.83780842E-01
581.7,8.83042137E-01
581.8,8.82307011E-01
581.9,8.81575133E-01
582.0,8.80846170E-01
582.1,8.80119792E-01
582.2,8.79395669E-01
582.3,8.78673471E-01
582.4,8.77952872E-01
582.5,8.77233542E-01
582.6,8.76515156E-01
582.7,8.75797386E-01
582.8,8.75079908E-01
582.9,8.74362398E-01
583.0,8.73644530E-01
583.1,8.72925982E-01
583.2,8.72206432E-01
583.3,8.71485558E-01
583.4,8.70763039E-01
583.5,8.70038554E-01
583.6,8.69311786E-01
583.7,8.68582414E-01
583.8,8.67850122E-01
583.9,8.67114592E-01
584.0,8.66375509E-01
584.1,8.65632556E-01
584.2,8.64885420E-01
584.3,8.64133787E-01
584.4,8.63377344E-01
584.5,8.62615779E-01
584.6,8.61848783E-01
584.7,8.61076044E-01
584.8,8.60297254E-01
584.9,8.59512105E-01
585.0,8.58720290E-01
585.1,8.57921564E-01
585.2,8.57115928E-01
585.3,8.56303443E-01
585.4,8.55484172E-01
585.5,8.54658177E-01
585.6,8.53825521E-01
585.7,8.52986267E-01
585.8,8.52140477E-01
585.9,8.51288217E-01
586.0,8.50429548E-01
586.1,8.49564536E-01
586.2,8.48693245E-01
586.3,8.47815739E-01
586.4,8.46932083E-01
586.5,8.46042342E-01
586.6,8.45146582E-01
586.7,8.44244867E-01
586.8,8.43337264E-01
586.9,8.42423838E-01
587.0,8.41504656E-01
587.1,8.40579783E-01
587.2,8.39649287E-01
587.3,8.38713233E-01
587.4,8.37771689E-01
587.5,8.36824721E-01
587.6,8.35872397E-01
587.7,8.34914784E-01
587.8,8.33951950E-01
587.9,8.32983962E-01
588.0,8.32010888E-01
588.1,8.31032796E-01
588.2,8.30049753E-01
588.3,8.29061829E-01
588.4,8.28069091E-01
588.5,8.27071608E-01
588.6,8.26069448E-01
588.7,8.25062679E-01
588.8,8.24051372E-01
588.9,8.23035594E-01
589.0,8.22015415E-01
589.1,8.20990903E-01
589.2,8.19962128E-01
589.3,8.18929158E-01
589.4,8.17892064E-01
589.5,8.16850914E-01
589.6,8.15805778E-01
589.7,8.14756726E-01
589.8,8.13703826E-01
589.9,8.12647150E-01
590.0,8.11586765E-01
590.1,8.10522736E-01
590.2,8.09455097E-01
590.3,8.08383876E-01
590.4,8.07309101E-01
590.5,8.06230799E-01
590.6,8.05148999E-01
590.7,8.04063728E-01
590.8,8.02975012E-01
590.9,8.01882880E-01
591.0,8.00787358E-01
591.1,7.99688472E-01
591.2,7.98586251E-01
591.3,7.97480719E-01
591.4,7.96371904E-01
591.5,7.95259832E-01
591.6,7.94144529E-01
591.7,7.93026021E-01
591.8,7.91904334E-01
591.9,7.90779493E-01
592.0,7.89651524E-01
592.1,7.88520453E-01
592.2,7.87386304E-01
592.3,7.86249103E-01
592.4,7.85108874E-01
592.5,7.83965643E-01
592.6,7.82819434E-01
592.7,7.81670271E-01
592.8,7.80518179E-01
592.9,7.79363182E-01
593.0,7.78205305E-01
593.1,7.77044570E-01
593.2,7.75881002E-01
593.3,7.74714625E-01
593.4,7.73545461E-01
593.5,7.72373535E-01
593.6,7.71198869E-01
593.7,7.70021486E-01
593.8,7.68841409E-01
593.9,7.67658662E-01
594.0,7.66473265E-01
594.1,7.65285243E-01
594.2,7.64094617E-01
594.3,7.62901410E-01
594.4,7.61705642E-01
594.5,7.60507338E-01
594.6,7.59306517E-01
594.7,7.58103201E-01
594.8,7.56897413E-01
594.9,7.55689173E-01
595.0,7.54478503E-01
595.1,7.53265427E-01
595.2,7.52049991E-01
595.3,7.50832241E-01
595.4,7.49612227E-01
595.5,7.48389996E-01
595.6,7.47165596E-01
595.7,7.45939075E-01
595.8,7.44710481E-01
595.9,7.43479862E-01
596.0,7.42247265E-01
596.1,7.41012738E-01
596.2,7.39776328E-01
596.3,7.38538083E-01
596.4,7.37298050E-01
596.5,7.36056276E-01
596.6,7.34812808E-01
596.7,7.33567694E-01
596.8,7.32320979E-01
596.9,7.31072711E-01
597.0,7.29822936E-01
597.1,7.28571701E-01
597.2,7.27319053E-01
597.3,7.26065036E-01
597.4,7.24809699E-01
597.5,7.23553086E-01
597.6,7.22295244E-01
597.7,7.21036218E-01
597.8,7.19776055E-01
597.9,7.18514799E-01
598.0,7.17252496E-01
598.1,7.15989192E-01
598.2,7.14724931E-01
598.3,7.13459759E-01
598.4,7.12193720E-01
598.5,7.10926859E-01
598.6,7.09659221E-01
598.7,7.08390850E-01
598.8,7.07121791E-01
598.9,7.05852088E-01
599.0,7.04581785E-01
599.1,7.03310925E-01
599.2,7.02039553E-01
599.3,7.00767712E-01
599.4,6.99495445E-01
599.5,6.98222796E-01
599.6,6.96949808E-01
599.7,6.95676524E-01
599.8,6.94402987E-01
599.9,6.93129240E-01
600.0,6.91855324E-01
600.1,6.90581267E-01
600.2,6.89307035E-01
600.3,6.88032576E-01
600.4,6.86757842E-01
600.5,6.85482781E-01
600.6,6.84207346E-01
600.7,6.82931486E-01
600.8,6.81655152E-01
600.9,6.80378296E-01
601.0,6.79100869E-01
601.1,6.77822822E-01
601.2,6.76544107E-01
601.3,6.75264677E-01
601.4,6.73984483E-01
601.5,6.72703477E-01
601.6,6.71421613E-01
601.7,6.70138844E-01
601.8,6.68855123E-01
601.9,6.67570402E-01
602.0,6.66284636E-01
602.1,6.64997779E-01
602.2,6.63709784E-01
602.3,6.62420607E-01
602.4,6.61130201E-01
602.5,6.59838522E-01
602.6,6.58545525E-01
602.7,6.57251165E-01
602.8,6.55955398E-01
602.9,6.54658180E-01
603.0,6.53359468E-01
603.1,6.52059217E-01
603.2,6.50757385E-01
603.3,6.49453929E-01
603.4,6.48148806E-01
603.5,6.46841974E-01
603.6,6.45533391E-01
603.7,6.44223015E-01
603.8,6.42910806E-01
603.9,6.41596721E-01
604.0,6.40280720E-01
604.1,6.38962762E-01
604.2,6.37642809E-01
604.3,6.36320819E-01
604.4,6.34996753E-01
604.5,6.33670573E-01
604.6,6.32342240E-01
604.7,6.31011714E-01
604.8,6.29678959E-01
604.9,6.28343936E-01
605.0,6.27006608E-01
605.1,6.25666955E-01
605.2,6.24325022E-01
605.3,6.22980871E-01
605.4,6.21634563E-01
605.5,6.20286159E-01
605.6,6.18935721E-01
605.7,6.17583310E-01
605.8,6.16228984E-01
605.9,6.14872806E-01
606.0,6.13514833E-01
606.1,6.12155127E-01
606.2,6.10793746E-01
606.3,6.09430749E-01
606.4,6.08066195E-01
606.5,6.06700141E-01
606.6,6.05332647E-01
606.7,6.03963770E-01
606.8,6.02593568E-01
606.9,6.01222097E-01
607.0,5.99849414E-01
607.1,5.98475576E-01
607.2,5.97100640E-01
607.3,5.95724660E-01
607.4,5.94347694E-01
607.5,5.92969795E-01
607.6,5.91591019E-01
607.7,5.90211421E-01
607.8,5.88831055E-01
607.9,5.87449975E-01
608.0,5.86068235E-01
608.1,5.84685888E-01
608.2,5.83302987E-01
608.3,5.81919585E-01
608.4,5.80535734E-01
608.5,5.79151486E-01
608.6,5.77766894E-01
608.7,5.76382009E-01
608.8,5.74996881E-01
608.9,5.73611561E-01
609.0,5.72226101E-01
609.1,5.70840549E-01
609.2,5.69454956E-01
609.3,5.68069371E-01
609.4,5.66683844E-01
609.5,5.65298422E-01
609.6,5.63913155E-01
609.7,5.62528090E-01
609.8,5.61143276E-01
609.9,5.59758759E-01
610.0,5.58374588E-01
610.1,5.56990799E-01
610.2,5.55607396E-01
610.3,5.54224375E-01
610.4,5.52841730E-01
610.5,5.51459458E-01
610.6,5.50077553E-01
610.7,5.48696011E-01
610.8,5.47314829E-01
610.9,5.45934001E-01
611.0,5.44553524E-01
611.1,5.43173395E-01
611.2,5.41793609E-01
611.3,5.40414163E-01
611.4,5.39035054E-01
611.5,5.37656279E-01
611.6,5.36277835E-01
611.7,5.34899718E-01
611.8,5.33521926E-01
611.9,5.32144456E-01
612.0,5.30767307E-01
612.1,5.29390475E-01
612.2,5.28013958E-01
612.3,5.26637754E-01
612.4,5.25261862E-01
612.5,5.23886279E-01
612.6,5.22511005E-01
612.7,5.21136037E-01
612.8,5.19761374E-01
612.9,5.18387015E-01
613.0,5.17012959E-01
613.1,5.15639205E-01
613.2,5.14265752E-01
613.3,5.12892599E-01
613.4,5.11519747E-01
613.5,5.10147194E-01
613.6,5.08774940E-01
613.7,5.07402986E-01
613.8,5.06031331E-01
613.9,5.04659976E-01
614.0,5.03288920E-01
614.1,5.01918165E-01
614.2,5.00547710E-01
614.3,4.99177557E-01
614.4,4.97807706E-01
614.5,4.96438158E-01
614.6,4.95068914E-01
614.7,4.93699977E-01
614.8,4.92331346E-01
614.9,4.90963023E-01
615.0,4.89595011E-01
615.1,4.88227323E-01
615.2,4.86860021E-01
615.3,4.85493179E-01
615.4,4.84126870E-01
615.5,4.82761167E-01
615.6,4.81396143E-01
615.7,4.80031867E-01
615.8,4.78668412E-01
615.9,4.77305847E-01
616.0,4.75944242E-01
616.1,4.74583666E-01
616.2,4.73224186E-01
616.3,4.71865872E-01
616.4,4.70508790E-01
616.5,4.69153006E-01
616.6,4.67798586E-01
616.7,4.66445596E-01
616.8,4.65094099E-01
616.9,4.63744161E-01
617.0,4.62395844E-01
617.1,4.61049211E-01
617.2,4.59704325E-01
617.3,4.58361247E-01
617.4,4.57020037E-01
617.5,4.55680756E-01
617.6,4.54343464E-01
617.7,4.53008220E-01
617.8,4.51675083E-01
617.9,4.50344109E-01
618.0,4.49015357E-01
618.1,4.47688883E-01
618.2,4.46364743E-01
618.3,4.45042993E-01
618.4,4.43723687E-01
618.5,4.42406879E-01
618.6,4.41092624E-01
618.7,4.39780975E-01
618.8,4.38471983E-01
618.9,4.37165701E-01
619.0,4.35862179E-01
619.1,4.34561470E-01
619.2,4.33263622E-01
619.3,4.31968685E-01
619.4,4.30676709E-01
619.5,4.29387741E-01
619.6,4.28101830E-01
619.7,4.26819022E-01
619.8,4.25539365E-01
619.9,4.24262904E-01
620.0,4.22989685E-01
620.1,4.21719721E-01
620.2,4.20452904E-01
620.3,4.19189093E-01
620.4,4.17928151E-01
620.5,4.16669939E-01
620.6,4.15414324E-01
620.7,4.14161170E-01
620.8,4.12910345E-01
620.9,4.11661717E-01
621.0,4.10415157E-01
621.1,4.09170536E-01
621.2,4.07927727E-01
621.3,4.06686603E-01
621.4,4.05447041E-01
621.5,4.04208917E-01
621.6,4.02972108E-01
621.7,4.01736496E-01
621.8,4.00501959E-01
621.9,3.99268382E-01
622.0,3.98035647E-01
622.1,3.96803640E-01
622.2,3.95572246E-01
622.3,3.94341353E-01
622.4,3.93110851E-01
622.5,3.91880629E-01
622.6,3.90650580E-01
622.7,3.89420598E-01
622.8,3.88190575E-01
622.9,3.86960409E-01
623.0,3.85729996E-01
623.1,3.84499236E-01
623.2,3.83268029E-01
623.3,3.82036275E-01
623.4,3.80803879E-01
623.5,3.79570744E-01
623.6,3.78336777E-01
623.7,3.77101884E-01
623.8,3.75865974E-01
623.9,3.74628957E-01
624.0,3.73390745E-01
624.1,3.72151251E-01
624.2,3.70910390E-01
624.3,3.69668076E-01
624.4,3.68424228E-01
624.5,3.67178765E-01
624.6,3.65931607E-01
624.7,3.64682675E-01
624.8,3.63431894E-01
624.9,3.62179187E-01
625.0,3.60924483E-01
625.1,3.59667742E-01
625.2,3.58409067E-01
625.3,3.57148592E-01
625.4,3.55886450E-01
625.5,3.54622775E-01
625.6,3.53357698E-01
625.7,3.52091350E-01
625.8,3.50823858E-01
625.9,3.49555353E-01
626.0,3.48285959E-01
626.1,3.47015804E-01
626.2,3.45745011E-01
626.3,3.44473703E-01
626.4,3.43202004E-01
626.5,3.41930033E-01
626.6,3.40657910E-01
626.7,3.39385753E-01
626.8,3.38113680E-01
626.9,3.36841807E-01
627.0,3.35570247E-01
627.1,3.34299116E-01
627.2,3.33028523E-01
627.3,3.31758582E-01
627.4,3.30489400E-01
627.5,3.29221087E-01
627.6,3.27953750E-01
627.7,3.26687494E-01
627.8,3.25422424E-01
627.9,3.24158643E-01
628.0,3.22896253E-01
628.1,3.21635355E-01
628.2,3.20376049E-01
628.3,3.19118432E-01
628.4,3.17862602E-01
628.5,3.16608653E-01
628.6,3.15356682E-01
628.7,3.14106780E-01
628.8,3.12859039E-01
628.9,3.11613550E-01
629.0,3.10370403E-01
629.1,3.09129685E-01
629.2,3.07891484E-01
629.3,3.06655885E-01
629.4,3.05422971E-01
629.5,3.04192828E-01
629.6,3.02965535E-01
629.7,3.01741174E-01
629.8,3.00519825E-01
629.9,2.99301565E-01
630.0,2.98086471E-01
630.1,2.96874610E-01
630.2,2.95666005E-01
630.3,2.94460670E-01
630.4,2.93258619E-01
630.5,2.92059864E-01
630.6,2.90864418E-01
630.7,2.89672295E-01
630.8,2.88483505E-01
630.9,2.87298062E-01
631.0,2.86115977E-01
631.1,2.84937261E-01
631.2,2.83761926E-01
631.3,2.82589983E-01
631.4,2.81421442E-01
631.5,2.80256314E-01
631.6,2.79094609E-01
631.7,2.77936338E-01
631.8,2.76781509E-01
631.9,2.75630132E-01
632.0,2.74482216E-01
632.1,2.73337771E-01
632.2,2.72196804E-01
632.3,2.71059325E-01
632.4,2.69925342E-01
632.5,2.68794862E-01
632.6,2.67667893E-01
632.7,2.66544444E-01
632.8,2.65424520E-01
632.9,2.64308130E-01
633.0,2.63195279E-01
633.1,2.62085975E-01
633.2,2.60980224E-01
633.3,2.59878031E-01
633.4,2.58779404E-01
633.5,2.57684347E-01
633.6,2.56592866E-01
633.7,2.55504966E-01
633.8,2.54420652E-01
633.9,2.53339930E-01
634.0,2.52262803E-01
634.1,2.51189276E-01
634.2,2.50119354E-01
634.3,2.49053039E-01
634.4,2.47990337E-01
634.5,2.46931250E-01
634.6,2.45875783E-01
634.7,2.44823937E-01
634.8,2.43775717E-01
634.9,2.42731124E-01
635.0,2.41690162E-01
635.1,2.40652833E-01
635.2,2.39619140E-01
635.3,2.38589088E-01
635.4,2.37562679E-01
635.5,2.36539916E-01
635.6,2.35520804E-01
635.7,2.34505344E-01
635.8,2.33493539E-01
635.9,2.32485392E-01
636.0,2.31480905E-01
636.1,2.30480081E-01
636.2,2.29482921E-01
636.3,2.28489428E-01
636.4,2.27499603E-01
636.5,2.26513449E-01
636.6,2.25530965E-01
636.7,2.24552155E-01
636.8,2.23577019E-01
636.9,2.22605558E-01
637.0,2.21637773E-01
637.1,2.20673664E-01
637.2,2.19713233E-01
637.3,2.18756480E-01
637.4,2.17803405E-01
637.5,2.16854009E-01
637.6,2.15908291E-01
637.7,2.14966251E-01
637.8,2.14027890E-01
637.9,2.13093206E-01
638.0,2.12162199E-01
638.1,2.11234870E-01
638.2,2.10311215E-01
638.3,2.09391236E-01
638.4,2.08474931E-01
638.5,2.07562299E-01
638.6,2.06653338E-01
638.7,2.05748047E-01
638.8,2.04846425E-01
638.9,2.03948469E-01
639.0,2.03054179E-01
639.1,2.02163551E-01
639.2,2.01276585E-01
639.3,2.00393278E-01
639.4,1.99513627E-01
639.5,1.98637631E-01
639.6,1.97765286E-01
639.7,1.96896591E-01
639.8,1.96031542E-01
639.9,1.95170136E-01
640.0,1.94312371E-01
640.1,1.93458232E-01
640.2,1.92607656E-01
640.3,1.91760569E-01
640.4,1.90916900E-01
640.5,1.90076577E-01
640.6,1.89239528E-01
640.7,1.88405686E-01
640.8,1.87574979E-01
640.9,1.86747342E-01
641.0,1.85922707E-01
641.1,1.85101008E-01
641.2,1.84282180E-01
641.3,1.83466159E-01
641.4,1.82652882E-01
641.5,1.81842286E-01
641.6,1.81034309E-01
641.7,1.80228892E-01
641.8,1.79425974E-01
641.9,1.78625497E-01
642.0,1.77827403E-01
642.1,1.77031634E-01
642.2,1.76238134E-01
642.3,1.75446848E-01
642.4,1.74657722E-01
642.5,1.73870701E-01
642.6,1.73085732E-01
642.7,1.72302765E-01
642.8,1.71521747E-01
642.9,1.70742629E-01
643.0,1.69965360E-01
643.1,1.69189892E-01
643.2,1.68416178E-01
643.3,1.67644171E-01
643.4,1.66873824E-01
643.5,1.66105092E-01
643.6,1.65337931E-01
643.7,1.64572297E-01
643.8,1.63808147E-01
643.9,1.63045439E-01
644.0,1.62284133E-01
644.1,1.61524188E-01
644.2,1.60765564E-01
644.3,1.60008223E-01
644.4,1.59252127E-01
644.5,1.58497240E-01
644.6,1.57743524E-01
644.7,1.56990945E-01
644.8,1.56239468E-01
644.9,1.55489060E-01
645.0,1.54739687E-01
645.1,1.53991330E-01
645.2,1.53244020E-01
645.3,1.52497798E-01
645.4,1.51752705E-01
645.5,1.51008784E-01
645.6,1.50266074E-01
645.7,1.49524616E-01
645.8,1.48784450E-01
645.9,1.48045614E-01
646.0,1.47308147E-01
646.1,1.46572088E-01
646.2,1.45837474E-01
646.3,1.45104341E-01
646.4,1.44372728E-01
646.5,1.43642669E-01
646.6,1.42914201E-01
646.7,1.42187357E-01
646.8,1.41462174E-01
646.9,1.40738685E-01
647.0,1.40016922E-01
647.1,1.39296920E-01
647.2,1.38578711E-01
647.3,1.37862326E-01
647.4,1.37147797E-01
647.5,1.36435155E-01
647.6,1.35724430E-01
647.7,1.35015651E-01
647.8,1.34308849E-01
647.9,1.33604052E-01
648.0,1.32901288E-01
648.1,1.32200585E-01
648.2,1.31501970E-01
648.3,1.30805469E-01
648.4,1.30111110E-01
648.5,1.29418917E-01
648.6,1.28728917E-01
648.7,1.28041133E-01
648.8,1.27355589E-01
648.9,1.26672310E-01
649.0,1.25991318E-01
649.1,1.25312637E-01
649.2,1.24636288E-01
649.3,1.23962293E-01
649.4,1.23290673E-01
649.5,1.22621450E-01
649.6,1.21954643E-01
649.7,1.21290271E-01
649.8,1.20628356E-01
649.9,1.19968914E-01
650.0,1.19311965E-01
650.1,1.18657526E-01
650.2,1.18005606E-01
650.3,1.17356216E-01
650.4,1.16709365E-01
650.5,1.16065062E-01
650.6,1.15423315E-01
650.7,1.14784132E-01
650.8,1.14147521E-01
650.9,1.13513490E-01
651.0,1.12882046E-01
651.1,1.12253196E-01
651.2,1.11626947E-01
651.3,1.11003305E-01
651.4,1.10382276E-01
651.5,1.09763866E-01
651.6,1.09148081E-01
651.7,1.08534926E-01
651.8,1.07924405E-01
651.9,1.07316525E-01
652.0,1.06711289E-01
652.1,1.06108701E-01
652.2,1.05508766E-01
652.3,1.04911486E-01
652.4,1.04316867E-01
652.5,1.03724910E-01
652.6,1.03135619E-01
652.7,1.02548996E-01
652.8,1.01965044E-01
652.9,1.01383765E-01
653.0,1.00805162E-01
653.1,1.00229235E-01
653.2,9.96559862E-02
653.3,9.90854173E-02
653.4,9.85175292E-02
653.5,9.79523226E-02
653.6,9.73897982E-02
653.7,9.68299565E-02
653.8,9.62727975E-02
653.9,9.57183212E-02
654.0,9.51665275E-02
654.1,9.46174160E-02
654.2,9.40709859E-02
654.3,9.35272364E-02
654.4,9.29861666E-02
654.5,9.24477752E-02
654.6,9.19120608E-02
654.7,9.13790218E-02
654.8,9.08486564E-02
654.9,9.03209626E-02
655.0,8.97959383E-02
655.1,8.92735796E-02
655.2,8.87538763E-02
655.3,8.82368165E-02
655.4,8.77223887E-02
655.5,8.72105810E-02
655.6,8.67013819E-02
655.7,8.61947798E-02
655.8,8.56907631E-02
655.9,8.51893203E-02
656.0,8.46904401E-02
656.1,8.41941110E-02
656.2,8.37003216E-02
656.3,8.32090606E-02
656.4,8.27203167E-02
656.5,8.22340788E-02
656.6,8.17503357E-02
656.7,8.12690761E-02
656.8,8.07902890E-02
656.9,8.03139634E-02
657.0,7.98400883E-02
657.1,7.93686526E-02
657.2,7.88996456E-02
657.3,7.84330562E-02
657.4,7.79688736E-02
657.5,7.75070872E-02
657.6,7.70476860E-02
657.7,7.65906595E-02
657.8,7.61359969E-02
657.9,7.56836877E-02
658.0,7.52337212E-02
658.1,7.47860869E-02
658.2,7.43407744E-02
658.3,7.38977731E-02
658.4,7.34570727E-02
658.5,7.30186627E-02
658.6,7.25825330E-02
658.7,7.21486731E-02
658.8,7.17170728E-02
658.9,7.12877219E-02
659.0,7.08606103E-02
659.1,7.04357278E-02
659.2,7.00130644E-02
659.3,6.95926100E-02
659.4,6.91743545E-02
659.5,6.87582882E-02
659.6,6.83444009E-02
659.7,6.79326828E-02
659.8,6.75231242E-02
659.9,6.71157151E-02
660.0,6.67104459E-02
660.1,6.63073070E-02
660.2,6.59062903E-02
660.3,6.55073877E-02
660.4,6.51105914E-02
660.5,6.47158933E-02
660.6,6.43232855E-02
660.7,6.39327600E-02
660.8,6.35443088E-02
660.9,6.31579240E-02
661.0,6.27735975E-02
661.1,6.23913214E-02
661.2,6.20110877E-02
661.3,6.16328884E-02
661.4,6.12567155E-02
661.5,6.08825610E-02
661.6,6.05104170E-02
661.7,6.01402755E-02
661.8,5.97721285E-02
661.9,5.94059679E-02
662.0,5.90417859E-02
662.1,5.86795745E-02
662.2,5.83193256E-02
662.3,5.79610314E-02
662.4,5.76046838E-02
662.5,5.72502749E-02
662.6,5.68977968E-02
662.7,5.65472415E-02
662.8,5.61986010E-02
662.9,5.58518674E-02
663.0,5.55070329E-02
663.1,5.51640893E-02
663.2,5.48230290E-02
663.3,5.44838439E-02
663.4,5.41465261E-02
663.5,5.38110678E-02
663.6,5.34774611E-02
663.7,5.31456981E-02
663.8,5.28157709E-02
663.9,5.24876716E-02
664.0,5.21613926E-02
664.1,5.18369258E-02
664.2,5.15142634E-02
664.3,5.11933978E-02
664.4,5.08743210E-02
664.5,5.05570252E-02
664.6,5.02415028E-02
664.7,4.99277459E-02
664.8,4.96157467E-02
664.9,4.93054976E-02
665.0,4.89969908E-02
665.1,4.86902182E-02
665.2,4.83851708E-02
665.3,4.80818389E-02
665.4,4.77802134E-02
665.5,4.74802849E-02
665.6,4.71820441E-02
665.7,4.68854818E-02
665.8,4.65905890E-02
665.9,4.62973565E-02
666.0,4.60057754E-02
666.1,4.57158366E-02
666.2,4.54275313E-02
666.3,4.51408506E-02
666.4,4.48557858E-02
666.5,4.45723282E-02
666.6,4.42904690E-02
666.7,4.40101997E-02
666.8,4.37315116E-02
666.9,4.34543963E-02
667.0,4.31788453E-02
667.1,4.29048502E-02
667.2,4.26324027E-02
667.3,4.23614945E-02
667.4,4.20921172E-02
667.5,4.18242627E-02
667.6,4.15579230E-02
667.7,4.12930897E-02
667.8,4.10297550E-02
667.9,4.07679108E-02
668.0,4.05075491E-02
668.1,4.02486621E-02
668.2,3.99912419E-02
668.3,3.97352807E-02
668.4,3.94807707E-02
668.5,3.92277043E-02
668.6,3.89760736E-02
668.7,3.87258712E-02
668.8,3.84770895E-02
668.9,3.82297209E-02
669.0,3.79837579E-02
669.1,3.77391931E-02
669.2,3.74960190E-02
669.3,3.72542284E-02
669.4,3.70138139E-02
669.5,3.67747683E-02
669.6,3.65370842E-02
669.7,3.63007546E-02
669.8,3.60657723E-02
669.9,3.58321302E-02
670.0,3.55998212E-02
670.1,3.53688383E-02
670.2,3.51391748E-02
670.3,3.49108239E-02
670.4,3.46837789E-02
670.5,3.44580331E-02
670.6,3.42335800E-02
670.7,3.40104128E-02
670.8,3.37885251E-02
670.9,3.35679104E-02
671.0,3.33485620E-02
671.1,3.31304735E-02
671.2,3.29136386E-02
671.3,3.26980507E-02
671.4,3.24837036E-02
671.5,3.22705908E-02
671.6,3.20587061E-02
671.7,3.18480432E-02
671.8,3.16385958E-02
671.9,3.14303577E-02
672.0,3.12233227E-02
672.1,3.10174847E-02
672.2,3.08128376E-02
672.3,3.06093751E-02
672.4,3.04070914E-02
672.5,3.02059803E-02
672.6,3.00060357E-02
672.7,2.98072519E-02
672.8,2.96096227E-02
672.9,2.94131423E-02
673.0,2.92178047E-02
673.1,2.90236042E-02
673.2,2.88305348E-02
673.3,2.86385908E-02
673.4,2.84477664E-02
673.5,2.82580558E-02
673.6,2.80694533E-02
673.7,2.78819533E-02
673.8,2.76955500E-02
673.9,2.75102378E-02
674.0,2.73260111E-02
674.1,2.71428643E-02
674.2,2.69607919E-02
674.3,2.67797883E-02
674.4,2.65998480E-02
674.5,2.64209656E-02
674.6,2.62431355E-02
674.7,2.60663524E-02
674.8,2.58906108E-02
674.9,2.57159055E-02
675.0,2.55422310E-02
675.1,2.53695821E-02
675.2,2.51979547E-02
675.3,2.50273446E-02
675.4,2.48577476E-02
675.5,2.46891596E-02
675.6,2.45215764E-02
675.7,2.43549940E-02
675.8,2.41894081E-02
675.9,2.40248145E-02
676.0,2.38612093E-02
676.1,2.36985880E-02
676.2,2.35369467E-02
676.3,2.33762811E-02
676.4,2.32165871E-02
676.5,2.30578604E-02
676.6,2.29000969E-02
676.7,2.27432925E-02
676.8,2.25874428E-02
676.9,2.24325438E-02
677.0,2.22785913E-02
677.1,2.21255810E-02
677.2,2.19735089E-02
677.3,2.18223706E-02
677.4,2.16721620E-02
677.5,2.15228790E-02
677.6,2.13745173E-02
677.7,2.12270728E-02
677.8,2.10805413E-02
677.9,2.09349185E-02
678.0,2.07902003E-02
678.1,2.06463826E-02
678.2,2.05034611E-02
678.3,2.03614317E-02
678.4,2.02202902E-02
678.5,2.00800325E-02
678.6,1.99406543E-02
678.7,1.98021514E-02
678.8,1.96645199E-02
678.9,1.95277554E-02
679.0,1.93918538E-02
679.1,1.92568111E-02
679.2,1.91226229E-02
679.3,1.89892853E-02
679.4,1.88567940E-02
679.5,1.87251449E-02
679.6,1.85943340E-02
679.7,1.84643570E-02
679.8,1.83352099E-02
679.9,1.82068885E-02
680.0,1.80793888E-02
680.1,1.79527061E-02
680.2,1.78268336E-02
680.3,1.77017642E-02
680.4,1.75774906E-02
680.5,1.74540058E-02
680.6,1.73313029E-02
680.7,1.72093750E-02
680.8,1.70882154E-02
680.9,1.69678174E-02
681.0,1.68481744E-02
681.1,1.67292798E-02
681.2,1.66111274E-02
681.3,1.64937108E-02
681.4,1.63770236E-02
681.5,1.62610599E-02
681.6,1.61458134E-02
681.7,1.60312782E-02
681.8,1.59174484E-02
681.9,1.58043181E-02
682.0,1.56918816E-02
682.1,1.55801331E-02
682.2,1.54690672E-02
682.3,1.53586782E-02
682.4,1.52489607E-02
682.5,1.51399092E-02
682.6,1.50315186E-02
682.7,1.49237835E-02
682.8,1.48166988E-02
682.9,1.47102593E-02
683.0,1.46044601E-02
683.1,1.44992961E-02
683.2,1.43947624E-02
683.3,1.42908542E-02
683.4,1.41875668E-02
683.5,1.40848954E-02
683.6,1.39828354E-02
683.7,1.38813822E-02
683.8,1.37805312E-02
683.9,1.36802781E-02
684.0,1.35806183E-02
684.1,1.34815476E-02
684.2,1.33830616E-02
684.3,1.32851562E-02
684.4,1.31878272E-02
684.5,1.30910704E-02
684.6,1.29948818E-02
684.7,1.28992573E-02
684.8,1.28041931E-02
684.9,1.27096852E-02
685.0,1.26157298E-02
685.1,1.25223243E-02
685.2,1.24294714E-02
685.3,1.23371749E-02
685.4,1.22454382E-02
685.5,1.21542649E-02
685.6,1.20636582E-02
685.7,1.19736211E-02
685.8,1.18841565E-02
685.9,1.17952672E-02
686.0,1.17069557E-02
686.1,1.16192245E-02
686.2,1.15320759E-02
686.3,1.14455120E-02
686.4,1.13595348E-02
686.5,1.12741460E-02
686.6,1.11893474E-02
686.7,1.11051405E-02
686.8,1.10215268E-02
686.9,1.09385074E-02
687.0,1.08560837E-02
687.1,1.07742564E-02
687.2,1.06930267E-02
687.3,1.06123951E-02
687.4,1.05323624E-02
687.5,1.04529291E-02
687.6,1.03740956E-02
687.7,1.02958621E-02
687.8,1.02182289E-02
687.9,1.01411961E-02
688.0,1.00647635E-02
688.1,9.98893109E-03
688.2,9.91369860E-03
688.3,9.83906569E-03
688.4,9.76503193E-03
688.5,9.69159679E-03
688.6,9.61875965E-03
688.7,9.54651980E-03
688.8,9.47487645E-03
688.9,9.40382871E-03
689.0,9.33337562E-03
689.1,9.26351614E-03
689.2,9.19424914E-03
689.3,9.12557344E-03
689.4,9.05748775E-03
689.5,8.98999075E-03
689.6,8.92308101E-03
689.7,8.85675706E-03
689.8,8.79101736E-03
689.9,8.72586029E-03
690.0,8.66128421E-03
690.1,8.59728628E-03
690.2,8.53385932E-03
690.3,8.47099518E-03
690.4,8.40868584E-03
690.5,8.34692340E-03
690.6,8.28570012E-03
690.7,8.22500835E-03
690.8,8.16484059E-03
690.9,8.10518946E-03
691.0,8.04604769E-03
691.1,7.98740815E-03
691.2,7.92926381E-03
691.3,7.87160776E-03
691.4,7.81443320E-03
691.5,7.75773344E-03
691.6,7.70150191E-03
691.7,7.64573214E-03
691.8,7.59041777E-03
691.9,7.53555254E-03
692.0,7.48113029E-03
692.1,7.42714496E-03
692.2,7.37359061E-03
692.3,7.32046137E-03
692.4,7.26775147E-03
692.5,7.21545525E-03
692.6,7.16356714E-03
692.7,7.11208164E-03
692.8,7.06099337E-03
692.9,7.01029701E-03
693.0,6.95998735E-03
693.1,6.91005925E-03
693.2,6.86050766E-03
693.3,6.81132762E-03
693.4,6.76251423E-03
693.5,6.71406271E-03
693.6,6.66596831E-03
693.7,6.61822640E-03
693.8,6.57083240E-03
693.9,6.52378181E-03
694.0,6.47707022E-03
694.1,6.43069327E-03
694.2,6.38464670E-03
694.3,6.33892628E-03
694.4,6.29352790E-03
694.5,6.24844748E-03
694.6,6.20368103E-03
694.7,6.15922461E-03
694.8,6.11507436E-03
694.9,6.07122647E-03
695.0,6.02767721E-03
695.1,5.98442327E-03
695.2,5.94146281E-03
695.3,5.89879437E-03
695.4,5.85641650E-03
695.5,5.81432771E-03
695.6,5.77252655E-03
695.7,5.73101156E-03
695.8,5.68978127E-03
695.9,5.64883420E-03
696.0,5.60816891E-03
696.1,5.56778392E-03
696.2,5.52767776E-03
696.3,5.48784899E-03
696.4,5.44829612E-03
696.5,5.40901771E-03
696.6,5.37001229E-03
696.7,5.33127839E-03
696.8,5.29281457E-03
696.9,5.25461936E-03
697.0,5.21669131E-03
697.1,5.17902897E-03
697.2,5.14163087E-03
697.3,5.10449558E-03
697.4,5.06762163E-03
697.5,5.03100758E-03
697.6,4.99465200E-03
697.7,4.95855342E-03
697.8,4.92271042E-03
697.9,4.88712155E-03
698.0,4.85178538E-03
698.1,4.81670047E-03
698.2,4.78186540E-03
698.3,4.74727872E-03
698.4,4.71293903E-03
698.5,4.67884488E-03
698.6,4.64499488E-03
698.7,4.61138758E-03
698.8,4.57802159E-03
698.9,4.54489549E-03
699.0,4.51200788E-03
699.1,4.47935734E-03
699.2,4.44694248E-03
699.3,4.41476190E-03
699.4,4.38281421E-03
699.5,4.35109802E-03
699.6,4.31961193E-03
699.7,4.28835457E-03
699.8,4.25732455E-03
699.9,4.22652051E-03
700.0,4.19594106E-03
700.1,4.16558470E-03
700.2,4.13544928E-03
700.3,4.10553258E-03
700.4,4.07583236E-03
700.5,4.04634643E-03
700.6,4.01707265E-03
700.7,3.98800887E-03
700.8,3.95915300E-03
700.9,3.93050295E-03
701.0,3.90205669E-03
701.1,3.87381220E-03
701.2,3.84576748E-03
701.3,3.81792056E-03
701.4,3.79026952E-03
701.5,3.76281243E-03
701.6,3.73554740E-03
701.7,3.70847259E-03
701.8,3.68158614E-03
701.9,3.65488624E-03
702.0,3.62837111E-03
702.1,3.60203898E-03
702.2,3.57588811E-03
702.3,3.54991678E-03
702.4,3.52412330E-03
702.5,3.49850599E-03
702.6,3.47306319E-03
702.7,3.44779330E-03
702.8,3.42269469E-03
702.9,3.39776578E-03
703.0,3.37300500E-03
703.1,3.34841082E-03
703.2,3.32398171E-03
703.3,3.29971617E-03
703.4,3.27561271E-03
703.5,3.25166987E-03
703.6,3.22788621E-03
703.7,3.20426030E-03
703.8,3.18079074E-03
703.9,3.15747614E-03
704.0,3.13431513E-03
704.1,3.11130636E-03
704.2,3.08844850E-03
704.3,3.06574024E-03
704.4,3.04318027E-03
704.5,3.02076733E-03
704.6,2.99850013E-03
704.7,2.97637745E-03
704.8,2.95439804E-03
704.9,2.93256070E-03
705.0,2.91086423E-03
705.1,2.88930759E-03
705.2,2.86789032E-03
705.3,2.84661209E-03
705.4,2.82547256E-03
705.5,2.80447140E-03
705.6,2.78360824E-03
705.7,2.76288272E-03
705.8,2.74229448E-03
705.9,2.72184312E-03
706.0,2.70152827E-03
706.1,2.68134952E-03
706.2,2.66130646E-03
706.3,2.64139870E-03
706.4,2.62162579E-03
706.5,2.60198733E-03
706.6,2.58248286E-03
706.7,2.56311196E-03
706.8,2.54387416E-03
706.9,2.52476902E-03
707.0,2.50579606E-03
707.1,2.48695483E-03
707.2,2.46824485E-03
707.3,2.44966562E-03
707.4,2.43121668E-03
707.5,2.41289752E-03
707.6,2.39470765E-03
707.7,2.37664655E-03
707.8,2.35871373E-03
707.9,2.34090867E-03
708.0,2.32323084E-03
708.1,2.30567973E-03
708.2,2.28825481E-03
708.3,2.27095554E-03
708.4,2.25378138E-03
708.5,2.23673179E-03
708.6,2.21980624E-03
708.7,2.20300415E-03
708.8,2.18632500E-03
708.9,2.16976821E-03
709.0,2.15333322E-03
709.1,2.13701948E-03
709.2,2.12082641E-03
709.3,2.10475344E-03
709.4,2.08880000E-03
709.5,2.07296552E-03
709.6,2.05724941E-03
709.7,2.04165110E-03
709.8,2.02617000E-03
709.9,2.01080551E-03
710.0,1.99555707E-03
710.1,1.98042405E-03
710.2,1.96540584E-03
710.3,1.95050179E-03
710.4,1.93571125E-03
710.5,1.92103359E-03
710.6,1.90646815E-03
710.7,1.89201430E-03
710.8,1.87767140E-03
710.9,1.86343879E-03
711.0,1.84931584E-03
711.1,1.83530191E-03
711.2,1.82139634E-03
711.3,1.80759851E-03
711.4,1.79390776E-03
711.5,1.78032345E-03
711.6,1.76684496E-03
711.7,1.75347162E-03
711.8,1.74020281E-03
711.9,1.72703789E-03
712.0,1.71397622E-03
712.1,1.70101716E-03
712.2,1.68816007E-03
712.3,1.67540433E-03
712.4,1.66274929E-03
712.5,1.65019433E-03
712.6,1.63773881E-03
712.7,1.62538210E-03
712.8,1.61312357E-03
712.9,1.60096260E-03
713.0,1.58889856E-03
713.1,1.57693082E-03
713.2,1.56505876E-03
713.3,1.55328176E-03
713.4,1.54159920E-03
713.5,1.53001046E-03
713.6,1.51851492E-03
713.7,1.50711196E-03
713.8,1.49580098E-03
713.9,1.48458136E-03
714.0,1.47345249E-03
714.1,1.46241376E-03
714.2,1.45146457E-03
714.3,1.44060431E-03
714.4,1.42983238E-03
714.5,1.41914818E-03
714.6,1.40855112E-03
714.7,1.39804058E-03
714.8,1.38761599E-03
714.9,1.37727675E-03
715.0,1.36702226E-03
715.1,1.35685189E-03
715.2,1.34676474E-03
715.3,1.33675988E-03
715.4,1.32683639E-03
715.5,1.31699335E-03
715.6,1.30722988E-03
715.7,1.29754507E-03
715.8,1.28793807E-03
715.9,1.27840801E-03
716.0,1.26895404E-03
716.1,1.25957533E-03
716.2,1.25027104E-03
716.3,1.24104036E-03
716.4,1.23188250E-03
716.5,1.22279665E-03
716.6,1.21378203E-03
716.7,1.20483788E-03
716.8,1.19596343E-03
716.9,1.18715793E-03
717.0,1.17842065E-03
717.1,1.16975084E-03
717.2,1.16114779E-03
717.3,1.15261080E-03
717.4,1.14413915E-03
717.5,1.13573216E-03
717.6,1.12738914E-03
717.7,1.11910943E-03
717.8,1.11089235E-03
717.9,1.10273726E-03
718.0,1.09464351E-03
718.1,1.08661045E-03
718.2,1.07863746E-03
718.3,1.07072392E-03
718.4,1.06286922E-03
718.5,1.05507275E-03
718.6,1.04733392E-03
718.7,1.03965214E-03
718.8,1.03202683E-03
718.9,1.02445742E-03
719.0,1.01694334E-03
719.1,1.00948403E-03
719.2,1.00207896E-03
719.3,9.94727561E-04
719.4,9.87429315E-04
719.5,9.80183690E-04
719.6,9.72990165E-04
719.7,9.65848227E-04
719.8,9.58757367E-04
719.9,9.51717087E-04
720.0,9.44726892E-04
720.1,9.37786339E-04
720.2,9.30895167E-04
720.3,9.24053158E-04
720.4,9.17260092E-04
720.5,9.10515747E-04
720.6,9.03819903E-04
720.7,8.97172336E-04
720.8,8.90572822E-04
720.9,8.84021135E-04
721.0,8.77517048E-04
721.1,8.71060335E-04
721.2,8.64650768E-04
721.3,8.58288116E-04
721.4,8.51972150E-04
721.5,8.45702638E-04
721.6,8.39479350E-04
721.7,8.33302053E-04
721.8,8.27170513E-04
721.9,8.21084498E-04
722.0,8.15043772E-04
722.1,8.09048101E-04
722.2,8.03097249E-04
722.3,7.97190981E-04
722.4,7.91329060E-04
722.5,7.85511249E-04
722.6,7.79737312E-04
722.7,7.74007010E-04
722.8,7.68320107E-04
722.9,7.62676363E-04
723.0,7.57075542E-04
723.1,7.51517403E-04
723.2,7.46001710E-04
723.3,7.40528222E-04
723.4,7.35096701E-04
723.5,7.29706908E-04
723.6,7.24358604E-04
723.7,7.19051550E-04
723.8,7.13785508E-04
723.9,7.08560237E-04
724.0,7.03375500E-04
724.1,6.98231057E-04
724.2,6.93126670E-04
724.3,6.88062100E-04
724.4,6.83037110E-04
724.5,6.78051460E-04
724.6,6.73104914E-04
724.7,6.68197234E-04
724.8,6.63328182E-04
724.9,6.58497521E-04
725.0,6.53705015E-04
725.1,6.48950405E-04
725.2,6.44233338E-04
725.3,6.39553443E-04
725.4,6.34910354E-04
725.5,6.30303708E-04
725.6,6.25733148E-04
725.7,6.21198320E-04
725.8,6.16698874E-04
725.9,6.12234464E-04
726.0,6.07804750E-04
726.1,6.03409393E-04
726.2,5.99048061E-04
726.3,5.94720424E-04
726.4,5.90426156E-04
726.5,5.86164936E-04
726.6,5.81936445E-04
726.7,5.77740369E-04
726.8,5.73576398E-04
726.9,5.69444224E-04
727.0,5.65343544E-04
727.1,5.61274058E-04
727.2,5.57235470E-04
727.3,5.53227486E-04
727.4,5.49249817E-04
727.5,5.45302177E-04
727.6,5.41384282E-04
727.7,5.37495854E-04
727.8,5.33636615E-04
727.9,5.29806292E-04
728.0,5.26004615E-04
728.1,5.22231318E-04
728.2,5.18486136E-04
728.3,5.14768808E-04
728.4,5.11079076E-04
728.5,5.07416685E-04
728.6,5.03781384E-04
728.7,5.00172923E-04
728.8,4.96591056E-04
728.9,4.93035539E-04
729.0,4.89506131E-04
729.1,4.86002595E-04
729.2,4.82524695E-04
729.3,4.79072198E-04
729.4,4.75644875E-04
729.5,4.72242498E-04
729.6,4.68864841E-04
729.7,4.65511684E-04
729.8,4.62182806E-04
729.9,4.58877989E-04
730.0,4.55597019E-04
730.1,4.52339685E-04
730.2,4.49105785E-04
730.3,4.45895120E-04
730.4,4.42707493E-04
730.5,4.39542711E-04
730.6,4.36400581E-04
730.7,4.33280912E-04
730.8,4.30183515E-04
730.9,4.27108205E-04
731.0,4.24054797E-04
731.1,4.21023108E-04
731.2,4.18012957E-04
731.3,4.15024165E-04
731.4,4.12056556E-04
731.5,4.09109953E-04
731.6,4.06184183E-04
731.7,4.03279075E-04
731.8,4.00394459E-04
731.9,3.97530166E-04
732.0,3.94686029E-04
732.1,3.91861885E-04
732.2,3.89057569E-04
732.3,3.86272921E-04
732.4,3.83507780E-04
732.5,3.80761988E-04
732.6,3.78035388E-04
732.7,3.75327826E-04
732.8,3.72639148E-04
732.9,3.69969201E-04
733.0,3.67317836E-04
733.1,3.64684904E-04
733.2,3.62070257E-04
733.3,3.59473749E-04
733.4,3.56895235E-04
733.5,3.54334573E-04
733.6,3.51791622E-04
733.7,3.49266240E-04
733.8,3.46758289E-04
733.9,3.44267631E-04
734.0,3.41794131E-04
734.1,3.39337654E-04
734.2,3.36898066E-04
734.3,3.34475236E-04
734.4,3.32069032E-04
734.5,3.29679325E-04
734.6,3.27305987E-04
734.7,3.24948891E-04
734.8,3.22607911E-04
734.9,3.20282923E-04
735.0,3.17973804E-04
735.1,3.15680447E-04
735.2,3.13402811E-04
735.3,3.11140869E-04
735.4,3.08894591E-04
735.5,3.06663949E-04
735.6,3.04448909E-04
735.7,3.02249440E-04
735.8,3.00065506E-04
735.9,2.97897072E-04
736.0,2.95744101E-04
736.1,2.93606554E-04
736.2,2.91484391E-04
736.3,2.89377571E-04
736.4,2.87286053E-04
736.5,2.85209792E-04
736.6,2.83148743E-04
736.7,2.81102863E-04
736.8,2.79072102E-04
736.9,2.77056415E-04
737.0,2.75055751E-04
737.1,2.73070061E-04
737.2,2.71099294E-04
737.3,2.69143398E-04
737.4,2.67202321E-04
737.5,2.65276008E-04
737.6,2.63364405E-04
737.7,2.61467457E-04
737.8,2.59585108E-04
737.9,2.57717301E-04
738.0,2.55863977E-04
738.1,2.54025080E-04
738.2,2.52200548E-04
738.3,2.50390323E-04
738.4,2.48594343E-04
738.5,2.46812549E-04
738.6,2.45044877E-04
738.7,2.43291266E-04
738.8,2.41551653E-04
738.9,2.39825973E-04
739.0,2.38114164E-04
739.1,2.36416160E-04
739.2,2.34731897E-04
739.3,2.33061309E-04
739.4,2.31404330E-04
739.5,2.29760893E-04
739.6,2.28130933E-04
739.7,2.26514381E-04
739.8,2.24911172E-04
739.9,2.23321235E-04
740.0,2.21744505E-04
740.1,2.20180893E-04
740.2,2.18630240E-04
740.3,2.17092371E-04
740.4,2.15567113E-04
740.5,2.14054297E-04
740.6,2.12553756E-04
740.7,2.11065324E-04
740.8,2.09588840E-04
740.9,2.08124144E-04
741.0,2.06671080E-04
741.1,2.05229493E-04
741.2,2.03799232E-04
741.3,2.02380146E-04
741.4,2.00972089E-04
741.5,1.99574915E-04
741.6,1.98188482E-04
741.7,1.96812650E-04
741.8,1.95447280E-04
741.9,1.94092236E-04
742.0,1.92747385E-04
742.1,1.91412594E-04
742.2,1.90087735E-04
742.3,1.88772679E-04
742.4,1.87467301E-04
742.5,1.86171477E-04
742.6,1.84885085E-04
742.7,1.83608007E-04
742.8,1.82340123E-04
742.9,1.81081318E-04
743.0,1.79831478E-04
743.1,1.78590490E-04
743.2,1.77358244E-04
743.3,1.76134631E-04
743.4,1.74919544E-04
743.5,1.73712877E-04
743.6,1.72514527E-04
743.7,1.71324392E-04
743.8,1.70142371E-04
743.9,1.68968366E-04
744.0,1.67802279E-04
744.1,1.66644014E-04
744.2,1.65493478E-04
744.3,1.64350578E-04
744.4,1.63215222E-04
744.5,1.62087321E-04
744.6,1.60966787E-04
744.7,1.59853533E-04
744.8,1.58747474E-04
744.9,1.57648525E-04
745.0,1.56556604E-04
745.1,1.55471641E-04
745.2,1.54393609E-04
745.3,1.53322491E-04
745.4,1.52258270E-04
745.5,1.51200930E-04
745.6,1.50150453E-04
745.7,1.49106820E-04
745.8,1.48070013E-04
745.9,1.47040014E-04
746.0,1.46016802E-04
746.1,1.45000358E-04
746.2,1.43990663E-04
746.3,1.42987695E-04
746.4,1.41991433E-04
746.5,1.41001858E-04
746.6,1.40018946E-04
746.7,1.39042676E-04
746.8,1.38073027E-04
746.9,1.37109975E-04
747.0,1.36153498E-04
747.1,1.35203572E-04
747.2,1.34260174E-04
747.3,1.33323281E-04
747.4,1.32392869E-04
747.5,1.31468913E-04
747.6,1.30551388E-04
747.7,1.29640271E-04
747.8,1.28735535E-04
747.9,1.27837156E-04
748.0,1.26945109E-04
748.1,1.26059367E-04
748.2,1.25179905E-04
748.3,1.24306696E-04
748.4,1.23439715E-04
748.5,1.22578934E-04
748.6,1.21724327E-04
748.7,1.20875868E-04
748.8,1.20033528E-04
748.9,1.19197282E-04
749.0,1.18367101E-04
749.1,1.17542957E-04
749.2,1.16724824E-04
749.3,1.15912673E-04
749.4,1.15106477E-04
749.5,1.14306207E-04
749.6,1.13511835E-04
749.7,1.12723332E-04
749.8,1.11940671E-04
749.9,1.11163823E-04
750.0,1.10392758E-04
750.1,1.09627446E-04
750.2,1.08867841E-04
750.3,1.08113894E-04
750.4,1.07365559E-04
750.5,1.06622789E-04
750.6,1.05885537E-04
750.7,1.05153757E-04
750.8,1.04427404E-04
750.9,1.03706431E-04
751.0,1.02990795E-04
751.1,1.02280450E-04
751.2,1.01575353E-04
751.3,1.00875461E-04
751.4,1.00180729E-04
751.5,9.94911165E-05
751.6,9.88065794E-05
751.7,9.81270764E-05
751.8,9.74525658E-05
751.9,9.67830063E-05
752.0,9.61183573E-05
752.1,9.54585783E-05
752.2,9.48036291E-05
752.3,9.41534702E-05
752.4,9.35080621E-05
752.5,9.28673661E-05
752.6,9.22313433E-05
752.7,9.15999557E-05
752.8,9.09731652E-05
752.9,9.03509345E-05
753.0,8.97332262E-05
753.1,8.91200035E-05
753.2,8.85112300E-05
753.3,8.79068693E-05
753.4,8.73068858E-05
753.5,8.67112438E-05
753.6,8.61199082E-05
753.7,8.55328441E-05
753.8,8.49500170E-05
753.9,8.43713925E-05
754.0,8.37969369E-05
754.1,8.32266164E-05
754.2,8.26603977E-05
754.3,8.20982479E-05
754.4,8.15401342E-05
754.5,8.09860243E-05
754.6,8.04358860E-05
754.7,7.98896874E-05
754.8,7.93473971E-05
754.9,7.88089837E-05
755.0,7.82744164E-05
755.1,7.77436638E-05
755.2,7.72166927E-05
755.3,7.66934698E-05
755.4,7.61739618E-05
755.5,7.56581361E-05
755.6,7.51459603E-05
755.7,7.46374024E-05
755.8,7.41324307E-05
755.9,7.36310139E-05
756.0,7.31331210E-05
756.1,7.26387212E-05
756.2,7.21477843E-05
756.3,7.16602803E-05
756.4,7.11761795E-05
756.5,7.06954524E-05
756.6,7.02180700E-05
756.7,6.97440036E-05
756.8,6.92732247E-05
756.9,6.88057051E-05
757.0,6.83414171E-05
757.1,6.78803330E-05
757.2,6.74224256E-05
757.3,6.69676680E-05
757.4,6.65160334E-05
757.5,6.60674954E-05
757.6,6.56220280E-05
757.7,6.51796052E-05
757.8,6.47402015E-05
757.9,6.43037915E-05
758.0,6.38703503E-05
758.1,6.34398530E-05
758.2,6.30122751E-05
758.3,6.25875924E-05
758.4,6.21657808E-05
758.5,6.17468166E-05
758.6,6.13306763E-05
758.7,6.09173366E-05
758.8,6.05067744E-05
758.9,6.00989670E-05
759.0,5.96938919E-05
759.1,5.92915267E-05
759.2,5.88918493E-05
759.3,5.84948379E-05
759.4,5.81004709E-05
759.5,5.77087268E-05
759.6,5.73195845E-05
759.7,5.69330230E-05
759.8,5.65490215E-05
759.9,5.61675596E-05
760.0,5.57886168E-05
760.1,5.54121749E-05
760.2,5.50382227E-05
760.3,5.46667509E-05
760.4,5.42977500E-05
760.5,5.39312105E-05
760.6,5.35671228E-05
760.7,5.32054771E-05
760.8,5.28462637E-05
760.9,5.24894729E-05
761.0,5.21350946E-05
761.1,5.17831190E-05
761.2,5.14335360E-05
761.3,5.10863355E-05
761.4,5.07415075E-05
761.5,5.03990418E-05
761.6,5.00589280E-05
761.7,4.97211559E-05
761.8,4.93857152E-05
761.9,4.90525955E-05
762.0,4.87217863E-05
762.1,4.83932772E-05
762.2,4.80670576E-05
762.3,4.77431170E-05
762.4,4.74214449E-05
762.5,4.71020305E-05
762.6,4.67848632E-05
762.7,4.64699323E-05
762.8,4.61572272E-05
762.9,4.58467370E-05
763.0,4.55384509E-05
763.1,4.52323582E-05
763.2,4.49284481E-05
763.3,4.46267096E-05
763.4,4.43271319E-05
763.5,4.40297042E-05
763.6,4.37344155E-05
763.7,4.34412549E-05
763.8,4.31502115E-05
763.9,4.28612744E-05
764.0,4.25744325E-05
764.1,4.22896749E-05
764.2,4.20069907E-05
764.3,4.17263688E-05
764.4,4.14477984E-05
764.5,4.11712683E-05
764.6,4.08967677E-05
764.7,4.06242854E-05
764.8,4.03538106E-05
764.9,4.00853323E-05
765.0,3.98188394E-05
765.1,3.95543190E-05
765.2,3.92917498E-05
765.3,3.90311093E-05
765.4,3.87723747E-05
765.5,3.85155239E-05
765.6,3.82605352E-05
765.7,3.80073868E-05
765.8,3.77560575E-05
765.9,3.75065265E-05
766.0,3.72587730E-05
766.1,3.70127767E-05
766.2,3.67685176E-05
766.3,3.65259758E-05
766.4,3.62851318E-05
766.5,3.60459664E-05
766.6,3.58084607E-05
766.7,3.55725960E-05
766.8,3.53383538E-05
766.9,3.51057161E-05
767.0,3.48746649E-05
767.1,3.46451826E-05
767.2,3.44172518E-05
767.3,3.41908553E-05
767.4,3.39659763E-05
767.5,3.37425981E-05
767.6,3.35207043E-05
767.7,3.33002787E-05
767.8,3.30813053E-05
767.9,3.28637685E-05
768.0,3.26476527E-05
768.1,3.24329426E-05
768.2,3.22196232E-05
768.3,3.20076797E-05
768.4,3.17970974E-05
768.5,3.15878619E-05
768.6,3.13799589E-05
768.7,3.11733746E-05
768.8,3.09680950E-05
768.9,3.07641066E-05
769.0,3.05613959E-05
769.1,3.03599498E-05
769.2,3.01597552E-05
769.3,2.99607992E-05
769.4,2.97630693E-05
769.5,2.95665529E-05
769.6,2.93712378E-05
769.7,2.91771118E-05
769.8,2.89841631E-05
769.9,2.87923798E-05
770.0,2.86017504E-05
770.1,2.84122655E-05
770.2,2.82239240E-05
770.3,2.80367265E-05
770.4,2.78506738E-05
770.5,2.76657661E-05
770.6,2.74820039E-05
770.7,2.72993873E-05
770.8,2.71179162E-05
770.9,2.69375906E-05
771.0,2.67584101E-05
771.1,2.65803743E-05
771.2,2.64034828E-05
771.3,2.62277348E-05
771.4,2.60531294E-05
771.5,2.58796659E-05
771.6,2.57073430E-05
771.7,2.55361597E-05
771.8,2.53661147E-05
771.9,2.51972065E-05
772.0,2.50294336E-05
772.1,2.48627944E-05
772.2,2.46972871E-05
772.3,2.45329098E-05
772.4,2.43696607E-05
772.5,2.42075377E-05
772.6,2.40465385E-05
772.7,2.38866610E-05
772.8,2.37279029E-05
772.9,2.35702615E-05
773.0,2.34137345E-05
773.1,2.32583193E-05
773.2,2.31040130E-05
773.3,2.29508129E-05
773.4,2.27987162E-05
773.5,2.26477198E-05
773.6,2.24978209E-05
773.7,2.23490162E-05
773.8,2.22013025E-05
773.9,2.20546767E-05
774.0,2.19091354E-05
774.1,2.17646752E-05
774.2,2.16212927E-05
774.3,2.14789844E-05
774.4,2.13377466E-05
774.5,2.11975758E-05
774.6,2.10584682E-05
774.7,2.09204201E-05
774.8,2.07834278E-05
774.9,2.06474872E-05
775.0,2.05125946E-05
775.1,2.03787445E-05
775.2,2.02459256E-05
775.3,2.01141252E-05
775.4,1.99833309E-05
775.5,1.98535305E-05
775.6,1.97247118E-05
775.7,1.95968629E-05
775.8,1.94699722E-05
775.9,1.93440279E-05
776.0,1.92190188E-05
776.1,1.90949334E-05
776.2,1.89717608E-05
776.3,1.88494901E-05
776.4,1.87281103E-05
776.5,1.86076110E-05
776.6,1.84879816E-05
776.7,1.83692119E-05
776.8,1.82512916E-05
776.9,1.81342107E-05
777.0,1.80179593E-05
777.1,1.79025277E-05
777.2,1.77879063E-05
777.3,1.76740856E-05
777.4,1.75610562E-05
777.5,1.74488090E-05
777.6,1.73373349E-05
777.7,1.72266249E-05
777.8,1.71166703E-05
777.9,1.70074623E-05
778.0,1.68989924E-05
778.1,1.67912521E-05
778.2,1.66842331E-05
778.3,1.65779272E-05
778.4,1.64723264E-05
778.5,1.63674226E-05
778.6,1.62632079E-05
778.7,1.61596748E-05
778.8,1.60568154E-05
778.9,1.59546223E-05
779.0,1.58530881E-05
779.1,1.57522055E-05
779.2,1.56519672E-05
779.3,1.55523661E-05
779.4,1.54533953E-05
779.5,1.53550479E-05
779.6,1.52573170E-05
779.7,1.51601960E-05
779.8,1.50636782E-05
779.9,1.49677572E-05
780.0,1.48724265E-05
780.1,1.47776804E-05
780.2,1.46835160E-05
780.3,1.45899308E-05
780.4,1.44969226E-05
780.5,1.44044888E-05
780.6,1.43126271E-05
780.7,1.42213352E-05
780.8,1.41306106E-05
780.9,1.40404508E-05
781.0,1.39508535E-05
781.1,1.38618163E-05
781.2,1.37733367E-05
781.3,1.36854123E-05
781.4,1.35980407E-05
781.5,1.35112193E-05
781.6,1.34249459E-05
781.7,1.33392178E-05
781.8,1.32540327E-05
781.9,1.31693881E-05
782.0,1.30852816E-05
782.1,1.30017106E-05
782.2,1.29186727E-05
782.3,1.28361655E-05
782.4,1.27541865E-05
782.5,1.26727331E-05
782.6,1.25918030E-05
782.7,1.25113936E-05
782.8,1.24315026E-05
782.9,1.23521273E-05
783.0,1.22732653E-05
783.1,1.21949142E-05
783.2,1.21170714E-05
783.3,1.20397345E-05
783.4,1.19629011E-05
783.5,1.18865685E-05
783.6,1.18107344E-05
783.7,1.17353963E-05
783.8,1.16605517E-05
783.9,1.15861981E-05
784.0,1.15123330E-05
784.1,1.14389540E-05
784.2,1.13660586E-05
784.3,1.12936444E-05
784.4,1.12217088E-05
784.5,1.11502495E-05
784.6,1.10792638E-05
784.7,1.10087495E-05
784.8,1.09387040E-05
784.9,1.08691249E-05
785.0,1.08000097E-05
785.1,1.07313558E-05
785.2,1.06631597E-05
785.3,1.05954178E-05
785.4,1.05281264E-05
785.5,1.04612819E-05
785.6,1.03948809E-05
785.7,1.03289198E-05
785.8,1.02633951E-05
785.9,1.01983034E-05
786.0,1.01336413E-05
786.1,1.00694054E-05
786.2,1.00055923E-05
786.3,9.94219874E-06
786.4,9.87922144E-06
786.5,9.81665714E-06
786.6,9.75450260E-06
786.7,9.69275464E-06
786.8,9.63141010E-06
786.9,9.57046584E-06
787.0,9.50991876E-06
787.1,9.44976577E-06
787.2,9.39000385E-06
787.3,9.33062996E-06
787.4,9.27164113E-06
787.5,9.21303438E-06
787.6,9.15480679E-06
787.7,9.09695544E-06
787.8,9.03947746E-06
787.9,8.98237000E-06
788.0,8.92563023E-06
788.1,8.86925535E-06
788.2,8.81324258E-06
788.3,8.75758917E-06
788.4,8.70229241E-06
788.5,8.64734960E-06
788.6,8.59275806E-06
788.7,8.53851513E-06
788.8,8.48461821E-06
788.9,8.43106469E-06
789.0,8.37785199E-06
789.1,8.32497756E-06
789.2,8.27243887E-06
789.3,8.22023341E-06
789.4,8.16835871E-06
789.5,8.11681229E-06
789.6,8.06559173E-06
789.7,8.01469461E-06
789.8,7.96411852E-06
789.9,7.91386111E-06
790.0,7.86392002E-06
790.1,7.81429306E-06
790.2,7.76497863E-06
790.3,7.71597527E-06
790.4,7.66728151E-06
790.5,7.61889590E-06
790.6,7.57081697E-06
790.7,7.52304326E-06
790.8,7.47557331E-06
790.9,7.42840566E-06
791.0,7.38153885E-06
791.1,7.33497141E-06
791.2,7.28870190E-06
791.3,7.24272883E-06
791.4,7.19705077E-06
791.5,7.15166625E-06
791.6,7.10657382E-06
791.7,7.06177202E-06
791.8,7.01725939E-06
791.9,6.97303448E-06
792.0,6.92909585E-06
792.1,6.88544203E-06
792.2,6.84207159E-06
792.3,6.79898308E-06
792.4,6.75617504E-06
792.5,6.71364604E-06
792.6,6.67139464E-06
792.7,6.62941940E-06
792.8,6.58771888E-06
792.9,6.54629164E-06
793.0,6.50513625E-06
793.1,6.46425129E-06
793.2,6.42363532E-06
793.3,6.38328692E-06
793.4,6.34320467E-06
793.5,6.30338715E-06
793.6,6.26383294E-06
793.7,6.22454062E-06
793.8,6.18550879E-06
793.9,6.14673604E-06
794.0,6.10822096E-06
794.1,6.06996215E-06
794.2,6.03195820E-06
794.3,5.99420774E-06
794.4,5.95670935E-06
794.5,5.91946166E-06
794.6,5.88246328E-06
794.7,5.84571283E-06
794.8,5.80920892E-06
794.9,5.77295018E-06
795.0,5.73693525E-06
795.1,5.70116268E-06
795.2,5.66563077E-06
795.3,5.63033777E-06
795.4,5.59528192E-06
795.5,5.56046150E-06
795.6,5.52587478E-06
795.7,5.49152006E-06
795.8,5.45739565E-06
795.9,5.42349988E-06
796.0,5.38983107E-06
796.1,5.35638758E-06
796.2,5.32316776E-06
796.3,5.29016999E-06
796.4,5.25739267E-06
796.5,5.22483418E-06
796.6,5.19249294E-06
796.7,5.16036737E-06
796.8,5.12845592E-06
796.9,5.09675703E-06
797.0,5.06526916E-06
797.1,5.03399079E-06
797.2,5.00292040E-06
797.3,4.97205649E-06
797.4,4.94139757E-06
797.5,4.91094215E-06
797.6,4.88068878E-06
797.7,4.85063599E-06
797.8,4.82078234E-06
797.9,4.79112639E-06
798.0,4.76166673E-06
798.1,4.73240194E-06
798.2,4.70333063E-06
798.3,4.67445139E-06
798.4,4.64576286E-06
798.5,4.61726366E-06
798.6,4.58895244E-06
798.7,4.56082785E-06
798.8,4.53288856E-06
798.9,4.50513323E-06
799.0,4.47756055E-06
799.1,4.45016922E-06
799.2,4.42295794E-06
799.3,4.39592543E-06
799.4,4.36907040E-06
799.5,4.34239160E-06
799.6,4.31588777E-06
799.7,4.28955765E-06
799.8,4.26340002E-06
799.9,4.23741365E-06
800.0,4.21159732E-06
800.1,4.18594974E-06
800.2,4.16046937E-06
800.3,4.13515461E-06
800.4,4.11000385E-06
800.5,4.08501554E-06
800.6,4.06018812E-06
800.7,4.03552007E-06
800.8,4.01100988E-06
800.9,3.98665604E-06
801.0,3.96245709E-06
801.1,3.93841156E-06
801.2,3.91451802E-06
801.3,3.89077505E-06
801.4,3.86718123E-06
801.5,3.84373518E-06
801.6,3.82043552E-06
801.7,3.79728090E-06
801.8,3.77426999E-06
801.9,3.75140145E-06
802.0,3.72867398E-06
802.1,3.70608628E-06
802.2,3.68363709E-06
802.3,3.66132514E-06
802.4,3.63914917E-06
802.5,3.61710798E-06
802.6,3.59520032E-06
802.7,3.57342501E-06
802.8,3.55178086E-06
802.9,3.53026669E-06
803.0,3.50888135E-06
803.1,3.48762369E-06
803.2,3.46649257E-06
803.3,3.44548688E-06
803.4,3.42460552E-06
803.5,3.40384740E-06
803.6,3.38321143E-06
803.7,3.36269655E-06
803.8,3.34230172E-06
803.9,3.32202588E-06
804.0,3.30186801E-06
804.1,3.28182711E-06
804.2,3.26190215E-06
804.3,3.24209216E-06
804.4,3.22239616E-06
804.5,3.20281318E-06
804.6,3.18334225E-06
804.7,3.16398245E-06
804.8,3.14473283E-06
804.9,3.12559248E-06
805.0,3.10656048E-06
805.1,3.08763606E-06
805.2,3.06881891E-06
805.3,3.05010884E-06
805.4,3.03150565E-06
805.5,3.01300914E-06
805.6,2.99461910E-06
805.7,2.97633532E-06
805.8,2.95815758E-06
805.9,2.94008564E-06
806.0,2.92211929E-06
806.1,2.90425827E-06
806.2,2.88650234E-06
806.3,2.86885127E-06
806.4,2.85130478E-06
806.5,2.83386263E-06
806.6,2.81652456E-06
806.7,2.79929028E-06
806.8,2.78215952E-06
806.9,2.76513202E-06
807.0,2.74820748E-06
807.1,2.73138562E-06
807.2,2.71466615E-06
807.3,2.69804877E-06
807.4,2.68153317E-06
807.5,2.66511906E-06
807.6,2.64880613E-06
807.7,2.63259406E-06
807.8,2.61648254E-06
807.9,2.60047125E-06
808.0,2.58455986E-06
808.1,2.56874804E-06
808.2,2.55303548E-06
808.3,2.53742183E-06
808.4,2.52190675E-06
808.5,2.50648991E-06
808.6,2.49117096E-06
808.7,2.47594956E-06
808.8,2.46082536E-06
808.9,2.44579800E-06
809.0,2.43086713E-06
809.1,2.41603239E-06
809.2,2.40129343E-06
809.3,2.38664988E-06
809.4,2.37210137E-06
809.5,2.35764754E-06
809.6,2.34328803E-06
809.7,2.32902245E-06
809.8,2.31485043E-06
809.9,2.30077161E-06
810.0,2.28678560E-06
810.1,2.27289197E-06
810.2,2.25909014E-06
810.3,2.24537948E-06
810.4,2.23175936E-06
810.5,2.21822916E-06
810.6,2.20478826E-06
810.7,2.19143605E-06
810.8,2.17817191E-06
810.9,2.16499524E-06
811.0,2.15190545E-06
811.1,2.13890194E-06
811.2,2.12598411E-06
811.3,2.11315137E-06
811.4,2.10040315E-06
811.5,2.08773886E-06
811.6,2.07515793E-06
811.7,2.06265978E-06
811.8,2.05024384E-06
811.9,2.03790957E-06
812.0,2.02565638E-06
812.1,2.01348373E-06
812.2,2.00139107E-06
812.3,1.98937784E-06
812.4,1.97744351E-06
812.5,1.96558753E-06
812.6,1.95380937E-06
812.7,1.94210849E-06
812.8,1.93048436E-06
812.9,1.91893646E-06
813.0,1.90746427E-06
813.1,1.89606726E-06
813.2,1.88474493E-06
813.3,1.87349676E-06
813.4,1.86232225E-06
813.5,1.85122089E-06
813.6,1.84019218E-06
813.7,1.82923562E-06
813.8,1.81835073E-06
813.9,1.80753700E-06
814.0,1.79679396E-06
814.1,1.78612112E-06
814.2,1.77551801E-06
814.3,1.76498414E-06
814.4,1.75451904E-06
814.5,1.74412225E-06
814.6,1.73379329E-06
814.7,1.72353170E-06
814.8,1.71333703E-06
814.9,1.70320882E-06
815.0,1.69314661E-06
815.1,1.68314993E-06
815.2,1.67321819E-06
815.3,1.66335081E-06
815.4,1.65354719E-06
815.5,1.64380674E-06
815.6,1.63412888E-06
815.7,1.62451306E-06
815.8,1.61495869E-06
815.9,1.60546523E-06
816.0,1.59603211E-06
816.1,1.58665880E-06
816.2,1.57734475E-06
816.3,1.56808944E-06
816.4,1.55889232E-06
816.5,1.54975289E-06
816.6,1.54067062E-06
816.7,1.53164500E-06
816.8,1.52267553E-06
816.9,1.51376171E-06
817.0,1.50490305E-06
817.1,1.49609906E-06
817.2,1.48734925E-06
817.3,1.47865315E-06
817.4,1.47001029E-06
817.5,1.46142021E-06
817.6,1.45288243E-06
817.7,1.44439651E-06
817.8,1.43596199E-06
817.9,1.42757843E-06
818.0,1.41924539E-06
818.1,1.41096243E-06
818.2,1.40272912E-06
818.3,1.39454503E-06
818.4,1.38640975E-06
818.5,1.37832284E-06
818.6,1.37028392E-06
818.7,1.36229255E-06
818.8,1.35434835E-06
818.9,1.34645092E-06
819.0,1.33859985E-06
819.1,1.33079476E-06
819.2,1.32303527E-06
819.3,1.31532099E-06
819.4,1.30765154E-06
819.5,1.30002656E-06
819.6,1.29244567E-06
819.7,1.28490851E-06
819.8,1.27741472E-06
819.9,1.26996395E-06
820.0,1.26255583E-06
820.1,1.25519005E-06
820.2,1.24786639E-06
820.3,1.24058467E-06
820.4,1.23334470E-06
820.5,1.22614630E-06
820.6,1.21898926E-06
820.7,1.21187342E-06
820.8,1.20479858E-06
820.9,1.19776455E-06
821.0,1.19077116E-06
821.1,1.18381821E-06
821.2,1.17690551E-06
821.3,1.17003290E-06
821.4,1.16320017E-06
821.5,1.15640714E-06
821.6,1.14965363E-06
821.7,1.14293946E-06
821.8,1.13626444E-06
821.9,1.12962838E-06
822.0,1.12303111E-06
822.1,1.11647244E-06
822.2,1.10995219E-06
822.3,1.10347017E-06
822.4,1.09702621E-06
822.5,1.09062011E-06
822.6,1.08425171E-06
822.7,1.07792081E-06
822.8,1.07162724E-06
822.9,1.06537082E-06
823.0,1.05915137E-06
823.1,1.05296870E-06
823.2,1.04682264E-06
823.3,1.04071301E-06
823.4,1.03463963E-06
823.5,1.02860233E-06
823.6,1.02260091E-06
823.7,1.01663522E-06
823.8,1.01070506E-06
823.9,1.00481026E-06
824.0,9.98950657E-07
824.1,9.93126061E-07
824.2,9.87336301E-07
824.3,9.81581202E-07
824.4,9.75860589E-07
824.5,9.70174289E-07
824.6,9.64522127E-07
824.7,9.58903932E-07
824.8,9.53319529E-07
824.9,9.47768748E-07
825.0,9.42251416E-07
825.1,9.36767362E-07
825.2,9.31316415E-07
825.3,9.25898405E-07
825.4,9.20513162E-07
825.5,9.15160517E-07
825.6,9.09840301E-07
825.7,9.04552346E-07
825.8,8.99296483E-07
825.9,8.94072546E-07
826.0,8.88880368E-07
826.1,8.83719782E-07
826.2,8.78590623E-07
826.3,8.73492725E-07
826.4,8.68425924E-07
826.5,8.63390055E-07
826.6,8.58384954E-07
826.7,8.53410459E-07
826.8,8.48466407E-07
826.9,8.43552635E-07
827.0,8.38668983E-07
827.1,8.33815288E-07
827.2,8.28991391E-07
827.3,8.24197132E-07
827.4,8.19432351E-07
827.5,8.14696889E-07
827.6,8.09990589E-07
827.7,8.05313291E-07
827.8,8.00664840E-07
827.9,7.96045079E-07
828.0,7.91453851E-07
828.1,7.86891001E-07
828.2,7.82356374E-07
828.3,7.77849816E-07
828.4,7.73371172E-07
828.5,7.68920291E-07
828.6,7.64497018E-07
828.7,7.60101202E-07
828.8,7.55732692E-07
828.9,7.51391337E-07
829.0,7.47076985E-07
829.1,7.42789488E-07
829.2,7.38528696E-07
829.3,7.34294461E-07
829.4,7.30086635E-07
829.5,7.25905070E-07
829.6,7.21749619E-07
829.7,7.17620136E-07
829.8,7.13516476E-07
829.9,7.09438493E-07
830.0,7.05386043E-07