390.0,-3.23942506
390.1,-3.23082759
390.2,-3.22223784
390.3,-3.21365599
390.4,-3.20508223
390.5,-3.19651673
390.6,-3.18795968
390.7,-3.17941126
390.8,-3.17087166
390.9,-3.16234106
391.0,-3.15381964
391.1,-3.14530758
391.2,-3.13680506
391.3,-3.12831228
391.4,-3.11982940
391.5,-3.11135662
391.6,-3.10289411
391.7,-3.09444206
391.8,-3.08600065
391.9,-3.07757007
392.0,-3.06915050
392.1,-3.06074211
392.2,-3.05234510
392.3,-3.04395964
392.4,-3.03558592
392.5,-3.02722413
392.6,-3.01887443
392.7,-3.01053703
392.8,-3.00221209
392.9,-2.99389981
393.0,-2.98560037
393.1,-2.97731394
393.2,-2.96904072
393.3,-2.96078088
393.4,-2.95253461
393.5,-2.94430209
393.6,-2.93608351
393.7,-2.92787904
393.8,-2.91968888
393.9,-2.91151320
394.0,-2.90335219
394.1,-2.89520603
394.2,-2.88707491
394.3,-2.87895900
394.4,-2.87085849
394.5,-2.86277357
394.6,-2.85470441
394.7,-2.84665121
394.8,-2.83861414
394.9,-2.83059339
395.0,-2.82258914
395.1,-2.81460157
395.2,-2.80663088
395.3,-2.79867723
395.4,-2.79074083
395.5,-2.78282184
395.6,-2.77492045
395.7,-2.76703685
395.8,-2.75917122
395.9,-2.75132374
396.0,-2.74349460
396.1,-2.73568399
396.2,-2.72789207
396.3,-2.72011905
396.4,-2.71236510
396.5,-2.70463040
396.6,-2.69691514
396.7,-2.68921951
396.8,-2.68154368
396.9,-2.67388784
397.0,-2.66625218
397.1,-2.65863688
397.2,-2.65104212
397.3,-2.64346809
397.4,-2.63591496
397.5,-2.62838293
397.6,-2.62087218
397.7,-2.61338289
397.8,-2.60591525
397.9,-2.59846943
398.0,-2.59104563
398.1,-2.58364403
398.2,-2.57626480
398.3,-2.56890814
398.4,-2.56157423
398.5,-2.55426326
398.6,-2.54697540
398.7,-2.53971084
398.8,-2.53246977
398.9,-2.52525236
399.0,-2.51805881
399.1,-2.51088929
399.2,-2.50374399
399.3,-2.49662310
399.4,-2.48952680
399.5,-2.48245526
399.6,-2.47540869
399.7,-2.46838725
399.8,-2.46139114
399.9,-2.45442053
400.0,-2.44747561
400.1,-2.44055650
400.2,-2.43366300
400.3,-2.42679486
400.4,-2.41995181
400.5,-2.41313360
400.6,-2.40633996
400.7,-2.39957064
400.8,-2.39282538
400.9,-2.38610392
401.0,-2.37940600
401.1,-2.37273135
401.2,-2.36607972
401.3,-2.35945085
401.4,-2.35284448
401.5,-2.34626035
401.6,-2.33969820
401.7,-2.33315777
401.8,-2.32663880
401.9,-2.32014103
402.0,-2.31366420
402.1,-2.30720806
402.2,-2.30077234
402.3,-2.29435678
402.4,-2.28796113
402.5,-2.28158512
402.6,-2.27522850
402.7,-2.26889100
402.8,-2.26257237
402.9,-2.25627235
403.0,-2.24999067
403.1,-2.24372709
403.2,-2.23748133
403.3,-2.23125315
403.4,-2.22504228
403.5,-2.21884846
403.6,-2.21267143
403.7,-2.20651094
403.8,-2.20036673
403.9,-2.19423853
404.0,-2.18812609
404.1,-2.18202916
404.2,-2.17594746
404.3,-2.16988074
404.4,-2.16382875
404.5,-2.15779122
404.6,-2.15176790
404.7,-2.14575852
404.8,-2.13976284
404.9,-2.13378058
405.0,-2.12781150
405.1,-2.12185543
405.2,-2.11591267
405.3,-2.10998360
405.4,-2.10406860
405.5,-2.09816808
405.6,-2.09228241
405.7,-2.08641198
405.8,-2.08055718
405.9,-2.07471841
406.0,-2.06889604
406.1,-2.06309046
406.2,-2.05730207
406.3,-2.05153124
406.4,-2.04577837
406.5,-2.04004384
406.6,-2.03432805
406.7,-2.02863137
406.8,-2.02295419
406.9,-2.01729690
407.0,-2.01165988
407.1,-2.00604353
407.2,-2.00044823
407.3,-1.99487435
407.4,-1.98932230
407.5,-1.98379244
407.6,-1.97828518
407.7,-1.97280089
407.8,-1.96733996
407.9,-1.96190277
408.0,-1.95648970
408.1,-1.95110115
408.2,-1.94573749
408.3,-1.94039912
408.4,-1.93508640
408.5,-1.92979972
408.6,-1.92453948
408.7,-1.91930604
408.8,-1.91409980
408.9,-1.90892113
409.0,-1.90377042
409.1,-1.89864804
409.2,-1.89355438
409.3,-1.88848982
409.4,-1.88345474
409.5,-1.87844952
409.6,-1.87347454
409.7,-1.86853017
409.8,-1.86361680
409.9,-1.85873481
410.0,-1.85388457
410.1,-1.84906632
410.2,-1.84427975
410.3,-1.83952441
410.4,-1.83479984
410.5,-1.83010559
410.6,-1.82544122
410.7,-1.82080626
410.8,-1.81620028
410.9,-1.81162281
411.0,-1.80707341
411.1,-1.80255162
411.2,-1.79805701
411.3,-1.79358910
411.4,-1.78914747
411.5,-1.78473165
411.6,-1.78034121
411.7,-1.77597568
411.8,-1.77163462
411.9,-1.76731758
412.0,-1.76302412
412.1,-1.75875379
412.2,-1.75450614
412.3,-1.75028072
412.4,-1.74607708
412.5,-1.74189479
412.6,-1.73773339
412.7,-1.73359244
412.8,-1.72947150
412.9,-1.72537012
413.0,-1.72128785
413.1,-1.71722426
413.2,-1.71317889
413.3,-1.70915131
413.4,-1.70514107
413.5,-1.70114774
413.6,-1.69717086
413.7,-1.69321001
413.8,-1.68926473
413.9,-1.68533459
414.0,-1.68141914
414.1,-1.67751796
414.2,-1.67363059
414.3,-1.66975660
414.4,-1.66589556
414.5,-1.66204702
414.6,-1.65821054
414.7,-1.65438570
414.8,-1.65057205
414.9,-1.64676916
415.0,-1.64297658
415.1,-1.63919401
415.2,-1.63542157
415.3,-1.63165950
415.4,-1.62790804
415.5,-1.62416745
415.6,-1.62043795
415.7,-1.61671979
415.8,-1.61301322
415.9,-1.60931848
416.0,-1.60563580
416.1,-1.60196543
416.2,-1.59830760
416.3,-1.59466257
416.4,-1.59103056
416.5,-1.58741182
416.6,-1.58380659
416.7,-1.58021511
416.8,-1.57663761
416.9,-1.57307434
417.0,-1.56952553
417.1,-1.56599142
417.2,-1.56247226
417.3,-1.55896827
417.4,-1.55547970
417.5,-1.55200677
417.6,-1.54854974
417.7,-1.54510883
417.8,-1.54168429
417.9,-1.53827634
418.0,-1.53488523
418.1,-1.53151119
418.2,-1.52815445
418.3,-1.52481525
418.4,-1.52149383
418.5,-1.51819041
418.6,-1.51490524
418.7,-1.51163855
418.8,-1.50839056
418.9,-1.50516152
419.0,-1.50195166
419.1,-1.49876120
419.2,-1.49559039
419.3,-1.49243945
419.4,-1.48930861
419.5,-1.48619811
419.6,-1.48310817
419.7,-1.48003904
419.8,-1.47699093
419.9,-1.47396407
420.0,-1.47095871
420.1,-1.46797495
420.2,-1.46501247
420.3,-1.46207082
420.4,-1.45914959
420.5,-1.45624831
420.6,-1.45336657
420.7,-1.45050392
420.8,-1.44765993
420.9,-1.44483416
421.0,-1.44202618
421.1,-1.43923555
421.2,-1.43646184
421.3,-1.43370461
421.4,-1.43096343
421.5,-1.42823787
421.6,-1.42552750
421.7,-1.42283187
421.8,-1.42015057
421.9,-1.41748315
422.0,-1.41482919
422.1,-1.41218825
422.2,-1.40955992
422.3,-1.40694374
422.4,-1.40433931
422.5,-1.40174618
422.6,-1.39916393
422.7,-1.39659213
422.8,-1.39403036
422.9,-1.39147818
423.0,-1.38893517
423.1,-1.38640090
423.2,-1.38387494
423.3,-1.38135688
423.4,-1.37884628
423.5,-1.37634273
423.6,-1.37384579
423.7,-1.37135504
423.8,-1.36887006
423.9,-1.36639043
424.0,-1.36391572
424.1,-1.36144551
424.2,-1.35897939
424.3,-1.35651692
424.4,-1.35405768
424.5,-1.35160127
424.6,-1.34914725
424.7,-1.34669521
424.8,-1.34424473
424.9,-1.34179538
425.0,-1.33934676
425.1,-1.33689853
425.2,-1.33445075
425.3,-1.33200356
425.4,-1.32955709
425.5,-1.32711150
425.6,-1.32466693
425.7,-1.32222351
425.8,-1.31978140
425.9,-1.31734072
426.0,-1.31490162
426.1,-1.31246425
426.2,-1.31002873
426.3,-1.30759522
426.4,-1.30516385
426.5,-1.30273475
426.6,-1.30030808
426.7,-1.29788396
426.8,-1.29546254
426.9,-1.29304395
427.0,-1.29062833
427.1,-1.28821582
427.2,-1.28580655
427.3,-1.28340067
427.4,-1.28099831
427.5,-1.27859960
427.6,-1.27620468
427.7,-1.27381369
427.8,-1.27142676
427.9,-1.26904403
428.0,-1.26666563
428.1,-1.26429169
428.2,-1.26192236
428.3,-1.25955776
428.4,-1.25719803
428.5,-1.25484330
428.6,-1.25249370
428.7,-1.25014937
428.8,-1.24781044
428.9,-1.24547705
429.0,-1.24314931
429.1,-1.24082737
429.2,-1.23851136
429.3,-1.23620140
429.4,-1.23389764
429.5,-1.23160019
429.6,-1.22930918
429.7,-1.22702476
429.8,-1.22474704
429.9,-1.22247616
430.0,-1.22021224
430.1,-1.21795539
430.2,-1.21570561
430.3,-1.21346287
430.4,-1.21122714
430.5,-1.20899839
430.6,-1.20677661
430.7,-1.20456177
430.8,-1.20235384
430.9,-1.20015280
431.0,-1.19795862
431.1,-1.19577129
431.2,-1.19359077
431.3,-1.19141705
431.4,-1.18925010
431.5,-1.18708991
431.6,-1.18493644
431.7,-1.18278968
431.8,-1.18064961
431.9,-1.17851621
432.0,-1.17638946
432.1,-1.17426934
432.2,-1.17215582
432.3,-1.17004890
432.4,-1.16794855
432.5,-1.16585475
432.6,-1.16376749
432.7,-1.16168676
432.8,-1.15961252
432.9,-1.15754478
433.0,-1.15548350
433.1,-1.15342869
433.2,-1.15138031
433.3,-1.14933836
433.4,-1.14730282
433.5,-1.14527369
433.6,-1.14325093
433.7,-1.14123455
433.8,-1.13922453
433.9,-1.13722086
434.0,-1.13522352
434.1,-1.13323250
434.2,-1.13124779
434.3,-1.12926939
434.4,-1.12729727
434.5,-1.12533144
434.6,-1.12337187
434.7,-1.12141856
434.8,-1.11947151
434.9,-1.11753069
435.0,-1.11559611
435.1,-1.11366776
435.2,-1.11174575
435.3,-1.10983016
435.4,-1.10792112
435.5,-1.10601871
435.6,-1.10412304
435.7,-1.10223423
435.8,-1.10035236
435.9,-1.09847754
436.0,-1.09660987
436.1,-1.09474946
436.2,-1.09289641
436.3,-1.09105081
436.4,-1.08921278
436.5,-1.08738240
436.6,-1.08555978
436.7,-1.08374503
436.8,-1.08193823
436.9,-1.08013949
437.0,-1.07834892
437.1,-1.07656660
437.2,-1.07479263
437.3,-1.07302713
437.4,-1.07127018
437.5,-1.06952188
437.6,-1.06778233
437.7,-1.06605163
437.8,-1.06432987
437.9,-1.06261716
438.0,-1.06091359
438.1,-1.05921926
438.2,-1.05753426
438.3,-1.05585869
438.4,-1.05419264
438.5,-1.05253622
438.6,-1.05088952
438.7,-1.04925263
438.8,-1.04762565
438.9,-1.04600868
439.0,-1.04440180
439.1,-1.04280512
439.2,-1.04121873
439.3,-1.03964272
439.4,-1.03807719
439.5,-1.03652224
439.6,-1.03497794
439.7,-1.03344441
439.8,-1.03192173
439.9,-1.03041000
440.0,-1.02890930
440.1,-1.02741967
440.2,-1.02594086
440.3,-1.02447255
440.4,-1.02301443
440.5,-1.02156619
440.6,-1.02012751
440.7,-1.01869808
440.8,-1.01727758
440.9,-1.01586571
441.0,-1.01446214
441.1,-1.01306657
441.2,-1.01167868
441.3,-1.01029815
441.4,-1.00892468
441.5,-1.00755796
441.6,-1.00619766
441.7,-1.00484348
441.8,-1.00349510
441.9,-1.00215221
442.0,-1.00081450
442.1,-0.99948165
442.2,-0.99815335
442.3,-0.99682930
442.4,-0.99550917
442.5,-0.99419266
442.6,-0.99287944
442.7,-0.99156922
442.8,-0.99026168
442.9,-0.98895651
443.0,-0.98765339
443.1,-0.98635201
443.2,-0.98505206
443.3,-0.98375323
443.4,-0.98245521
443.5,-0.98115768
443.6,-0.97986034
443.7,-0.97856287
443.8,-0.97726497
443.9,-0.97596631
444.0,-0.97466659
444.1,-0.97336550
444.2,-0.97206273
444.3,-0.97075796
444.4,-0.96945089
444.5,-0.96814120
444.6,-0.96682858
444.7,-0.96551273
444.8,-0.96419333
444.9,-0.96287007
445.0,-0.96154264
445.1,-0.96021083
445.2,-0.95887482
445.3,-0.95753488
445.4,-0.95619130
445.5,-0.95484436
445.6,-0.95349433
445.7,-0.95214148
445.8,-0.95078611
445.9,-0.94942848
446.0,-0.94806888
446.1,-0.94670759
446.2,-0.94534488
446.3,-0.94398102
446.4,-0.94261631
446.5,-0.94125102
446.6,-0.93988542
446.7,-0.93851980
446.8,-0.93715443
446.9,-0.93578959
447.0,-0.93442556
447.1,-0.93306263
447.2,-0.93170105
447.3,-0.93034113
447.4,-0.92898312
447.5,-0.92762732
447.6,-0.92627400
447.7,-0.92492344
447.8,-0.92357592
447.9,-0.92223171
448.0,-0.92089109
448.1,-0.91955435
448.2,-0.91822176
448.3,-0.91689359
448.4,-0.91557014
448.5,-0.91425167
448.6,-0.91293846
448.7,-0.91163080
448.8,-0.91032895
448.9,-0.90903321
449.0,-0.90774384
449.1,-0.90646112
449.2,-0.90518534
449.3,-0.90391677
449.4,-0.90265570
449.5,-0.90140238
449.6,-0.90015712
449.7,-0.89892018
449.8,-0.89769184
449.9,-0.89647238
450.0,-0.89526208
450.1,-0.89406111
450.2,-0.89286921
450.3,-0.89168602
450.4,-0.89051118
450.5,-0.88934432
450.6,-0.88818507
450.7,-0.88703308
450.8,-0.88588798
450.9,-0.88474941
451.0,-0.88361699
451.1,-0.88249038
451.2,-0.88136919
451.3,-0.88025307
451.4,-0.87914166
451.5,-0.87803458
451.6,-0.87693147
451.7,-0.87583197
451.8,-0.87473572
451.9,-0.87364234
452.0,-0.87255148
452.1,-0.87146276
452.2,-0.87037583
452.3,-0.86929031
452.4,-0.86820585
452.5,-0.86712207
452.6,-0.86603861
452.7,-0.86495510
452.8,-0.86387119
452.9,-0.86278649
453.0,-0.86170066
453.1,-0.86061331
453.2,-0.85952409
453.3,-0.85843263
453.4,-0.85733856
453.5,-0.85624152
453.6,-0.85514114
453.7,-0.85403705
453.8,-0.85292888
453.9,-0.85181628
454.0,-0.85069887
454.1,-0.84957629
454.2,-0.84844817
454.3,-0.84731415
454.4,-0.84617384
454.5,-0.84502690
454.6,-0.84387295
454.7,-0.84271163
454.8,-0.84154256
454.9,-0.84036539
455.0,-0.83917973
455.1,-0.83798531
455.2,-0.83678215
455.3,-0.83557035
455.4,-0.83435002
455.5,-0.83312126
455.6,-0.83188418
455.7,-0.83063888
455.8,-0.82938546
455.9,-0.82812403
456.0,-0.82685469
456.1,-0.82557755
456.2,-0.82429271
456.3,-0.82300028
456.4,-0.82170037
456.5,-0.82039307
456.6,-0.81907849
456.7,-0.81775673
456.8,-0.81642791
456.9,-0.81509213
457.0,-0.81374949
457.1,-0.81240009
457.2,-0.81104405
457.3,-0.80968146
457.4,-0.80831244
457.5,-0.80693709
457.6,-0.80555552
457.7,-0.80416782
457.8,-0.80277411
457.9,-0.80137450
458.0,-0.79996908
458.1,-0.79855796
458.2,-0.79714126
458.3,-0.79571908
458.4,-0.79429151
458.5,-0.79285868
458.6,-0.79142068
458.7,-0.78997763
458.8,-0.78852962
458.9,-0.78707677
459.0,-0.78561919
459.1,-0.78415697
459.2,-0.78269023
459.3,-0.78121907
459.4,-0.77974360
459.5,-0.77826393
459.6,-0.77678016
459.7,-0.77529240
459.8,-0.77380077
459.9,-0.77230536
460.0,-0.77080628
460.1,-0.76930365
460.2,-0.76779766
460.3,-0.76628850
460.4,-0.76477636
460.5,-0.76326143
460.6,-0.76174390
460.7,-0.76022398
460.8,-0.75870185
460.9,-0.75717770
461.0,-0.75565173
461.1,-0.75412413
461.2,-0.75259509
461.3,-0.75106481
461.4,-0.74953348
461.5,-0.74800129
461.6,-0.74646843
461.7,-0.74493510
461.8,-0.74340149
461.9,-0.74186780
462.0,-0.74033421
462.1,-0.73880091
462.2,-0.73726811
462.3,-0.73573600
462.4,-0.73420475
462.5,-0.73267458
462.6,-0.73114567
462.7,-0.72961821
462.8,-0.72809240
462.9,-0.72656843
463.0,-0.72504650
463.1,-0.72352678
463.2,-0.72200949
463.3,-0.72049480
463.4,-0.71898292
463.5,-0.71747403
463.6,-0.71596833
463.7,-0.71446601
463.8,-0.71296727
463.9,-0.71147229
464.0,-0.70998127
464.1,-0.70849440
464.2,-0.70701188
464.3,-0.70553389
464.4,-0.70406063
464.5,-0.70259230
464.6,-0.70112908
464.7,-0.69967116
464.8,-0.69821875
464.9,-0.69677203
465.0,-0.69533120
465.1,-0.69389640
465.2,-0.69246762
465.3,-0.69104480
465.4,-0.68962788
465.5,-0.68821679
465.6,-0.68681147
465.7,-0.68541187
465.8,-0.68401792
465.9,-0.68262956
466.0,-0.68124674
466.1,-0.67986938
466.2,-0.67849744
466.3,-0.67713085
466.4,-0.67576954
466.5,-0.67441347
466.6,-0.67306256
466.7,-0.67171676
466.8,-0.67037601
466.9,-0.66904024
467.0,-0.66770941
467.1,-0.66638343
467.2,-0.66506226
467.3,-0.66374584
467.4,-0.66243410
467.5,-0.66112699
467.6,-0.65982444
467.7,-0.65852640
467.8,-0.65723280
467.9,-0.65594358
468.0,-0.65465869
468.1,-0.65337806
468.2,-0.65210163
468.3,-0.65082934
468.4,-0.64956114
468.5,-0.64829696
468.6,-0.64703675
468.7,-0.64578043
468.8,-0.64452796
468.9,-0.64327928
469.0,-0.64203431
469.1,-0.64079301
469.2,-0.63955531
469.3,-0.63832115
469.4,-0.63709048
469.5,-0.63586323
469.6,-0.63463934
469.7,-0.63341875
469.8,-0.63220141
469.9,-0.63098726
470.0,-0.62977622
470.1,-0.62856825
470.2,-0.62736325
470.3,-0.62616115
470.4,-0.62496184
470.5,-0.62376526
470.6,-0.62257130
470.7,-0.62137988
470.8,-0.62019092
470.9,-0.61900432
471.0,-0.61782001
471.1,-0.61663788
471.2,-0.61545786
471.3,-0.61427986
471.4,-0.61310378
471.5,-0.61192955
471.6,-0.61075707
471.7,-0.60958625
471.8,-0.60841701
471.9,-0.60724926
472.0,-0.60608291
472.1,-0.60491787
472.2,-0.60375406
472.3,-0.60259138
472.4,-0.60142975
472.5,-0.60026908
472.6,-0.59910927
472.7,-0.59795025
472.8,-0.59679192
472.9,-0.59563420
473.0,-0.59447699
473.1,-0.59332020
473.2,-0.59216376
473.3,-0.59100756
473.4,-0.58985152
473.5,-0.58869554
473.6,-0.58753955
473.7,-0.58638345
473.8,-0.58522715
473.9,-0.58407057
474.0,-0.58291360
474.1,-0.58175617
474.2,-0.58059818
474.3,-0.57943954
474.4,-0.57828017
474.5,-0.57711997
474.6,-0.57595885
474.7,-0.57479673
474.8,-0.57363351
474.9,-0.57246910
475.0,-0.57130341
475.1,-0.57013637
475.2,-0.56896797
475.3,-0.56779821
475.4,-0.56662710
475.5,-0.56545465
475.6,-0.56428087
475.7,-0.56310575
475.8,-0.56192932
475.9,-0.56075157
476.0,-0.55957251
476.1,-0.55839214
476.2,-0.55721048
476.3,-0.55602753
476.4,-0.55484330
476.5,-0.55365780
476.6,-0.55247102
476.7,-0.55128299
476.8,-0.55009370
476.9,-0.54890316
477.0,-0.54771138
477.1,-0.54651837
477.2,-0.54532412
477.3,-0.54412866
477.4,-0.54293199
477.5,-0.54173411
477.6,-0.54053503
477.7,-0.53933475
477.8,-0.53813330
477.9,-0.53693066
478.0,-0.53572686
478.1,-0.53452189
478.2,-0.53331576
478.3,-0.53210849
478.4,-0.53090007
478.5,-0.52969052
478.6,-0.52847984
478.7,-0.52726804
478.8,-0.52605513
478.9,-0.52484112
479.0,-0.52362601
479.1,-0.52240981
479.2,-0.52119252
479.3,-0.51997416
479.4,-0.51875473
479.5,-0.51753425
479.6,-0.51631271
479.7,-0.51509013
479.8,-0.51386651
479.9,-0.51264186
480.0,-0.51141619
480.1,-0.51018953
480.2,-0.50896199
480.3,-0.50773372
480.4,-0.50650485
480.5,-0.50527552
480.6,-0.50404586
480.7,-0.50281602
480.8,-0.50158613
480.9,-0.50035634
481.0,-0.49912678
481.1,-0.49789759
481.2,-0.49666891
481.3,-0.49544088
481.4,-0.49421363
481.5,-0.49298731
481.6,-0.49176205
481.7,-0.49053800
481.8,-0.48931529
481.9,-0.48809407
482.0,-0.48687447
482.1,-0.48565663
482.2,-0.48444070
482.3,-0.48322680
482.4,-0.48201509
482.5,-0.48080570
482.6,-0.47959878
482.7,-0.47839445
482.8,-0.47719287
482.9,-0.47599418
483.0,-0.47479850
483.1,-0.47360600
483.2,-0.47241679
483.3,-0.47123104
483.4,-0.47004887
483.5,-0.46887043
483.6,-0.46769586
483.7,-0.46652530
483.8,-0.46535890
483.9,-0.46419679
484.0,-0.46303911
484.1,-0.46188601
484.2,-0.46073763
484.3,-0.45959411
484.4,-0.45845560
484.5,-0.45732222
484.6,-0.45619414
484.7,-0.45507149
484.8,-0.45395440
484.9,-0.45284303
485.0,-0.45173752
485.1,-0.45063794
485.2,-0.44954407
485.3,-0.44845563
485.4,-0.44737234
485.5,-0.44629392
485.6,-0.44522007
485.7,-0.44415051
485.8,-0.44308497
485.9,-0.44202314
486.0,-0.44096476
486.1,-0.43990953
486.2,-0.43885716
486.3,-0.43780738
486.4,-0.43675989
486.5,-0.43571441
486.6,-0.43467066
486.7,-0.43362834
486.8,-0.43258717
486.9,-0.43154687
487.0,-0.43050715
487.1,-0.42946771
487.2,-0.42842828
487.3,-0.42738856
487.4,-0.42634827
487.5,-0.42530712
487.6,-0.42426483
487.7,-0.42322110
487.8,-0.42217564
487.9,-0.42112818
488.0,-0.42007841
488.1,-0.41902606
488.2,-0.41797082
488.3,-0.41691242
488.4,-0.41585057
488.5,-0.41478497
488.6,-0.41371533
488.7,-0.41264137
488.8,-0.41156279
488.9,-0.41047931
489.0,-0.40939064
489.1,-0.40829648
489.2,-0.40719654
489.3,-0.40609054
489.4,-0.40497817
489.5,-0.40385916
489.6,-0.40273321
489.7,-0.40160002
489.8,-0.40045930
489.9,-0.39931077
490.0,-0.39815413
490.1,-0.39698918
490.2,-0.39581610
490.3,-0.39463517
490.4,-0.39344667
490.5,-0.39225087
490.6,-0.39104805
490.7,-0.38983849
490.8,-0.38862247
490.9,-0.38740026
491.0,-0.38617213
491.1,-0.38493838
491.2,-0.38369928
491.3,-0.38245510
491.4,-0.38120612
491.5,-0.37995263
491.6,-0.37869490
491.7,-0.37743322
491.8,-0.37616785
491.9,-0.37489909
492.0,-0.37362720
492.1,-0.37235248
492.2,-0.37107520
492.3,-0.36979565
492.4,-0.36851410
492.5,-0.36723083
492.6,-0.36594613
492.7,-0.36466028
492.8,-0.36337356
492.9,-0.36208626
493.0,-0.36079865
493.1,-0.35951102
493.2,-0.35822365
493.3,-0.35693683
493.4,-0.35565084
493.5,-0.35436596
493.6,-0.35308247
493.7,-0.35180067
493.8,-0.35052084
493.9,-0.34924326
494.0,-0.34796822
494.1,-0.34669600
494.2,-0.34542688
494.3,-0.34416117
494.4,-0.34289913
494.5,-0.34164107
494.6,-0.34038726
494.7,-0.33913799
494.8,-0.33789355
494.9,-0.33665423
495.0,-0.33542032
495.1,-0.33419203
495.2,-0.33296931
495.3,-0.33175201
495.4,-0.33054000
495.5,-0.32933316
495.6,-0.32813134
495.7,-0.32693441
495.8,-0.32574225
495.9,-0.32455471
496.0,-0.32337166
496.1,-0.32219296
496.2,-0.32101849
496.3,-0.31984810
496.4,-0.31868167
496.5,-0.31751905
496.6,-0.31636012
496.7,-0.31520473
496.8,-0.31405276
496.9,-0.31290406
497.0,-0.31175850
497.1,-0.31061595
497.2,-0.30947627
497.3,-0.30833932
497.4,-0.30720497
497.5,-0.30607308
497.6,-0.30494352
497.7,-0.30381615
497.8,-0.30269083
497.9,-0.30156743
498.0,-0.30044581
498.1,-0.29932583
498.2,-0.29820736
498.3,-0.29709026
498.4,-0.29597439
498.5,-0.29485962
498.6,-0.29374581
498.7,-0.29263281
498.8,-0.29152051
498.9,-0.29040874
499.0,-0.28929739
499.1,-0.28818631
499.2,-0.28707536
499.3,-0.28596441
499.4,-0.28485331
499.5,-0.28374194
499.6,-0.28263014
499.7,-0.28151779
499.8,-0.28040473
499.9,-0.27929085
500.0,-0.27817599
500.1,-0.27706005
500.2,-0.27594306
500.3,-0.27482508
500.4,-0.27370617
500.5,-0.27258639
500.6,-0.27146580
500.7,-0.27034447
500.8,-0.26922245
500.9,-0.26809980
501.0,-0.26697659
501.1,-0.26585287
501.2,-0.26472872
501.3,-0.26360418
501.4,-0.26247933
501.5,-0.26135421
501.6,-0.26022890
501.7,-0.25910345
501.8,-0.25797793
501.9,-0.25685239
502.0,-0.25572690
502.1,-0.25460152
502.2,-0.25347632
502.3,-0.25235134
502.4,-0.25122666
502.5,-0.25010233
502.6,-0.24897842
502.7,-0.24785499
502.8,-0.24673210
502.9,-0.24560981
503.0,-0.24448819
503.1,-0.24336729
503.2,-0.24224717
503.3,-0.24112791
503.4,-0.24000956
503.5,-0.23889218
503.6,-0.23777583
503.7,-0.23666058
503.8,-0.23554649
503.9,-0.23443362
504.0,-0.23332204
504.1,-0.23221179
504.2,-0.23110296
504.3,-0.22999559
504.4,-0.22888976
504.5,-0.22778552
504.6,-0.22668294
504.7,-0.22558207
504.8,-0.22448299
504.9,-0.22338575
505.0,-0.22229041
505.1,-0.22119704
505.2,-0.22010566
505.3,-0.21901629
505.4,-0.21792895
505.5,-0.21684367
505.6,-0.21576046
505.7,-0.21467936
505.8,-0.21360037
505.9,-0.21252353
506.0,-0.21144885
506.1,-0.21037636
506.2,-0.20930607
506.3,-0.20823801
506.4,-0.20717221
506.5,-0.20610868
506.6,-0.20504744
506.7,-0.20398852
506.8,-0.20293194
506.9,-0.20187772
507.0,-0.20082588
507.1,-0.19977644
507.2,-0.19872943
507.3,-0.19768487
507.4,-0.19664277
507.5,-0.19560317
507.6,-0.19456608
507.7,-0.19353152
507.8,-0.19249952
507.9,-0.19147010
508.0,-0.19044327
508.1,-0.18941907
508.2,-0.18839751
508.3,-0.18737862
508.4,-0.18636241
508.5,-0.18534891
508.6,-0.18433815
508.7,-0.18333013
508.8,-0.18232489
508.9,-0.18132244
509.0,-0.18032281
509.1,-0.17932602
509.2,-0.17833209
509.3,-0.17734105
509.4,-0.17635291
509.5,-0.17536769
509.6,-0.17438542
509.7,-0.17340613
509.8,-0.17242982
509.9,-0.17145653
510.0,-0.17048627
510.1,-0.16951905
510.2,-0.16855483
510.3,-0.16759355
510.4,-0.16663515
510.5,-0.16567957
510.6,-0.16472675
510.7,-0.16377663
510.8,-0.16282916
510.9,-0.16188426
511.0,-0.16094189
511.1,-0.16000199
511.2,-0.15906448
511.3,-0.15812933
511.4,-0.15719645
511.5,-0.15626580
511.6,-0.15533731
511.7,-0.15441093
511.8,-0.15348660
511.9,-0.15256424
512.0,-0.15164382
512.1,-0.15072525
512.2,-0.14980849
512.3,-0.14889348
512.4,-0.14798014
512.5,-0.14706843
512.6,-0.14615828
512.7,-0.14524964
512.8,-0.14434243
512.9,-0.14343661
513.0,-0.14253210
513.1,-0.14162885
513.2,-0.14072680
513.3,-0.13982589
513.4,-0.13892606
513.5,-0.13802723
513.6,-0.13712937
513.7,-0.13623239
513.8,-0.13533625
513.9,-0.13444087
514.0,-0.13354620
514.1,-0.13265218
514.2,-0.13175875
514.3,-0.13086583
514.4,-0.12997338
514.5,-0.12908133
514.6,-0.12818962
514.7,-0.12729818
514.8,-0.12640695
514.9,-0.12551587
515.0,-0.12462489
515.1,-0.12373396
515.2,-0.12284321
515.3,-0.12195279
515.4,-0.12106283
515.5,-0.12017350
515.6,-0.11928494
515.7,-0.11839729
515.8,-0.11751072
515.9,-0.11662537
516.0,-0.11574138
516.1,-0.11485892
516.2,-0.11397812
516.3,-0.11309914
516.4,-0.11222213
516.5,-0.11134724
516.6,-0.11047463
516.7,-0.10960443
516.8,-0.10873681
516.9,-0.10787191
517.0,-0.10700988
517.1,-0.10615089
517.2,-0.10529507
517.3,-0.10444258
517.4,-0.10359357
517.5,-0.10274820
517.6,-0.10190662
517.7,-0.10106898
517.8,-0.10023543
517.9,-0.09940612
518.0,-0.09858121
518.1,-0.09776086
518.2,-0.09694521
518.3,-0.09613442
518.4,-0.09532864
518.5,-0.09452803
518.6,-0.09373274
518.7,-0.09294292
518.8,-0.09215873
518.9,-0.09138033
519.0,-0.09060787
519.1,-0.08984150
519.2,-0.08908137
519.3,-0.08832766
519.4,-0.08758050
519.5,-0.08684005
519.6,-0.08610647
519.7,-0.08537992
519.8,-0.08466055
519.9,-0.08394852
520.0,-0.08324398
520.1,-0.08254705
520.2,-0.08185767
520.3,-0.08117575
520.4,-0.08050120
520.5,-0.07983391
520.6,-0.07917381
520.7,-0.07852079
520.8,-0.07787475
520.9,-0.07723561
521.0,-0.07660326
521.1,-0.07597762
521.2,-0.07535858
521.3,-0.07474606
521.4,-0.07413995
521.5,-0.07354016
521.6,-0.07294659
521.7,-0.07235916
521.8,-0.07177776
521.9,-0.07120230
522.0,-0.07063267
522.1,-0.07006880
522.2,-0.06951057
522.3,-0.06895790
522.4,-0.06841069
522.5,-0.06786883
522.6,-0.06733224
522.7,-0.06680082
522.8,-0.06627447
522.9,-0.06575309
523.0,-0.06523660
523.1,-0.06472488
523.2,-0.06421785
523.3,-0.06371541
523.4,-0.06321746
523.5,-0.06272390
523.6,-0.06223464
523.7,-0.06174958
523.8,-0.06126862
523.9,-0.06079167
524.0,-0.06031862
524.1,-0.05984939
524.2,-0.05938387
524.3,-0.05892197
524.4,-0.05846359
524.5,-0.05800862
524.6,-0.05755699
524.7,-0.05710858
524.8,-0.05666330
524.9,-0.05622105
525.0,-0.05578174
525.1,-0.05534527
525.2,-0.05491162
525.3,-0.05448077
525.4,-0.05405270
525.5,-0.05362738
525.6,-0.05320480
525.7,-0.05278494
525.8,-0.05236777
525.9,-0.05195328
526.0,-0.05154145
526.1,-0.05113226
526.2,-0.05072568
526.3,-0.05032170
526.4,-0.04992029
526.5,-0.04952144
526.6,-0.04912513
526.7,-0.04873133
526.8,-0.04834003
526.9,-0.04795120
527.0,-0.04756483
527.1,-0.04718089
527.2,-0.04679937
527.3,-0.04642025
527.4,-0.04604349
527.5,-0.04566910
527.6,-0.04529703
527.7,-0.04492728
527.8,-0.04455983
527.9,-0.04419464
528.0,-0.04383171
528.1,-0.04347101
528.2,-0.04311253
528.3,-0.04275623
528.4,-0.04240211
528.5,-0.04205014
528.6,-0.04170030
528.7,-0.04135257
528.8,-0.04100693
528.9,-0.04066336
529.0,-0.04032183
529.1,-0.03998234
529.2,-0.03964486
529.3,-0.03930936
529.4,-0.03897583
529.5,-0.03864425
529.6,-0.03831460
529.7,-0.03798685
529.8,-0.03766099
529.9,-0.03733700
530.0,-0.03701485
530.1,-0.03669451
530.2,-0.03637593
530.3,-0.03605902
530.4,-0.03574370
530.5,-0.03542991
530.6,-0.03511756
530.7,-0.03480659
530.8,-0.03449690
530.9,-0.03418844
531.0,-0.03388112
531.1,-0.03357486
531.2,-0.03326960
531.3,-0.03296525
531.4,-0.03266174
531.5,-0.03235899
531.6,-0.03205692
531.7,-0.03175547
531.8,-0.03145455
531.9,-0.03115408
532.0,-0.03085400
532.1,-0.03055422
532.2,-0.03025466
532.3,-0.02995526
532.4,-0.02965594
532.5,-0.02935661
532.6,-0.02905721
532.7,-0.02875764
532.8,-0.02845785
532.9,-0.02815775
533.0,-0.02785727
533.1,-0.02755632
533.2,-0.02725484
533.3,-0.02695274
533.4,-0.02664994
533.5,-0.02634638
533.6,-0.02604198
533.7,-0.02573665
533.8,-0.02543032
533.9,-0.02512291
534.0,-0.02481435
534.1,-0.02450455
534.2,-0.02419345
534.3,-0.02388096
534.4,-0.02356701
534.5,-0.02325152
534.6,-0.02293441
534.7,-0.02261560
534.8,-0.02229502
534.9,-0.02197259
535.0,-0.02164824
535.1,-0.02132191
535.2,-0.02099372
535.3,-0.02066381
535.4,-0.02033232
535.5,-0.01999939
535.6,-0.01966517
535.7,-0.01932980
535.8,-0.01899342
535.9,-0.01865618
536.0,-0.01831821
536.1,-0.01797966
536.2,-0.01764068
536.3,-0.01730140
536.4,-0.01696197
536.5,-0.01662253
536.6,-0.01628323
536.7,-0.01594421
536.8,-0.01560561
536.9,-0.01526758
537.0,-0.01493025
537.1,-0.01459378
537.2,-0.01425831
537.3,-0.01392397
537.4,-0.01359092
537.5,-0.01325930
537.6,-0.01292925
537.7,-0.01260092
537.8,-0.01227444
537.9,-0.01194997
538.0,-0.01162765
538.1,-0.01130762
538.2,-0.01099003
538.3,-0.01067502
538.4,-0.01036273
538.5,-0.01005332
538.6,-0.00974692
538.7,-0.00944368
538.8,-0.00914374
538.9,-0.00884726
539.0,-0.00855436
539.1,-0.00826521
539.2,-0.00797994
539.3,-0.00769870
539.4,-0.00742163
539.5,-0.00714888
539.6,-0.00688059
539.7,-0.00661691
539.8,-0.00635798
539.9,-0.00610396
540.0,-0.00585497
540.1,-0.00561115
540.2,-0.00537252
540.3,-0.00513908
540.4,-0.00491083
540.5,-0.00468777
540.6,-0.00446990
540.7,-0.00425722
540.8,-0.00404973
540.9,-0.00384742
541.0,-0.00365031
541.1,-0.00345839
541.2,-0.00327165
541.3,-0.00309011
541.4,-0.00291375
541.5,-0.00274258
541.6,-0.00257660
541.7,-0.00241581
541.8,-0.00226021
541.9,-0.00210979
542.0,-0.00196456
542.1,-0.00182451
542.2,-0.00168965
542.3,-0.00155997
542.4,-0.00143548
542.5,-0.00131617
542.6,-0.00120204
542.7,-0.00109309
542.8,-0.00098932
542.9,-0.00089074
543.0,-0.00079733
543.1,-0.00070909
543.2,-0.00062604
543.3,-0.00054816
543.4,-0.00047545
543.5,-0.00040791
543.6,-0.00034555
543.7,-0.00028835
543.8,-0.00023633
543.9,-0.00018947
544.0,-0.00014778
544.1,-0.00011125
544.2,-0.00007988
544.3,-0.00005368
544.4,-0.00003263
544.5,-0.00001674
544.6,-0.00000601
544.7,-0.00000043
544.8,0.00000000
544.9,-0.00000472
545.0,-0.00001459
545.1,-0.00002958
545.2,-0.00004951
545.3,-0.00007421
545.4,-0.00010348
545.5,-0.00013713
545.6,-0.00017496
545.7,-0.00021678
545.8,-0.00026240
545.9,-0.00031163
546.0,-0.00036427
546.1,-0.00042014
546.2,-0.00047905
546.3,-0.00054079
546.4,-0.00060518
546.5,-0.00067203
546.6,-0.00074114
546.7,-0.00081233
546.8,-0.00088540
546.9,-0.00096016
547.0,-0.00103642
547.1,-0.00111399
547.2,-0.00119268
547.3,-0.00127229
547.4,-0.00135264
547.5,-0.00143353
547.6,-0.00151478
547.7,-0.00159619
547.8,-0.00167757
547.9,-0.00175873
548.0,-0.00183949
548.1,-0.00191965
548.2,-0.00199902
548.3,-0.00207741
548.4,-0.00215462
548.5,-0.00223049
548.6,-0.00230480
548.7,-0.00237737
548.8,-0.00244801
548.9,-0.00251653
549.0,-0.00258275
549.1,-0.00264647
549.2,-0.00270750
549.3,-0.00276565
549.4,-0.00282074
549.5,-0.00287257
549.6,-0.00292095
549.7,-0.00296570
549.8,-0.00300662
549.9,-0.00304354
550.0,-0.00307625
550.1,-0.00310463
550.2,-0.00312881
550.3,-0.00314898
550.4,-0.00316533
550.5,-0.00317805
550.6,-0.00318733
550.7,-0.00319337
550.8,-0.00319635
550.9,-0.00319646
551.0,-0.00319389
551.1,-0.00318884
551.2,-0.00318149
551.3,-0.00317203
551.4,-0.00316066
551.5,-0.00314755
551.6,-0.00313291
551.7,-0.00311692
551.8,-0.00309976
551.9,-0.00308164
552.0,-0.00306274
552.1,-0.00304324
552.2,-0.00302334
552.3,-0.00300322
552.4,-0.00298308
552.5,-0.00296310
552.6,-0.00294347
552.7,-0.00292439
552.8,-0.00290603
552.9,-0.00288859
553.0,-0.00287225
553.1,-0.00285721
553.2,-0.00284365
553.3,-0.00283177
553.4,-0.00282174
553.5,-0.00281376
553.6,-0.00280801
553.7,-0.00280468
553.8,-0.00280397
553.9,-0.00280605
554.0,-0.00281112
554.1,-0.00281937
554.2,-0.00283097
554.3,-0.00284612
554.4,-0.00286501
554.5,-0.00288782
554.6,-0.00291474
554.7,-0.00294596
554.8,-0.00298166
554.9,-0.00302203
555.0,-0.00306726
555.1,-0.00311748
555.2,-0.00317262
555.3,-0.00323257
555.4,-0.00329721
555.5,-0.00336641
555.6,-0.00344007
555.7,-0.00351805
555.8,-0.00360024
555.9,-0.00368652
556.0,-0.00377677
556.1,-0.00387088
556.2,-0.00396872
556.3,-0.00407018
556.4,-0.00417514
556.5,-0.00428347
556.6,-0.00439507
556.7,-0.00450981
556.8,-0.00462757
556.9,-0.00474825
557.0,-0.00487171
557.1,-0.00499784
557.2,-0.00512652
557.3,-0.00525765
557.4,-0.00539108
557.5,-0.00552672
557.6,-0.00566445
557.7,-0.00580414
557.8,-0.00594567
557.9,-0.00608894
558.0,-0.00623383
558.1,-0.00638021
558.2,-0.00652797
558.3,-0.00667700
558.4,-0.00682717
558.5,-0.00697838
558.6,-0.00713050
558.7,-0.00728342
558.8,-0.00743702
558.9,-0.00759118
559.0,-0.00774580
559.1,-0.00790075
559.2,-0.00805592
559.3,-0.00821119
559.4,-0.00836645
559.5,-0.00852158
559.6,-0.00867647
559.7,-0.00883100
559.8,-0.00898506
559.9,-0.00913852
560.0,-0.00929128
560.1,-0.00944326
560.2,-0.00959448
560.3,-0.00974504
560.4,-0.00989499
560.5,-0.01004441
560.6,-0.01019338
560.7,-0.01034196
560.8,-0.01049023
560.9,-0.01063826
561.0,-0.01078612
561.1,-0.01093388
561.2,-0.01108162
561.3,-0.01122940
561.4,-0.01137730
561.5,-0.01152539
561.6,-0.01167374
561.7,-0.01182242
561.8,-0.01197150
561.9,-0.01212105
562.0,-0.01227115
562.1,-0.01242186
562.2,-0.01257325
562.3,-0.01272540
562.4,-0.01287837
562.5,-0.01303224
562.6,-0.01318707
562.7,-0.01334294
562.8,-0.01349991
562.9,-0.01365806
563.0,-0.01381745
563.1,-0.01397815
563.2,-0.01414024
563.3,-0.01430378
563.4,-0.01446883
563.5,-0.01463548
563.6,-0.01480379
563.7,-0.01497382
563.8,-0.01514565
563.9,-0.01531934
564.0,-0.01549496
564.1,-0.01567259
564.2,-0.01585228
564.3,-0.01603412
564.4,-0.01621815
564.5,-0.01640446
564.6,-0.01659311
564.7,-0.01678417
564.8,-0.01697770
564.9,-0.01717377
565.0,-0.01737245
565.1,-0.01757380
565.2,-0.01777780
565.3,-0.01798446
565.4,-0.01819375
565.5,-0.01840566
565.6,-0.01862019
565.7,-0.01883731
565.8,-0.01905701
565.9,-0.01927928
566.0,-0.01950410
566.1,-0.01973147
566.2,-0.01996138
566.3,-0.02019379
566.4,-0.02042872
566.5,-0.02066613
566.6,-0.02090602
566.7,-0.02114838
566.8,-0.02139319
566.9,-0.02164045
567.0,-0.02189013
567.1,-0.02214223
567.2,-0.02239674
567.3,-0.02265363
567.4,-0.02291291
567.5,-0.02317455
567.6,-0.02343855
567.7,-0.02370489
567.8,-0.02397356
567.9,-0.02424456
568.0,-0.02451786
568.1,-0.02479345
568.2,-0.02507133
568.3,-0.02535149
568.4,-0.02563390
568.5,-0.02591857
568.6,-0.02620547
568.7,-0.02649460
568.8,-0.02678594
568.9,-0.02707950
569.0,-0.02737524
569.1,-0.02767316
569.2,-0.02797326
569.3,-0.02827552
569.4,-0.02857993
569.5,-0.02888647
569.6,-0.02919515
569.7,-0.02950594
569.8,-0.02981884
569.9,-0.03013383
570.0,-0.03045091
570.1,-0.03077008
570.2,-0.03109140
570.3,-0.03141495
570.4,-0.03174080
570.5,-0.03206902
570.6,-0.03239970
570.7,-0.03273290
570.8,-0.03306870
570.9,-0.03340718
571.0,-0.03374840
571.1,-0.03409245
571.2,-0.03443940
571.3,-0.03478932
571.4,-0.03514229
571.5,-0.03549838
571.6,-0.03585766
571.7,-0.03622021
571.8,-0.03658610
571.9,-0.03695541
572.0,-0.03732820
572.1,-0.03770456
572.2,-0.03808455
572.3,-0.03846825
572.4,-0.03885574
572.5,-0.03924707
572.6,-0.03964234
572.7,-0.04004160
572.8,-0.04044493
572.9,-0.04085241
573.0,-0.04126410
573.1,-0.04168009
573.2,-0.04210043
573.3,-0.04252521
573.4,-0.04295449
573.5,-0.04338835
573.6,-0.04382685
573.7,-0.04427008
573.8,-0.04471809
573.9,-0.04517096
574.0,-0.04562877
574.1,-0.04609158
574.2,-0.04655947
574.3,-0.04703250
574.4,-0.04751075
574.5,-0.04799428
574.6,-0.04848316
574.7,-0.04897748
574.8,-0.04947729
574.9,-0.04998266
575.0,-0.05049367
575.1,-0.05101034
575.2,-0.05153250
575.3,-0.05205992
575.4,-0.05259241
575.5,-0.05312973
575.6,-0.05367167
575.7,-0.05421802
575.8,-0.05476856
575.9,-0.05532307
576.0,-0.05588134
576.1,-0.05644316
576.2,-0.05700830
576.3,-0.05757655
576.4,-0.05814771
576.5,-0.05872154
576.6,-0.05929785
576.7,-0.05987640
576.8,-0.06045700
576.9,-0.06103943
577.0,-0.06162346
577.1,-0.06220890
577.2,-0.06279552
577.3,-0.06338311
577.4,-0.06397146
577.5,-0.06456036
577.6,-0.06514959
577.7,-0.06573894
577.8,-0.06632820
577.9,-0.06691716
578.0,-0.06750559
578.1,-0.06809331
578.2,-0.06868008
578.3,-0.06926570
578.4,-0.06984995
578.5,-0.07043264
578.6,-0.07101353
578.7,-0.07159243
578.8,-0.07216913
578.9,-0.07274340
579.0,-0.07331505
579.1,-0.07388386
579.2,-0.07444962
579.3,-0.07501211
579.4,-0.07557114
579.5,-0.07612649
579.6,-0.07667795
579.7,-0.07722531
579.8,-0.07776835
579.9,-0.07830688
580.0,-0.07884068
580.1,-0.07936961
580.2,-0.07989377
580.3,-0.08041337
580.4,-0.08092858
580.5,-0.08143959
580.6,-0.08194657
580.7,-0.08244971
580.8,-0.08294921
580.9,-0.08344523
581.0,-0.08393796
581.1,-0.08442759
581.2,-0.08491430
581.3,-0.08539827
581.4,-0.08587969
581.5,-0.08635875
581.6,-0.08683561
581.7,-0.08731048
581.8,-0.08778353
581.9,-0.08825494
582.0,-0.08872490
582.1,-0.08919360
582.2,-0.08966122
582.3,-0.09012793
582.4,-0.09059394
582.5,-0.09105941
582.6,-0.09152455
582.7,-0.09198952
582.8,-0.09245451
582.9,-0.09291971
583.0,-0.09338531
583.1,-0.09385148
583.2,-0.09431841
583.3,-0.09478629
583.4,-0.09525531
583.5,-0.09572564
583.6,-0.09619747
583.7,-0.09667099
583.8,-0.09714638
583.9,-0.09762383
584.0,-0.09810352
584.1,-0.09858564
584.2,-0.09907037
584.3,-0.09955790
584.4,-0.10004841
584.5,-0.10054210
584.6,-0.10103914
584.7,-0.10153972
584.8,-0.10204402
584.9,-0.10255224
585.0,-0.10306455
585.1,-0.10358112
585.2,-0.10410194
585.3,-0.10462699
585.4,-0.10515625
585.5,-0.10568968
585.6,-0.10622727
585.7,-0.10676898
585.8,-0.10731478
585.9,-0.10786466
586.0,-0.10841858
586.1,-0.10897651
586.2,-0.10953843
586.3,-0.11010432
586.4,-0.11067413
586.5,-0.11124784
586.6,-0.11182543
586.7,-0.11240687
586.8,-0.11299212
586.9,-0.11358117
587.0,-0.11417397
587.1,-0.11477050
587.2,-0.11537074
587.3,-0.11597465
587.4,-0.11658220
587.5,-0.11719337
587.6,-0.11780812
587.7,-0.11842642
587.8,-0.11904825
587.9,-0.11967357
588.0,-0.12030235
588.1,-0.12093457
588.2,-0.12157019
588.3,-0.12220918
588.4,-0.12285152
588.5,-0.12349716
588.6,-0.12414609
588.7,-0.12479826
588.8,-0.12545365
588.9,-0.12611222
589.0,-0.12677395
589.1,-0.12743880
589.2,-0.12810674
589.3,-0.12877774
589.4,-0.12945177
589.5,-0.13012879
589.6,-0.13080877
589.7,-0.13149168
589.8,-0.13217749
589.9,-0.13286617
590.0,-0.13355767
590.1,-0.13425198
590.2,-0.13494908
590.3,-0.13564895
590.4,-0.13635160
590.5,-0.13705700
590.6,-0.13776516
590.7,-0.13847606
590.8,-0.13918968
590.9,-0.13990603
591.0,-0.14062510
591.1,-0.14134687
591.2,-0.14207133
591.3,-0.14279848
591.4,-0.14352831
591.5,-0.14426081
591.6,-0.14499597
591.7,-0.14573378
591.8,-0.14647424
591.9,-0.14721733
592.0,-0.14796305
592.1,-0.14871140
592.2,-0.14946235
592.3,-0.15021592
592.4,-0.15097208
592.5,-0.15173083
592.6,-0.15249217
592.7,-0.15325608
592.8,-0.15402256
592.9,-0.15479160
593.0,-0.15556320
593.1,-0.15633735
593.2,-0.15711404
593.3,-0.15789326
593.4,-0.15867502
593.5,-0.15945930
593.6,-0.16024609
593.7,-0.16103540
593.8,-0.16182720
593.9,-0.16262151
594.0,-0.16341831
594.1,-0.16421760
594.2,-0.16501938
594.3,-0.16582362
594.4,-0.16663034
594.5,-0.16743953
594.6,-0.16825117
594.7,-0.16906528
594.8,-0.16988183
594.9,-0.17070083
595.0,-0.17152227
595.1,-0.17234615
595.2,-0.17317245
595.3,-0.17400115
595.4,-0.17483226
595.5,-0.17566574
595.6,-0.17650158
595.7,-0.17733978
595.8,-0.17818031
595.9,-0.17902315
596.0,-0.17986831
596.1,-0.18071575
596.2,-0.18156546
596.3,-0.18241744
596.4,-0.18327165
596.5,-0.18412810
596.6,-0.18498675
596.7,-0.18584760
596.8,-0.18671063
596.9,-0.18757583
597.0,-0.18844317
597.1,-0.18931264
597.2,-0.19018423
597.3,-0.19105792
597.4,-0.19193369
597.5,-0.19281152
597.6,-0.19369141
597.7,-0.19457332
597.8,-0.19545726
597.9,-0.19634319
598.0,-0.19723110
598.1,-0.19812098
598.2,-0.19901281
598.3,-0.19990656
598.4,-0.20080223
598.5,-0.20169979
598.6,-0.20259924
598.7,-0.20350054
598.8,-0.20440368
598.9,-0.20530865
599.0,-0.20621543
599.1,-0.20712399
599.2,-0.20803433
599.3,-0.20894642
599.4,-0.20986024
599.5,-0.21077578
599.6,-0.21169302
599.7,-0.21261194
599.8,-0.21353251
599.9,-0.21445473
600.0,-0.21537857
600.1,-0.21630403
600.2,-0.21723112
600.3,-0.21815990
600.4,-0.21909039
600.5,-0.22002264
600.6,-0.22095668
600.7,-0.22189255
600.8,-0.22283029
600.9,-0.22376994
601.0,-0.22471154
601.1,-0.22565512
601.2,-0.22660072
601.3,-0.22754839
601.4,-0.22849816
601.5,-0.22945007
601.6,-0.23040416
601.7,-0.23136047
601.8,-0.23231904
601.9,-0.23327992
602.0,-0.23424313
602.1,-0.23520872
602.2,-0.23617673
602.3,-0.23714720
602.4,-0.23812018
602.5,-0.23909569
602.6,-0.24007379
602.7,-0.24105452
602.8,-0.24203790
602.9,-0.24302400
603.0,-0.24401284
603.1,-0.24500447
603.2,-0.24599893
603.3,-0.24699626
603.4,-0.24799651
603.5,-0.24899971
603.6,-0.25000591
603.7,-0.25101515
603.8,-0.25202747
603.9,-0.25304292
604.0,-0.25406154
604.1,-0.25508337
604.2,-0.25610845
604.3,-0.25713683
604.4,-0.25816855
604.5,-0.25920365
604.6,-0.26024218
604.7,-0.26128418
604.8,-0.26232970
604.9,-0.26337877
605.0,-0.26443144
605.1,-0.26548775
605.2,-0.26654767
605.3,-0.26761119
605.4,-0.26867829
605.5,-0.26974892
605.6,-0.27082308
605.7,-0.27190073
605.8,-0.27298186
605.9,-0.27406642
606.0,-0.27515441
606.1,-0.27624579
606.2,-0.27734053
606.3,-0.27843862
606.4,-0.27954003
606.5,-0.28064473
606.6,-0.28175270
606.7,-0.28286391
606.8,-0.28397834
606.9,-0.28509595
607.0,-0.28621673
607.1,-0.28734065
607.2,-0.28846769
607.3,-0.28959781
607.4,-0.29073100
607.5,-0.29186723
607.6,-0.29300646
607.7,-0.29414868
607.8,-0.29529387
607.9,-0.29644199
608.0,-0.29759301
608.1,-0.29874692
608.2,-0.29990369
608.3,-0.30106329
608.4,-0.30222570
608.5,-0.30339089
608.6,-0.30455883
608.7,-0.30572950
608.8,-0.30690287
608.9,-0.30807892
609.0,-0.30925762
609.1,-0.31043895
609.2,-0.31162287
609.3,-0.31280937
609.4,-0.31399842
609.5,-0.31518999
609.6,-0.31638405
609.7,-0.31758058
609.8,-0.31877956
609.9,-0.31998095
610.0,-0.32118474
610.1,-0.32239089
610.2,-0.32359943
610.3,-0.32481035
610.4,-0.32602368
610.5,-0.32723943
610.6,-0.32845762
610.7,-0.32967824
610.8,-0.33090133
610.9,-0.33212689
611.0,-0.33335494
611.1,-0.33458548
611.2,-0.33581854
611.3,-0.33705412
611.4,-0.33829225
611.5,-0.33953293
611.6,-0.34077617
611.7,-0.34202200
611.8,-0.34327042
611.9,-0.34452145
612.0,-0.34577509
612.1,-0.34703138
612.2,-0.34829031
612.3,-0.34955191
612.4,-0.35081618
612.5,-0.35208314
612.6,-0.35335281
612.7,-0.35462519
612.8,-0.35590030
612.9,-0.35717816
613.0,-0.35845877
613.1,-0.35974216
613.2,-0.36102833
613.3,-0.36231730
613.4,-0.36360909
613.5,-0.36490370
613.6,-0.36620115
613.7,-0.36750146
613.8,-0.36880463
613.9,-0.37011069
614.0,-0.37141964
614.1,-0.37273150
614.2,-0.37404629
614.3,-0.37536401
614.4,-0.37668469
614.5,-0.37800833
614.6,-0.37933494
614.7,-0.38066456
614.8,-0.38199717
614.9,-0.38333281
615.0,-0.38467149
615.1,-0.38601320
615.2,-0.38735791
615.3,-0.38870556
615.4,-0.39005610
615.5,-0.39140948
615.6,-0.39276565
615.7,-0.39412455
615.8,-0.39548612
615.9,-0.39685033
616.0,-0.39821711
616.1,-0.39958641
616.2,-0.40095818
616.3,-0.40233237
616.4,-0.40370892
616.5,-0.40508778
616.6,-0.40646889
616.7,-0.40785221
616.8,-0.40923769
616.9,-0.41062525
617.0,-0.41201487
617.1,-0.41340647
617.2,-0.41480001
617.3,-0.41619544
617.4,-0.41759270
617.5,-0.41899174
617.6,-0.42039250
617.7,-0.42179493
617.8,-0.42319899
617.9,-0.42460460
618.0,-0.42601173
618.1,-0.42742032
618.2,-0.42883031
618.3,-0.43024166
618.4,-0.43165430
618.5,-0.43306818
618.6,-0.43448326
618.7,-0.43589947
618.8,-0.43731677
618.9,-0.43873509
619.0,-0.44015439
619.1,-0.44157462
619.2,-0.44299571
619.3,-0.44441761
619.4,-0.44584028
619.5,-0.44726365
619.6,-0.44868768
619.7,-0.45011230
619.8,-0.45153747
619.9,-0.45296313
620.0,-0.45438923
620.1,-0.45581574
620.2,-0.45724279
620.3,-0.45867051
620.4,-0.46009905
620.5,-0.46152857
620.6,-0.46295921
620.7,-0.46439112
620.8,-0.46582445
620.9,-0.46725934
621.0,-0.46869594
621.1,-0.47013441
621.2,-0.47157488
621.3,-0.47301751
621.4,-0.47446246
621.5,-0.47590985
621.6,-0.47735986
621.7,-0.47881261
621.8,-0.48026827
621.9,-0.48172699
622.0,-0.48318890
622.1,-0.48465417
622.2,-0.48612294
622.3,-0.48759536
622.4,-0.48907158
622.5,-0.49055175
622.6,-0.49203602
622.7,-0.49352455
622.8,-0.49501747
622.9,-0.49651495
623.0,-0.49801712
623.1,-0.49952415
623.2,-0.50103619
623.3,-0.50255337
623.4,-0.50407586
623.5,-0.50560381
623.6,-0.50713736
623.7,-0.50867667
623.8,-0.51022188
623.9,-0.51177316
624.0,-0.51333064
624.1,-0.51489449
624.2,-0.51646485
624.3,-0.51804187
624.4,-0.51962570
624.5,-0.52121651
624.6,-0.52281443
624.7,-0.52441962
624.8,-0.52603223
624.9,-0.52765241
625.0,-0.52928032
625.1,-0.53091606
625.2,-0.53255957
625.3,-0.53421072
625.4,-0.53586943
625.5,-0.53753557
625.6,-0.53920903
625.7,-0.54088970
625.8,-0.54257747
625.9,-0.54427224
626.0,-0.54597388
626.1,-0.54768229
626.2,-0.54939736
626.3,-0.55111898
626.4,-0.55284703
626.5,-0.55458140
626.6,-0.55632199
626.7,-0.55806867
626.8,-0.55982135
626.9,-0.56157990
627.0,-0.56334422
627.1,-0.56511419
627.2,-0.56688971
627.3,-0.56867066
627.4,-0.57045693
627.5,-0.57224840
627.6,-0.57404497
627.7,-0.57584652
627.8,-0.57765295
627.9,-0.57946414
628.0,-0.58127997
628.1,-0.58310035
628.2,-0.58492514
628.3,-0.58675425
628.4,-0.58858756
628.5,-0.59042495
628.6,-0.59226633
628.7,-0.59411156
628.8,-0.59596055
628.9,-0.59781318
629.0,-0.59966934
629.1,-0.60152891
629.2,-0.60339178
629.3,-0.60525784
629.4,-0.60712698
629.5,-0.60899909
629.6,-0.61087405
629.7,-0.61275176
629.8,-0.61463209
629.9,-0.61651494
630.0,-0.61840019
630.1,-0.62028775
630.2,-0.62217758
630.3,-0.62406966
630.4,-0.62596397
630.5,-0.62786050
630.6,-0.62975923
630.7,-0.63166013
630.8,-0.63356318
630.9,-0.63546838
631.0,-0.63737569
631.1,-0.63928509
631.2,-0.64119658
631.3,-0.64311013
631.4,-0.64502571
631.5,-0.64694332
631.6,-0.64886293
631.7,-0.65078452
631.8,-0.65270807
631.9,-0.65463357
632.0,-0.65656099
632.1,-0.65849032
632.2,-0.66042154
632.3,-0.66235462
632.4,-0.66428955
632.5,-0.66622631
632.6,-0.66816488
632.7,-0.67010524
632.8,-0.67204737
632.9,-0.67399125
633.0,-0.67593686
633.1,-0.67788419
633.2,-0.67983322
633.3,-0.68178392
633.4,-0.68373627
633.5,-0.68569027
633.6,-0.68764588
633.7,-0.68960309
633.8,-0.69156189
633.9,-0.69352224
634.0,-0.69548414
634.1,-0.69744756
634.2,-0.69941248
634.3,-0.70137889
634.4,-0.70334676
634.5,-0.70531609
634.6,-0.70728683
634.7,-0.70925899
634.8,-0.71123254
634.9,-0.71320746
635.0,-0.71518373
635.1,-0.71716134
635.2,-0.71914025
635.3,-0.72112045
635.4,-0.72310192
635.5,-0.72508462
635.6,-0.72706854
635.7,-0.72905366
635.8,-0.73103994
635.9,-0.73302737
636.0,-0.73501592
636.1,-0.73700556
636.2,-0.73899629
636.3,-0.74098806
636.4,-0.74298086
636.5,-0.74497466
636.6,-0.74696945
636.7,-0.74896518
636.8,-0.75096185
636.9,-0.75295942
637.0,-0.75495788
637.1,-0.75695719
637.2,-0.75895734
637.3,-0.76095829
637.4,-0.76296003
637.5,-0.76496253
637.6,-0.76696577
637.7,-0.76896972
637.8,-0.77097435
637.9,-0.77297964
638.0,-0.77498557
638.1,-0.77699211
638.2,-0.77899924
638.3,-0.78100693
638.4,-0.78301516
638.5,-0.78502389
638.6,-0.78703312
638.7,-0.78904280
638.8,-0.79105292
638.9,-0.79306345
639.0,-0.79507436
639.1,-0.79708564
639.2,-0.79909724
639.3,-0.80110916
639.4,-0.80312135
639.5,-0.80513381
639.6,-0.80714649
639.7,-0.80915938
639.8,-0.81117244
639.9,-0.81318566
640.0,-0.81519900
640.1,-0.81721247
640.2,-0.81922619
640.3,-0.82124028
640.4,-0.82325488
640.5,-0.82527015
640.6,-0.82728622
640.7,-0.82930323
640.8,-0.83132132
640.9,-0.83334063
641.0,-0.83536131
641.1,-0.83738349
641.2,-0.83940732
641.3,-0.84143294
641.4,-0.84346048
641.5,-0.84549011
641.6,-0.84752195
641.7,-0.84955614
641.8,-0.85159284
641.9,-0.85363219
642.0,-0.85567433
642.1,-0.85771940
642.2,-0.85976754
642.3,-0.86181891
642.4,-0.86387365
642.5,-0.86593189
642.6,-0.86799379
642.7,-0.87005949
642.8,-0.87212914
642.9,-0.87420288
643.0,-0.87628085
643.1,-0.87836321
643.2,-0.88045010
643.3,-0.88254166
643.4,-0.88463804
643.5,-0.88673939
643.6,-0.88884585
643.7,-0.89095758
643.8,-0.89307471
643.9,-0.89519739
644.0,-0.89732578
644.1,-0.89946002
644.2,-0.90160025
644.3,-0.90374663
644.4,-0.90589930
644.5,-0.90805840
644.6,-0.91022410
644.7,-0.91239653
644.8,-0.91457584
644.9,-0.91676218
645.0,-0.91895570
645.1,-0.92115652
645.2,-0.92336459
645.3,-0.92557986
645.4,-0.92780226
645.5,-0.93003172
645.6,-0.93226818
645.7,-0.93451157
645.8,-0.93676183
645.9,-0.93901888
646.0,-0.94128267
646.1,-0.94355311
646.2,-0.94583015
646.3,-0.94811372
646.4,-0.95040375
646.5,-0.95270017
646.6,-0.95500291
646.7,-0.95731191
646.8,-0.95962710
646.9,-0.96194840
647.0,-0.96427575
647.1,-0.96660909
647.2,-0.96894833
647.3,-0.97129342
647.4,-0.97364428
647.5,-0.97600084
647.6,-0.97836303
647.7,-0.98073079
647.8,-0.98310405
647.9,-0.98548273
648.0,-0.98786676
648.1,-0.99025608
648.2,-0.99265061
648.3,-0.99505029
648.4,-0.99745504
648.5,-0.99986480
648.6,-1.00227948
648.7,-1.00469903
648.8,-1.00712338
648.9,-1.00955244
649.0,-1.01198615
649.1,-1.01442444
649.2,-1.01686724
649.3,-1.01931448
649.4,-1.02176608
649.5,-1.02422198
649.6,-1.02668210
649.7,-1.02914637
649.8,-1.03161472
649.9,-1.03408709
650.0,-1.03656338
650.1,-1.03904355
650.2,-1.04152754
650.3,-1.04401531
650.4,-1.04650682
650.5,-1.04900201
650.6,-1.05150086
650.7,-1.05400332
650.8,-1.05650934
650.9,-1.05901888
651.0,-1.06153190
651.1,-1.06404836
651.2,-1.06656821
651.3,-1.06909141
651.4,-1.07161792
651.5,-1.07414770
651.6,-1.07668070
651.7,-1.07921687
651.8,-1.08175619
651.9,-1.08429860
652.0,-1.08684406
652.1,-1.08939254
652.2,-1.09194398
652.3,-1.09449834
652.4,-1.09705559
652.5,-1.09961568
652.6,-1.10217857
652.7,-1.10474422
652.8,-1.10731258
652.9,-1.10988361
653.0,-1.11245727
653.1,-1.11503351
653.2,-1.11761231
653.3,-1.12019360
653.4,-1.12277736
653.5,-1.12536353
653.6,-1.12795209
653.7,-1.13054298
653.8,-1.13313616
653.9,-1.13573159
654.0,-1.13832923
654.1,-1.14092904
654.2,-1.14353097
654.3,-1.14613499
654.4,-1.14874105
654.5,-1.15134911
654.6,-1.15395913
654.7,-1.15657107
654.8,-1.15918488
654.9,-1.16180052
655.0,-1.16441796
655.1,-1.16703715
655.2,-1.16965810
655.3,-1.17228081
655.4,-1.17490528
655.5,-1.17753152
655.6,-1.18015954
655.7,-1.18278933
655.8,-1.18542090
655.9,-1.18805426
656.0,-1.19068942
656.1,-1.19332636
656.2,-1.19596511
656.3,-1.19860567
656.4,-1.20124803
656.5,-1.20389221
656.6,-1.20653821
656.7,-1.20918603
656.8,-1.21183568
656.9,-1.21448716
657.0,-1.21714048
657.1,-1.21979565
657.2,-1.22245266
657.3,-1.22511152
657.4,-1.22777224
657.5,-1.23043482
657.6,-1.23309926
657.7,-1.23576558
657.8,-1.23843377
657.9,-1.24110384
658.0,-1.24377580
658.1,-1.24644965
658.2,-1.24912539
658.3,-1.25180303
658.4,-1.25448257
658.5,-1.25716402
658.6,-1.25984738
658.7,-1.26253266
658.8,-1.26521987
658.9,-1.26790900
659.0,-1.27060006
659.1,-1.27329306
659.2,-1.27598801
659.3,-1.27868489
659.4,-1.28138373
659.5,-1.28408453
659.6,-1.28678729
659.7,-1.28949201
659.8,-1.29219870
659.9,-1.29490737
660.0,-1.29761801
660.1,-1.30033057
660.2,-1.30304511
660.3,-1.30576163
660.4,-1.30848011
660.5,-1.31120057
660.6,-1.31392297
660.7,-1.31664733
660.8,-1.31937364
660.9,-1.32210188
661.0,-1.32483205
661.1,-1.32756415
661.2,-1.33029871
661.3,-1.33303409
661.4,-1.33577191
661.5,-1.33851164
661.6,-1.34125326
661.7,-1.34399676
661.8,-1.34674214
661.9,-1.34948939
662.0,-1.35223851
662.1,-1.35498949
662.2,-1.35774232
662.3,-1.36049700
662.4,-1.36325351
662.5,-1.36601186
662.6,-1.36877256
662.7,-1.37153404
662.8,-1.37429786
662.9,-1.37706348
663.0,-1.37983090
663.1,-1.38260012
663.2,-1.38537114
663.3,-1.38814393
663.4,-1.39091885
663.5,-1.39369517
663.6,-1.39647296
663.7,-1.39925282
663.8,-1.40203445
663.9,-1.40481781
664.0,-1.40760292
664.1,-1.41038977
664.2,-1.41317834
664.3,-1.41596863
664.4,-1.41876064
664.5,-1.42155437
664.6,-1.42434979
664.7,-1.42714692
664.8,-1.42994573
664.9,-1.43274624
665.0,-1.43554842
665.1,-1.43835227
665.2,-1.44115780
665.3,-1.44396503
665.4,-1.44677396
665.5,-1.44958461
665.6,-1.45239699
665.7,-1.45521110
665.8,-1.45802695
665.9,-1.46084457
666.0,-1.46366394
666.1,-1.46648509
666.2,-1.46930803
666.3,-1.47213276
666.4,-1.47495930
666.5,-1.47778765
666.6,-1.48061782
666.7,-1.48344983
666.8,-1.48628368
666.9,-1.48911939
667.0,-1.49195695
667.1,-1.49479639
667.2,-1.49763771
667.3,-1.50048092
667.4,-1.50332603
667.5,-1.50617306
667.6,-1.50902200
667.7,-1.51187287
667.8,-1.51472568
667.9,-1.51758044
668.0,-1.52043716
668.1,-1.52329584
668.2,-1.52615650
668.3,-1.52901914
668.4,-1.53188379
668.5,-1.53475043
668.6,-1.53761909
668.7,-1.54048977
668.8,-1.54336249
668.9,-1.54623724
669.0,-1.54911405
669.1,-1.55199292
669.2,-1.55487386
669.3,-1.55775688
669.4,-1.56064198
669.5,-1.56352918
669.6,-1.56641849
669.7,-1.56930991
669.8,-1.57220346
669.9,-1.57509915
670.0,-1.57799697
670.1,-1.58089695
670.2,-1.58379909
670.3,-1.58670338
670.4,-1.58960985
670.5,-1.59251850
670.6,-1.59542934
670.7,-1.59834236
670.8,-1.60125759
670.9,-1.60417501
671.0,-1.60709465
671.1,-1.61001651
671.2,-1.61294059
671.3,-1.61586690
671.4,-1.61879545
671.5,-1.62172624
671.6,-1.62465928
671.7,-1.62759458
671.8,-1.63053214
671.9,-1.63347198
672.0,-1.63641408
672.1,-1.63935847
672.2,-1.64230515
672.3,-1.64525412
672.4,-1.64820540
672.5,-1.65115900
672.6,-1.65411488
672.7,-1.65707310
672.8,-1.66003365
672.9,-1.66299654
673.0,-1.66596176
673.1,-1.66892933
673.2,-1.67189926
673.3,-1.67487154
673.4,-1.67784620
673.5,-1.68082322
673.6,-1.68380263
673.7,-1.68678442
673.8,-1.68976861
673.9,-1.69275519
674.0,-1.69574418
674.1,-1.69873559
674.2,-1.70172941
674.3,-1.70472566
674.4,-1.70772434
674.5,-1.71072545
674.6,-1.71372902
674.7,-1.71673503
674.8,-1.71974350
674.9,-1.72275444
675.0,-1.72576784
675.1,-1.72878372
675.2,-1.73180206
675.3,-1.73482286
675.4,-1.73784608
675.5,-1.74087173
675.6,-1.74389979
675.7,-1.74693024
675.8,-1.74996307
675.9,-1.75299827
676.0,-1.75603582
676.1,-1.75907571
676.2,-1.76211793
676.3,-1.76516245
676.4,-1.76820928
676.5,-1.77125838
676.6,-1.77430976
676.7,-1.77736339
676.8,-1.78041927
676.9,-1.78347737
677.0,-1.78653768
677.1,-1.78960020
677.2,-1.79266490
677.3,-1.79573178
677.4,-1.79880081
677.5,-1.80187199
677.6,-1.80494530
677.7,-1.80802072
677.8,-1.81109825
677.9,-1.81417787
678.0,-1.81725956
678.1,-1.82034332
678.2,-1.82342912
678.3,-1.82651695
678.4,-1.82960681
678.5,-1.83269867
678.6,-1.83579252
678.7,-1.83888835
678.8,-1.84198615
678.9,-1.84508589
679.0,-1.84818757
679.1,-1.85129118
679.2,-1.85439669
679.3,-1.85750410
679.4,-1.86061339
679.5,-1.86372454
679.6,-1.86683755
679.7,-1.86995239
679.8,-1.87306907
679.9,-1.87618755
680.0,-1.87930783
680.1,-1.88242990
680.2,-1.88555383
680.3,-1.88867967
680.4,-1.89180748
680.5,-1.89493734
680.6,-1.89806931
680.7,-1.90120345
680.8,-1.90433983
680.9,-1.90747851
681.0,-1.91061956
681.1,-1.91376305
681.2,-1.91690903
681.3,-1.92005757
681.4,-1.92320875
681.5,-1.92636262
681.6,-1.92951924
681.7,-1.93267869
681.8,-1.93584103
681.9,-1.93900632
682.0,-1.94217463
682.1,-1.94534602
682.2,-1.94852056
682.3,-1.95169832
682.4,-1.95487935
682.5,-1.95806372
682.6,-1.96125151
682.7,-1.96444276
682.8,-1.96763756
682.9,-1.97083595
683.0,-1.97403802
683.1,-1.97724381
683.2,-1.98045341
683.3,-1.98366687
683.4,-1.98688425
683.5,-1.99010563
683.6,-1.99333106
683.7,-1.99656062
683.8,-1.99979436
683.9,-2.00303236
684.0,-2.00627467
684.1,-2.00952137
684.2,-2.01277251
684.3,-2.01602817
684.4,-2.01928840
684.5,-2.02255327
684.6,-2.02582285
684.7,-2.02909720
684.8,-2.03237639
684.9,-2.03566048
685.0,-2.03894953
685.1,-2.04224357
685.2,-2.04554244
685.3,-2.04884593
685.4,-2.05215384
685.5,-2.05546597
685.6,-2.05878211
685.7,-2.06210206
685.8,-2.06542562
685.9,-2.06875257
686.0,-2.07208273
686.1,-2.07541588
686.2,-2.07875182
686.3,-2.08209034
686.4,-2.08543125
686.5,-2.08877434
686.6,-2.09211941
686.7,-2.09546625
686.8,-2.09881466
686.9,-2.10216443
687.0,-2.10551536
687.1,-2.10886726
687.2,-2.11221990
687.3,-2.11557310
687.4,-2.11892665
687.5,-2.12228034
687.6,-2.12563397
687.7,-2.12898733
687.8,-2.13234023
687.9,-2.13569246
688.0,-2.13904381
688.1,-2.14239409
688.2,-2.14574308
688.3,-2.14909059
688.4,-2.15243641
688.5,-2.15578034
688.6,-2.15912217
688.7,-2.16246170
688.8,-2.16579873
688.9,-2.16913305
689.0,-2.17246447
689.1,-2.17579277
689.2,-2.17911775
689.3,-2.18243921
689.4,-2.18575695
689.5,-2.18907076
689.6,-2.19238043
689.7,-2.19568578
689.8,-2.19898658
689.9,-2.20228264
690.0,-2.20557376
690.1,-2.20885978
690.2,-2.21214079
690.3,-2.21541689
690.4,-2.21868824
690.5,-2.22195494
690.6,-2.22521714
690.7,-2.22847496
690.8,-2.23172852
690.9,-2.23497795
691.0,-2.23822339
691.1,-2.24146496
691.2,-2.24470279
691.3,-2.24793700
691.4,-2.25116773
691.5,-2.25439510
691.6,-2.25761924
691.7,-2.26084028
691.8,-2.26405835
691.9,-2.26727356
692.0,-2.27048606
692.1,-2.27369597
692.2,-2.27690342
692.3,-2.28010853
692.4,-2.28331144
692.5,-2.28651227
692.6,-2.28971114
692.7,-2.29290820
692.8,-2.29610356
692.9,-2.29929735
693.0,-2.30248970
693.1,-2.30568074
693.2,-2.30887060
693.3,-2.31205940
693.4,-2.31524728
693.5,-2.31843435
693.6,-2.32162075
693.7,-2.32480661
693.8,-2.32799205
693.9,-2.33117721
694.0,-2.33436220
694.1,-2.33754716
694.2,-2.34073221
694.3,-2.34391749
694.4,-2.34710312
694.5,-2.35028923
694.6,-2.35347595
694.7,-2.35666340
694.8,-2.35985171
694.9,-2.36304101
695.0,-2.36623143
695.1,-2.36942307
695.2,-2.37261592
695.3,-2.37580997
695.4,-2.37900517
695.5,-2.38220150
695.6,-2.38539892
695.7,-2.38859742
695.8,-2.39179696
695.9,-2.39499751
696.0,-2.39819904
696.1,-2.40140152
696.2,-2.40460492
696.3,-2.40780922
696.4,-2.41101438
696.5,-2.41422038
696.6,-2.41742718
696.7,-2.42063475
696.8,-2.42384308
696.9,-2.42705211
697.0,-2.43026184
697.1,-2.43347223
697.2,-2.43668324
697.3,-2.43989485
697.4,-2.44310704
697.5,-2.44631976
697.6,-2.44953300
697.7,-2.45274671
697.8,-2.45596088
697.9,-2.45917547
698.0,-2.46239046
698.1,-2.46560581
698.2,-2.46882149
698.3,-2.47203748
698.4,-2.47525375
698.5,-2.47847026
698.6,-2.48168699
698.7,-2.48490391
698.8,-2.48812099
698.9,-2.49133819
699.0,-2.49455550
699.1,-2.49777287
699.2,-2.50099029
699.3,-2.50420772
699.4,-2.50742513
699.5,-2.51064249
699.6,-2.51385977
699.7,-2.51707695
699.8,-2.52029400
699.9,-2.52351088
700.0,-2.52672756
700.1,-2.52994404
700.2,-2.53316036
700.3,-2.53637659
700.4,-2.53959280
700.5,-2.54280905
700.6,-2.54602541
700.7,-2.54924195
700.8,-2.55245873
700.9,-2.55567583
701.0,-2.55889330
701.1,-2.56211122
701.2,-2.56532965
701.3,-2.56854866
701.4,-2.57176831
701.5,-2.57498867
701.6,-2.57820982
701.7,-2.58143181
701.8,-2.58465471
701.9,-2.58787860
702.0,-2.59110352
702.1,-2.59432957
702.2,-2.59755679
702.3,-2.60078526
702.4,-2.60401504
702.5,-2.60724621
702.6,-2.61047882
702.7,-2.61371294
702.8,-2.61694865
702.9,-2.62018601
703.0,-2.62342508
703.1,-2.62666593
703.2,-2.62990863
703.3,-2.63315324
703.4,-2.63639984
703.5,-2.63964849
703.6,-2.64289925
703.7,-2.64615219
703.8,-2.64940739
703.9,-2.65266490
704.0,-2.65592479
704.1,-2.65918713
704.2,-2.66245199
704.3,-2.66571944
704.4,-2.66898953
704.5,-2.67226234
704.6,-2.67553794
704.7,-2.67881638
704.8,-2.68209775
704.9,-2.68538209
705.0,-2.68866949
705.1,-2.69195999
705.2,-2.69525354
705.3,-2.69855009
705.4,-2.70184957
705.5,-2.70515192
705.6,-2.70845708
705.7,-2.71176499
705.8,-2.71507558
705.9,-2.71838880
706.0,-2.72170458
706.1,-2.72502286
706.2,-2.72834358
706.3,-2.73166667
706.4,-2.73499208
706.5,-2.73831975
706.6,-2.74164960
706.7,-2.74498158
706.8,-2.74831564
706.9,-2.75165170
707.0,-2.75498970
707.1,-2.75832959
707.2,-2.76167129
707.3,-2.76501476
707.4,-2.76835992
707.5,-2.77170672
707.6,-2.77505509
707.7,-2.77840498
707.8,-2.78175631
707.9,-2.78510904
708.0,-2.78846309
708.1,-2.79181840
708.2,-2.79517492
708.3,-2.79853258
708.4,-2.80189132
708.5,-2.80525108
708.6,-2.80861179
708.7,-2.81197340
708.8,-2.81533584
708.9,-2.81869905
709.0,-2.82206296
709.1,-2.82542753
709.2,-2.82879268
709.3,-2.83215836
709.4,-2.83552449
709.5,-2.83889103
709.6,-2.84225791
709.7,-2.84562506
709.8,-2.84899243
709.9,-2.85235994
710.0,-2.85572755
710.1,-2.85909520
710.2,-2.86246282
710.3,-2.86583036
710.4,-2.86919779
710.5,-2.87256504
710.6,-2.87593206
710.7,-2.87929881
710.8,-2.88266523
710.9,-2.88603128
711.0,-2.88939689
711.1,-2.89276203
711.2,-2.89612663
711.3,-2.89949065
711.4,-2.90285404
711.5,-2.90621675
711.6,-2.90957872
711.7,-2.91293991
711.8,-2.91630026
711.9,-2.91965973
712.0,-2.92301825
712.1,-2.92637579
712.2,-2.92973229
712.3,-2.93308770
712.4,-2.93644197
712.5,-2.93979504
712.6,-2.94314687
712.7,-2.94649741
712.8,-2.94984660
712.9,-2.95319440
713.0,-2.95654075
713.1,-2.95988560
713.2,-2.96322891
713.3,-2.96657061
713.4,-2.96991067
713.5,-2.97324902
713.6,-2.97658562
713.7,-2.97992042
713.8,-2.98325336
713.9,-2.98658440
714.0,-2.98991349
714.1,-2.99324056
714.2,-2.99656558
714.3,-2.99988850
714.4,-3.00320925
714.5,-3.00652779
714.6,-3.00984407
714.7,-3.01315805
714.8,-3.01646965
714.9,-3.01977885
715.0,-3.02308558
715.1,-3.02638981
715.2,-3.02969160
715.3,-3.03299100
715.4,-3.03628809
715.5,-3.03958293
715.6,-3.04287558
715.7,-3.04616611
715.8,-3.04945460
715.9,-3.05274110
716.0,-3.05602568
716.1,-3.05930841
716.2,-3.06258935
716.3,-3.06586857
716.4,-3.06914614
716.5,-3.07242212
716.6,-3.07569658
716.7,-3.07896958
716.8,-3.08224120
716.9,-3.08551149
717.0,-3.08878053
717.1,-3.09204838
717.2,-3.09531510
717.3,-3.09858077
717.4,-3.10184544
717.5,-3.10510919
717.6,-3.10837209
717.7,-3.11163419
717.8,-3.11489556
717.9,-3.11815627
718.0,-3.12141640
718.1,-3.12467599
718.2,-3.12793512
718.3,-3.13119386
718.4,-3.13445227
718.5,-3.13771041
718.6,-3.14096836
718.7,-3.14422618
718.8,-3.14748394
718.9,-3.15074170
719.0,-3.15399953
719.1,-3.15725749
719.2,-3.16051566
719.3,-3.16377409
719.4,-3.16703286
719.5,-3.17029202
719.6,-3.17355166
719.7,-3.17681182
719.8,-3.18007259
719.9,-3.18333402
720.0,-3.18659618
720.1,-3.18985911
720.2,-3.19312279
720.3,-3.19638715
720.4,-3.19965214
720.5,-3.20291770
720.6,-3.20618378
720.7,-3.20945031
720.8,-3.21271724
720.9,-3.21598451
721.0,-3.21925207
721.1,-3.22251985
721.2,-3.22578781
721.3,-3.22905589
721.4,-3.23232403
721.5,-3.23559216
721.6,-3.23886024
721.7,-3.24212821
721.8,-3.24539602
721.9,-3.24866359
722.0,-3.25193089
722.1,-3.25519784
722.2,-3.25846440
722.3,-3.26173051
722.4,-3.26499611
722.5,-3.26826114
722.6,-3.27152555
722.7,-3.27478928
722.8,-3.27805227
722.9,-3.28131447
723.0,-3.28457582
723.1,-3.28783626
723.2,-3.29109574
723.3,-3.29435420
723.4,-3.29761158
723.5,-3.30086782
723.6,-3.30412288
723.7,-3.30737669
723.8,-3.31062919
723.9,-3.31388033
724.0,-3.31713005
724.1,-3.32037830
724.2,-3.32362501
724.3,-3.32687014
724.4,-3.33011362
724.5,-3.33335540
724.6,-3.33659542
724.7,-3.33983362
724.8,-3.34306995
724.9,-3.34630435
725.0,-3.34953676
725.1,-3.35276715
725.2,-3.35599553
725.3,-3.35922194
725.4,-3.36244642
725.5,-3.36566901
725.6,-3.36888974
725.7,-3.37210865
725.8,-3.37532577
725.9,-3.37854116
726.0,-3.38175483
726.1,-3.38496684
726.2,-3.38817721
726.3,-3.39138599
726.4,-3.39459321
726.5,-3.39779891
726.6,-3.40100312
726.7,-3.40420589
726.8,-3.40740725
726.9,-3.41060724
727.0,-3.41380589
727.1,-3.41700325
727.2,-3.42019935
727.3,-3.42339422
727.4,-3.42658791
727.5,-3.42978046
727.6,-3.43297189
727.7,-3.43616225
727.8,-3.43935157
727.9,-3.44253990
728.0,-3.44572726
728.1,-3.44891370
728.2,-3.45209926
728.3,-3.45528396
728.4,-3.45846785
728.5,-3.46165097
728.6,-3.46483335
728.7,-3.46801503
728.8,-3.47119605
728.9,-3.47437645
729.0,-3.47755625
729.1,-3.48073551
729.2,-3.48391425
729.3,-3.48709252
729.4,-3.49027034
729.5,-3.49344777
729.6,-3.49662483
729.7,-3.49980157
729.8,-3.50297801
729.9,-3.50615421
730.0,-3.50933018
730.1,-3.51250598
730.2,-3.51568164
730.3,-3.51885717
730.4,-3.52203260
730.5,-3.52520798
730.6,-3.52838331
730.7,-3.53155864
730.8,-3.53473399
730.9,-3.53790938
731.0,-3.54108486
731.1,-3.54426043
731.2,-3.54743614
731.3,-3.55061201
731.4,-3.55378807
731.5,-3.55696435
731.6,-3.56014087
731.7,-3.56331767
731.8,-3.56649476
731.9,-3.56967219
732.0,-3.57284998
732.1,-3.57602815
732.2,-3.57920674
732.3,-3.58238577
732.4,-3.58556527
732.5,-3.58874527
732.6,-3.59192580
732.7,-3.59510688
732.8,-3.59828854
732.9,-3.60147082
733.0,-3.60465374
733.1,-3.60783733
733.2,-3.61102161
733.3,-3.61420662
733.4,-3.61739238
733.5,-3.62057892
733.6,-3.62376627
733.7,-3.62695446
733.8,-3.63014351
733.9,-3.63333346
734.0,-3.63652433
734.1,-3.63971614
734.2,-3.64290894
734.3,-3.64610274
734.4,-3.64929758
734.5,-3.65249348
734.6,-3.65569047
734.7,-3.65888858
734.8,-3.66208784
734.9,-3.66528827
735.0,-3.66848991
735.1,-3.67169275
735.2,-3.67489672
735.3,-3.67810172
735.4,-3.68130764
735.5,-3.68451437
735.6,-3.68772182
735.7,-3.69092987
735.8,-3.69413843
735.9,-3.69734739
736.0,-3.70055664
736.1,-3.70376609
736.2,-3.70697562
736.3,-3.71018515
736.4,-3.71339455
736.5,-3.71660373
736.6,-3.71981258
736.7,-3.72302100
736.8,-3.72622889
736.9,-3.72943614
737.0,-3.73264265
737.1,-3.73584831
737.2,-3.73905302
737.3,-3.74225668
737.4,-3.74545918
737.5,-3.74866042
737.6,-3.75186029
737.7,-3.75505870
737.8,-3.75825553
737.9,-3.76145068
738.0,-3.76464405
738.1,-3.76783554
738.2,-3.77102503
738.3,-3.77421244
738.4,-3.77739765
738.5,-3.78058056
738.6,-3.78376106
738.7,-3.78693906
738.8,-3.79011444
738.9,-3.79328711
739.0,-3.79645696
739.1,-3.79962388
739.2,-3.80278778
739.3,-3.80594854
739.4,-3.80910607
739.5,-3.81226026
739.6,-3.81541101
739.7,-3.81855821
739.8,-3.82170175
739.9,-3.82484155
740.0,-3.82797748
740.1,-3.83110949
740.2,-3.83423765
740.3,-3.83736208
740.4,-3.84048288
740.5,-3.84360017
740.6,-3.84671407
740.7,-3.84982469
740.8,-3.85293213
740.9,-3.85603653
741.0,-3.85913798
741.1,-3.86223661
741.2,-3.86533252
741.3,-3.86842583
741.4,-3.87151665
741.5,-3.87460510
741.6,-3.87769129
741.7,-3.88077533
741.8,-3.88385735
741.9,-3.88693744
742.0,-3.89001572
742.1,-3.89309231
742.2,-3.89616733
742.3,-3.89924087
742.4,-3.90231307
742.5,-3.90538403
742.6,-3.90845386
742.7,-3.91152268
742.8,-3.91459060
742.9,-3.91765774
743.0,-3.92072421
743.1,-3.92379012
743.2,-3.92685559
743.3,-3.92992072
743.4,-3.93298564
743.5,-3.93605046
743.6,-3.93911529
743.7,-3.94218024
743.8,-3.94524543
743.9,-3.94831096
744.0,-3.95137697
744.1,-3.95444355
744.2,-3.95751082
744.3,-3.96057890
744.4,-3.96364789
744.5,-3.96671792
744.6,-3.96978910
744.7,-3.97286153
744.8,-3.97593533
744.9,-3.97901063
745.0,-3.98208752
745.1,-3.98516609
745.2,-3.98824631
745.3,-3.99132811
745.4,-3.99441143
745.5,-3.99749619
745.6,-4.00058233
745.7,-4.00366978
745.8,-4.00675848
745.9,-4.00984836
746.0,-4.01293936
746.1,-4.01603140
746.2,-4.01912442
746.3,-4.02221835
746.4,-4.02531313
746.5,-4.02840869
746.6,-4.03150497
746.7,-4.03460189
746.8,-4.03769939
746.9,-4.04079740
747.0,-4.04389586
747.1,-4.04699470
747.2,-4.05009385
747.3,-4.05319325
747.4,-4.05629284
747.5,-4.05939253
747.6,-4.06249227
747.7,-4.06559199
747.8,-4.06869162
747.9,-4.07179110
748.0,-4.07489036
748.1,-4.07798934
748.2,-4.08108796
748.3,-4.08418616
748.4,-4.08728387
748.5,-4.09038103
748.6,-4.09347757
748.7,-4.09657342
748.8,-4.09966852
748.9,-4.10276280
749.0,-4.10585620
749.1,-4.10894864
749.2,-4.11204006
749.3,-4.11513039
749.4,-4.11821957
749.5,-4.12130753
749.6,-4.12439421
749.7,-4.12747953
749.8,-4.13056343
749.9,-4.13364584
750.0,-4.13672670
750.1,-4.13980595
750.2,-4.14288360
750.3,-4.14595964
750.4,-4.14903410
750.5,-4.15210699
750.6,-4.15517831
750.7,-4.15824807
750.8,-4.16131630
750.9,-4.16438299
751.0,-4.16744817
751.1,-4.17051183
751.2,-4.17357400
751.3,-4.17663467
751.4,-4.17969388
751.5,-4.18275162
751.6,-4.18580790
751.7,-4.18886275
751.8,-4.19191616
751.9,-4.19496815
752.0,-4.19801874
752.1,-4.20106792
752.2,-4.20411572
752.3,-4.20716214
752.4,-4.21020720
752.5,-4.21325091
752.6,-4.21629327
752.7,-4.21933430
752.8,-4.22237401
752.9,-4.22541241
753.0,-4.22844952
753.1,-4.23148533
753.2,-4.23451987
753.3,-4.23755315
753.4,-4.24058517
753.5,-4.24361595
753.6,-4.24664550
753.7,-4.24967383
753.8,-4.25270095
753.9,-4.25572687
754.0,-4.25875160
754.1,-4.26177516
754.2,-4.26479755
754.3,-4.26781879
754.4,-4.27083889
754.5,-4.27385785
754.6,-4.27687570
754.7,-4.27989243
754.8,-4.28290807
754.9,-4.28592261
755.0,-4.28893609
755.1,-4.29194850
755.2,-4.29495987
755.3,-4.29797024
755.4,-4.30097964
755.5,-4.30398809
755.6,-4.30699563
755.7,-4.31000228
755.8,-4.31300808
755.9,-4.31601305
756.0,-4.31901723
756.1,-4.32202065
756.2,-4.32502333
756.3,-4.32802531
756.4,-4.33102662
756.5,-4.33402728
756.6,-4.33702733
756.7,-4.34002680
756.8,-4.34302572
756.9,-4.34602411
757.0,-4.34902201
757.1,-4.35201945
757.2,-4.35501646
757.3,-4.35801306
757.4,-4.36100929
757.5,-4.36400519
757.6,-4.36700077
757.7,-4.36999607
757.8,-4.37299111
757.9,-4.37598594
758.0,-4.37898058
758.1,-4.38197506
758.2,-4.38496940
758.3,-4.38796365
758.4,-4.39095782
758.5,-4.39395196
758.6,-4.39694609
758.7,-4.39994024
758.8,-4.40293443
758.9,-4.40592871
759.0,-4.40892310
759.1,-4.41191764
759.2,-4.41491234
759.3,-4.41790724
759.4,-4.42090238
759.5,-4.42389778
759.6,-4.42689347
759.7,-4.42988948
759.8,-4.43288585
759.9,-4.43588260
760.0,-4.43887976
760.1,-4.44187735
760.2,-4.44487533
760.3,-4.44787365
760.4,-4.45087225
760.5,-4.45387107
760.6,-4.45687008
760.7,-4.45986920
760.8,-4.46286840
760.9,-4.46586760
761.0,-4.46886677
761.1,-4.47186585
761.2,-4.47486478
761.3,-4.47786352
761.4,-4.48086200
761.5,-4.48386017
761.6,-4.48685798
761.7,-4.48985538
761.8,-4.49285231
761.9,-4.49584872
762.0,-4.49884456
762.1,-4.50183977
762.2,-4.50483430
762.3,-4.50782809
762.4,-4.51082110
762.5,-4.51381326
762.6,-4.51680453
762.7,-4.51979484
762.8,-4.52278416
762.9,-4.52577242
763.0,-4.52875957
763.1,-4.53174556
763.2,-4.53473033
763.3,-4.53771383
763.4,-4.54069600
763.5,-4.54367680
763.6,-4.54665617
763.7,-4.54963405
763.8,-4.55261040
763.9,-4.55558515
764.0,-4.55855826
764.1,-4.56152967
764.2,-4.56449932
764.3,-4.56746717
764.4,-4.57043317
764.5,-4.57339724
764.6,-4.57635936
764.7,-4.57931945
764.8,-4.58227747
764.9,-4.58523336
765.0,-4.58818707
765.1,-4.59113857
765.2,-4.59408792
765.3,-4.59703519
765.4,-4.59998047
765.5,-4.60292385
765.6,-4.60586539
765.7,-4.60880519
765.8,-4.61174332
765.9,-4.61467987
766.0,-4.61761491
766.1,-4.62054853
766.2,-4.62348081
766.3,-4.62641182
766.4,-4.62934166
766.5,-4.63227040
766.6,-4.63519812
766.7,-4.63812490
766.8,-4.64105083
766.9,-4.64397599
767.0,-4.64690045
767.1,-4.64982431
767.2,-4.65274763
767.3,-4.65567050
767.4,-4.65859300
767.5,-4.66151522
767.6,-4.66443723
767.7,-4.66735912
767.8,-4.67028096
767.9,-4.67320284
768.0,-4.67612483
768.1,-4.67904703
768.2,-4.68196951
768.3,-4.68489235
768.4,-4.68781563
768.5,-4.69073944
768.6,-4.69366385
768.7,-4.69658894
768.8,-4.69951481
768.9,-4.70244152
769.0,-4.70536916
769.1,-4.70829782
769.2,-4.71122756
769.3,-4.71415848
769.4,-4.71709065
769.5,-4.72002416
769.6,-4.72295908
769.7,-4.72589550
769.8,-4.72883350
769.9,-4.73177316
770.0,-4.73471456
770.1,-4.73765775
770.2,-4.74060266
770.3,-4.74354917
770.4,-4.74649719
770.5,-4.74944661
770.6,-4.75239732
770.7,-4.75534922
770.8,-4.75830219
770.9,-4.76125614
771.0,-4.76421096
771.1,-4.76716654
771.2,-4.77012278
771.3,-4.77307957
771.4,-4.77603680
771.5,-4.77899437
771.6,-4.78195218
771.7,-4.78491011
771.8,-4.78786806
771.9,-4.79082593
772.0,-4.79378361
772.1,-4.79674099
772.2,-4.79969797
772.3,-4.80265444
772.4,-4.80561029
772.5,-4.80856542
772.6,-4.81151973
772.7,-4.81447311
772.8,-4.81742544
772.9,-4.82037664
773.0,-4.82332658
773.1,-4.82627517
773.2,-4.82922229
773.3,-4.83216785
773.4,-4.83511173
773.5,-4.83805383
773.6,-4.84099405
773.7,-4.84393228
773.8,-4.84686840
773.9,-4.84980233
774.0,-4.85273394
774.1,-4.85566314
774.2,-4.85858982
774.3,-4.86151388
774.4,-4.86443519
774.5,-4.86735367
774.6,-4.87026921
774.7,-4.87318169
774.8,-4.87609102
774.9,-4.87899708
775.0,-4.88189978
775.1,-4.88479903
775.2,-4.88769489
775.3,-4.89058744
775.4,-4.89347677
775.5,-4.89636296
775.6,-4.89924608
775.7,-4.90212623
775.8,-4.90500348
775.9,-4.90787792
776.0,-4.91074964
776.1,-4.91361871
776.2,-4.91648521
776.3,-4.91934924
776.4,-4.92221088
776.5,-4.92507020
776.6,-4.92792728
776.7,-4.93078223
776.8,-4.93363510
776.9,-4.93648600
777.0,-4.93933500
777.1,-4.94218218
777.2,-4.94502763
777.3,-4.94787143
777.4,-4.95071367
777.5,-4.95355442
777.6,-4.95639377
777.7,-4.95923180
777.8,-4.96206860
777.9,-4.96490425
778.0,-4.96773883
778.1,-4.97057242
778.2,-4.97340511
778.3,-4.97623698
778.4,-4.97906811
778.5,-4.98189859
778.6,-4.98472850
778.7,-4.98755792
778.8,-4.99038694
778.9,-4.99321563
779.0,-4.99604409
779.1,-4.99887238
779.2,-5.00170061
779.3,-5.00452885
779.4,-5.00735717
779.5,-5.01018568
779.6,-5.01301444
779.7,-5.01584354
779.8,-5.01867307
779.9,-5.02150311
780.0,-5.02433374
780.1,-5.02716502
780.2,-5.02999694
780.3,-5.03282948
780.4,-5.03566259
780.5,-5.03849625
780.6,-5.04133043
780.7,-5.04416510
780.8,-5.04700021
780.9,-5.04983575
781.0,-5.05267168
781.1,-5.05550797
781.2,-5.05834459
781.3,-5.06118151
781.4,-5.06401869
781.5,-5.06685610
781.6,-5.06969372
781.7,-5.07253150
781.8,-5.07536943
781.9,-5.07820747
782.0,-5.08104558
782.1,-5.08388373
782.2,-5.08672190
782.3,-5.08956006
782.4,-5.09239816
782.5,-5.09523619
782.6,-5.09807410
782.7,-5.10091187
782.8,-5.10374946
782.9,-5.10658685
783.0,-5.10942400
783.1,-5.11226089
783.2,-5.11509747
783.3,-5.11793372
783.4,-5.12076961
783.5,-5.12360510
783.6,-5.12644017
783.7,-5.12927478
783.8,-5.13210890
783.9,-5.13494250
784.0,-5.13777555
784.1,-5.14060802
784.2,-5.14343987
784.3,-5.14627108
784.4,-5.14910161
784.5,-5.15193143
784.6,-5.15476051
784.7,-5.15758882
784.8,-5.16041633
784.9,-5.16324301
785.0,-5.16606881
785.1,-5.16889373
785.2,-5.17171777
785.3,-5.17454096
785.4,-5.17736330
785.5,-5.18018482
785.6,-5.18300554
785.7,-5.18582548
785.8,-5.18864466
785.9,-5.19146309
786.0,-5.19428079
786.1,-5.19709779
786.2,-5.19991411
786.3,-5.20272975
786.4,-5.20554475
786.5,-5.20835911
786.6,-5.21117287
786.7,-5.21398604
786.8,-5.21679863
786.9,-5.21961067
787.0,-5.22242217
787.1,-5.22523316
787.2,-5.22804366
787.3,-5.23085367
787.4,-5.23366323
787.5,-5.23647235
787.6,-5.23928105
787.7,-5.24208935
787.8,-5.24489727
787.9,-5.24770483
788.0,-5.25051205
788.1,-5.25331894
788.2,-5.25612552
788.3,-5.25893182
788.4,-5.26173785
788.5,-5.26454364
788.6,-5.26734919
788.7,-5.27015454
788.8,-5.27295969
788.9,-5.27576468
789.0,-5.27856951
789.1,-5.28137421
789.2,-5.28417880
789.3,-5.28698329
789.4,-5.28978770
789.5,-5.29259206
789.6,-5.29539638
789.7,-5.29820068
789.8,-5.30100498
789.9,-5.30380931
790.0,-5.30661367
790.1,-5.30941808
790.2,-5.31222252
790.3,-5.31502696
790.4,-5.31783138
790.5,-5.32063574
790.6,-5.32344001
790.7,-5.32624418
790.8,-5.32904820
790.9,-5.33185205
791.0,-5.33465571
791.1,-5.33745915
791.2,-5.34026232
791.3,-5.34306522
791.4,-5.34586781
791.5,-5.34867006
791.6,-5.35147194
791.7,-5.35427343
791.8,-5.35707449
791.9,-5.35987510
792.0,-5.36267523
792.1,-5.36547485
792.2,-5.36827394
792.3,-5.37107246
792.4,-5.37387039
792.5,-5.37666769
792.6,-5.37946434
792.7,-5.38226032
792.8,-5.38505559
792.9,-5.38785012
793.0,-5.39064389
793.1,-5.39343687
793.2,-5.39622903
793.3,-5.39902034
793.4,-5.40181077
793.5,-5.40460030
793.6,-5.40738890
793.7,-5.41017653
793.8,-5.41296317
793.9,-5.41574879
794.0,-5.41853337
794.1,-5.42131687
794.2,-5.42409927
794.3,-5.42688053
794.4,-5.42966064
794.5,-5.43243955
794.6,-5.43521725
794.7,-5.43799370
794.8,-5.44076888
794.9,-5.44354276
795.0,-5.44631530
795.1,-5.44908650
795.2,-5.45185633
795.3,-5.45462482
795.4,-5.45739195
795.5,-5.46015774
795.6,-5.46292218
795.7,-5.46568528
795.8,-5.46844705
795.9,-5.47120748
796.0,-5.47396658
796.1,-5.47672435
796.2,-5.47948079
796.3,-5.48223592
796.4,-5.48498972
796.5,-5.48774221
796.6,-5.49049338
796.7,-5.49324325
796.8,-5.49599181
796.9,-5.49873906
797.0,-5.50148501
797.1,-5.50422967
797.2,-5.50697303
797.3,-5.50971510
797.4,-5.51245588
797.5,-5.51519538
797.6,-5.51793359
797.7,-5.52067053
797.8,-5.52340618
797.9,-5.52614057
798.0,-5.52887369
798.1,-5.53160553
798.2,-5.53433612
798.3,-5.53706544
798.4,-5.53979351
798.5,-5.54252032
798.6,-5.54524589
798.7,-5.54797020
798.8,-5.55069327
798.9,-5.55341509
799.0,-5.55613568
799.1,-5.55885503
799.2,-5.56157315
799.3,-5.56429004
799.4,-5.56700570
799.5,-5.56972014
799.6,-5.57243336
799.7,-5.57514537
799.8,-5.57785615
799.9,-5.58056573
800.0,-5.58327410
800.1,-5.58598127
800.2,-5.58868729
800.3,-5.59139219
800.4,-5.59409604
800.5,-5.59679887
800.6,-5.59950073
800.7,-5.60220168
800.8,-5.60490175
800.9,-5.60760101
801.0,-5.61029948
801.1,-5.61299723
801.2,-5.61569430
801.3,-5.61839073
801.4,-5.62108658
801.5,-5.62378190
801.6,-5.62647672
801.7,-5.62917110
801.8,-5.63186509
801.9,-5.63455873
802.0,-5.63725208
802.1,-5.63994517
802.2,-5.64263806
802.3,-5.64533079
802.4,-5.64802342
802.5,-5.65071598
802.6,-5.65340853
802.7,-5.65610112
802.8,-5.65879379
802.9,-5.66148659
803.0,-5.66417957
803.1,-5.66687277
803.2,-5.66956625
803.3,-5.67226005
803.4,-5.67495421
803.5,-5.67764880
803.6,-5.68034384
803.7,-5.68303940
803.8,-5.68573552
803.9,-5.68843225
804.0,-5.69112963
804.1,-5.69382771
804.2,-5.69652654
804.3,-5.69922618
804.4,-5.70192665
804.5,-5.70462802
804.6,-5.70733033
804.7,-5.71003363
804.8,-5.71273797
804.9,-5.71544339
805.0,-5.71814994
805.1,-5.72085765
805.2,-5.72356649
805.3,-5.72627641
805.4,-5.72898735
805.5,-5.73169926
805.6,-5.73441209
805.7,-5.73712578
805.8,-5.73984030
805.9,-5.74255557
806.0,-5.74527156
806.1,-5.74798820
806.2,-5.75070545
806.3,-5.75342326
806.4,-5.75614156
806.5,-5.75886032
806.6,-5.76157948
806.7,-5.76429898
806.8,-5.76701878
806.9,-5.76973882
807.0,-5.77245905
807.1,-5.77517942
807.2,-5.77789988
807.3,-5.78062037
807.4,-5.78334084
807.5,-5.78606125
807.6,-5.78878153
807.7,-5.79150163
807.8,-5.79422151
807.9,-5.79694112
808.0,-5.79966039
808.1,-5.80237928
808.2,-5.80509774
808.3,-5.80781571
808.4,-5.81053314
808.5,-5.81324998
808.6,-5.81596618
808.7,-5.81868168
808.8,-5.82139644
808.9,-5.82411040
809.0,-5.82682351
809.1,-5.82953571
809.2,-5.83224697
809.3,-5.83495721
809.4,-5.83766640
809.5,-5.84037447
809.6,-5.84308139
809.7,-5.84578708
809.8,-5.84849151
809.9,-5.85119462
810.0,-5.85389637
810.1,-5.85659669
810.2,-5.85929559
810.3,-5.86199306
810.4,-5.86468910
810.5,-5.86738370
810.6,-5.87007686
810.7,-5.87276858
810.8,-5.87545885
810.9,-5.87814768
811.0,-5.88083505
811.1,-5.88352097
811.2,-5.88620543
811.3,-5.88888843
811.4,-5.89156996
811.5,-5.89425003
811.6,-5.89692862
811.7,-5.89960574
811.8,-5.90228138
811.9,-5.90495555
812.0,-5.90762822
812.1,-5.91029941
812.2,-5.91296912
812.3,-5.91563732
812.4,-5.91830403
812.5,-5.92096925
812.6,-5.92363295
812.7,-5.92629516
812.8,-5.92895585
812.9,-5.93161503
813.0,-5.93427269
813.1,-5.93692884
813.2,-5.93958346
813.3,-5.94223656
813.4,-5.94488813
813.5,-5.94753816
813.6,-5.95018667
813.7,-5.95283363
813.8,-5.95547906
813.9,-5.95812293
814.0,-5.96076527
814.1,-5.96340605
814.2,-5.96604527
814.3,-5.96868294
814.4,-5.97131905
814.5,-5.97395360
814.6,-5.97658658
814.7,-5.97921799
814.8,-5.98184782
814.9,-5.98447608
815.0,-5.98710276
815.1,-5.98972787
815.2,-5.99235143
815.3,-5.99497348
815.4,-5.99759406
815.5,-6.00021321
815.6,-6.00283097
815.7,-6.00544738
815.8,-6.00806246
815.9,-6.01067626
816.0,-6.01328882
816.1,-6.01590018
816.2,-6.01851037
816.3,-6.02111943
816.4,-6.02372739
816.5,-6.02633431
816.6,-6.02894020
816.7,-6.03154512
816.8,-6.03414910
816.9,-6.03675218
817.0,-6.03935439
817.1,-6.04195577
817.2,-6.04455636
817.3,-6.04715620
817.4,-6.04975533
817.5,-6.05235378
817.6,-6.05495160
817.7,-6.05754881
817.8,-6.06014546
817.9,-6.06274158
818.0,-6.06533722
818.1,-6.06793240
818.2,-6.07052718
818.3,-6.07312158
818.4,-6.07571564
818.5,-6.07830941
818.6,-6.08090291
818.7,-6.08349619
818.8,-6.08608929
818.9,-6.08868224
819.0,-6.09127508
819.1,-6.09386784
819.2,-6.09646058
819.3,-6.09905331
819.4,-6.10164609
819.5,-6.10423895
819.6,-6.10683192
819.7,-6.10942505
819.8,-6.11201837
819.9,-6.11461192
820.0,-6.11720574
820.1,-6.11979985
820.2,-6.12239426
820.3,-6.12498893
820.4,-6.12758386
820.5,-6.13017903
820.6,-6.13277442
820.7,-6.13537001
820.8,-6.13796579
820.9,-6.14056174
821.0,-6.14315784
821.1,-6.14575408
821.2,-6.14835043
821.3,-6.15094689
821.4,-6.15354344
821.5,-6.15614005
821.6,-6.15873671
821.7,-6.16133340
821.8,-6.16393011
821.9,-6.16652683
822.0,-6.16912352
822.1,-6.17172018
822.2,-6.17431679
822.3,-6.17691333
822.4,-6.17950979
822.5,-6.18210614
822.6,-6.18470237
822.7,-6.18729847
822.8,-6.18989442
822.9,-6.19249019
823.0,-6.19508578
823.1,-6.19768116
823.2,-6.20027632
823.3,-6.20287125
823.4,-6.20546592
823.5,-6.20806031
823.6,-6.21065442
823.7,-6.21324822
823.8,-6.21584170
823.9,-6.21843484
824.0,-6.22102762
824.1,-6.22362002
824.2,-6.22621204
824.3,-6.22880365
824.4,-6.23139483
824.5,-6.23398557
824.6,-6.23657585
824.7,-6.23916566
824.8,-6.24175497
824.9,-6.24434377
825.0,-6.24693204
825.1,-6.24951977
825.2,-6.25210694
825.3,-6.25469354
825.4,-6.25727953
825.5,-6.25986492
825.6,-6.26244967
825.7,-6.26503378
825.8,-6.26761723
825.9,-6.27019999
826.0,-6.27278206
826.1,-6.27536342
826.2,-6.27794404
826.3,-6.28052392
826.4,-6.28310303
826.5,-6.28568136
826.6,-6.28825888
826.7,-6.29083560
826.8,-6.29341148
826.9,-6.29598651
827.0,-6.29856067
827.1,-6.30113395
827.2,-6.30370633
827.3,-6.30627779
827.4,-6.30884832
827.5,-6.31141789
827.6,-6.31398649
827.7,-6.31655411
827.8,-6.31912073
827.9,-6.32168632
828.0,-6.32425088
828.1,-6.32681439
828.2,-6.32937682
828.3,-6.33193817
828.4,-6.33449841
828.5,-6.33705753
828.6,-6.33961551
828.7,-6.34217233
828.8,-6.34472798
828.9,-6.34728244
829.0,-6.34983569
829.1,-6.35238772
829.2,-6.35493851
829.3,-6.35748804
829.4,-6.36003630
829.5,-6.36258326
829.6,-6.36512892
829.7,-6.36767325
829.8,-6.37021623
829.9,-6.37275786
830.0,-6.37529811