390.0,  0.04533
390.1,  0.04572
390.2,  0.04610
390.3,  0.04649
390.4,  0.04687
390.5,  0.04726
390.6,  0.04764
390.7,  0.04803
390.8,  0.04841
390.9,  0.04880
391.0,  0.04918
391.1,  0.04957
391.2,  0.04995
391.3,  0.05034
391.4,  0.05072
391.5,  0.05111
391.6,  0.05149
391.7,  0.05188
391.8,  0.05226
391.9,  0.05265
392.0,  0.05304
392.1,  0.05343
392.2,  0.05381
392.3,  0.05420
392.4,  0.05459
392.5,  0.05498
392.6,  0.05537
392.7,  0.05576
392.8,  0.05615
392.9,  0.05654
393.0,  0.05693
393.1,  0.05732
393.2,  0.05771
393.3,  0.05810
393.4,  0.05850
393.5,  0.05889
393.6,  0.05929
393.7,  0.05968
393.8,  0.06008
393.9,  0.06047
394.0,  0.06087
394.1,  0.06127
394.2,  0.06167
394.3,  0.06207
394.4,  0.06247
394.5,  0.06287
394.6,  0.06327
394.7,  0.06367
394.8,  0.06408
394.9,  0.06448
395.0,  0.06489
395.1,  0.06529
395.2,  0.06570
395.3,  0.06611
395.4,  0.06652
395.5,  0.06693
395.6,  0.06734
395.7,  0.06775
395.8,  0.06817
395.9,  0.06858
396.0,  0.06900
396.1,  0.06941
396.2,  0.06983
396.3,  0.07025
396.4,  0.07067
396.5,  0.07109
396.6,  0.07152
396.7,  0.07194
396.8,  0.07237
396.9,  0.07279
397.0,  0.07322
397.1,  0.07365
397.2,  0.07408
397.3,  0.07452
397.4,  0.07495
397.5,  0.07539
397.6,  0.07582
397.7,  0.07626
397.8,  0.07670
397.9,  0.07714
398.0,  0.07758
398.1,  0.07803
398.2,  0.07848
398.3,  0.07892
398.4,  0.07937
398.5,  0.07982
398.6,  0.08028
398.7,  0.08073
398.8,  0.08119
398.9,  0.08164
399.0,  0.08210
399.1,  0.08256
399.2,  0.08303
399.3,  0.08349
399.4,  0.08396
399.5,  0.08443
399.6,  0.08490
399.7,  0.08537
399.8,  0.08585
399.9,  0.08632
400.0,  0.08680
400.1,  0.08728
400.2,  0.08776
400.3,  0.08825
400.4,  0.08873
400.5,  0.08922
400.6,  0.08971
400.7,  0.09020
400.8,  0.09069
400.9,  0.09119
401.0,  0.09168
401.1,  0.09218
401.2,  0.09268
401.3,  0.09318
401.4,  0.09368
401.5,  0.09418
401.6,  0.09468
401.7,  0.09518
401.8,  0.09569
401.9,  0.09620
402.0,  0.09670
402.1,  0.09721
402.2,  0.09772
402.3,  0.09823
402.4,  0.09874
402.5,  0.09925
402.6,  0.09976
402.7,  0.10027
402.8,  0.10078
402.9,  0.10129
403.0,  0.10180
403.1,  0.10231
403.2,  0.10283
403.3,  0.10334
403.4,  0.10385
403.5,  0.10436
403.6,  0.10487
403.7,  0.10539
403.8,  0.10590
403.9,  0.10641
404.0,  0.10692
404.1,  0.10743
404.2,  0.10794
404.3,  0.10845
404.4,  0.10896
404.5,  0.10947
404.6,  0.10998
404.7,  0.11048
404.8,  0.11099
404.9,  0.11150
405.0,  0.11200
405.1,  0.11250
405.2,  0.11301
405.3,  0.11351
405.4,  0.11401
405.5,  0.11451
405.6,  0.11501
405.7,  0.11550
405.8,  0.11600
405.9,  0.11650
406.0,  0.11699
406.1,  0.11749
406.2,  0.11798
406.3,  0.11848
406.4,  0.11897
406.5,  0.11946
406.6,  0.11995
406.7,  0.12045
406.8,  0.12094
406.9,  0.12143
407.0,  0.12192
407.1,  0.12240
407.2,  0.12289
407.3,  0.12338
407.4,  0.12387
407.5,  0.12436
407.6,  0.12484
407.7,  0.12533
407.8,  0.12582
407.9,  0.12630
408.0,  0.12679
408.1,  0.12727
408.2,  0.12776
408.3,  0.12825
408.4,  0.12873
408.5,  0.12922
408.6,  0.12970
408.7,  0.13019
408.8,  0.13067
408.9,  0.13116
409.0,  0.13164
409.1,  0.13213
409.2,  0.13261
409.3,  0.13310
409.4,  0.13358
409.5,  0.13407
409.6,  0.13455
409.7,  0.13504
409.8,  0.13553
409.9,  0.13601
410.0,  0.13650
410.1,  0.13699
410.2,  0.13747
410.3,  0.13796
410.4,  0.13845
410.5,  0.13894
410.6,  0.13943
410.7,  0.13992
410.8,  0.14041
410.9,  0.14091
411.0,  0.14140
411.1,  0.14189
411.2,  0.14239
411.3,  0.14289
411.4,  0.14339
411.5,  0.14389
411.6,  0.14439
411.7,  0.14490
411.8,  0.14540
411.9,  0.14591
412.0,  0.14642
412.1,  0.14693
412.2,  0.14745
412.3,  0.14796
412.4,  0.14848
412.5,  0.14900
412.6,  0.14953
412.7,  0.15005
412.8,  0.15058
412.9,  0.15112
413.0,  0.15165
413.1,  0.15219
413.2,  0.15273
413.3,  0.15327
413.4,  0.15382
413.5,  0.15437
413.6,  0.15493
413.7,  0.15549
413.8,  0.15605
413.9,  0.15661
414.0,  0.15718
414.1,  0.15775
414.2,  0.15833
414.3,  0.15891
414.4,  0.15950
414.5,  0.16009
414.6,  0.16068
414.7,  0.16128
414.8,  0.16188
414.9,  0.16249
415.0,  0.16310
415.1,  0.16372
415.2,  0.16434
415.3,  0.16496
415.4,  0.16559
415.5,  0.16623
415.6,  0.16687
415.7,  0.16751
415.8,  0.16816
415.9,  0.16881
416.0,  0.16947
416.1,  0.17013
416.2,  0.17079
416.3,  0.17146
416.4,  0.17213
416.5,  0.17281
416.6,  0.17349
416.7,  0.17417
416.8,  0.17485
416.9,  0.17554
417.0,  0.17624
417.1,  0.17693
417.2,  0.17763
417.3,  0.17833
417.4,  0.17903
417.5,  0.17974
417.6,  0.18045
417.7,  0.18116
417.8,  0.18188
417.9,  0.18260
418.0,  0.18332
418.1,  0.18404
418.2,  0.18476
418.3,  0.18549
418.4,  0.18622
418.5,  0.18695
418.6,  0.18768
418.7,  0.18842
418.8,  0.18915
418.9,  0.18989
419.0,  0.19063
419.1,  0.19137
419.2,  0.19212
419.3,  0.19286
419.4,  0.19361
419.5,  0.19435
419.6,  0.19510
419.7,  0.19585
419.8,  0.19660
419.9,  0.19735
420.0,  0.19810
420.1,  0.19885
420.2,  0.19960
420.3,  0.20036
420.4,  0.20111
420.5,  0.20187
420.6,  0.20262
420.7,  0.20337
420.8,  0.20413
420.9,  0.20488
421.0,  0.20564
421.1,  0.20639
421.2,  0.20714
421.3,  0.20790
421.4,  0.20865
421.5,  0.20940
421.6,  0.21015
421.7,  0.21090
421.8,  0.21165
421.9,  0.21240
422.0,  0.21314
422.1,  0.21389
422.2,  0.21463
422.3,  0.21538
422.4,  0.21612
422.5,  0.21686
422.6,  0.21759
422.7,  0.21833
422.8,  0.21906
422.9,  0.21979
423.0,  0.22052
423.1,  0.22125
423.2,  0.22197
423.3,  0.22270
423.4,  0.22342
423.5,  0.22413
423.6,  0.22485
423.7,  0.22556
423.8,  0.22627
423.9,  0.22697
424.0,  0.22767
424.1,  0.22837
424.2,  0.22907
424.3,  0.22976
424.4,  0.23045
424.5,  0.23113
424.6,  0.23182
424.7,  0.23249
424.8,  0.23317
424.9,  0.23384
425.0,  0.23450
425.1,  0.23516
425.2,  0.23582
425.3,  0.23647
425.4,  0.23712
425.5,  0.23776
425.6,  0.23840
425.7,  0.23903
425.8,  0.23966
425.9,  0.24029
426.0,  0.24091
426.1,  0.24153
426.2,  0.24214
426.3,  0.24275
426.4,  0.24335
426.5,  0.24395
426.6,  0.24454
426.7,  0.24513
426.8,  0.24572
426.9,  0.24630
427.0,  0.24687
427.1,  0.24744
427.2,  0.24801
427.3,  0.24857
427.4,  0.24912
427.5,  0.24967
427.6,  0.25022
427.7,  0.25076
427.8,  0.25130
427.9,  0.25183
428.0,  0.25236
428.1,  0.25288
428.2,  0.25339
428.3,  0.25390
428.4,  0.25441
428.5,  0.25491
428.6,  0.25541
428.7,  0.25590
428.8,  0.25638
428.9,  0.25687
429.0,  0.25734
429.1,  0.25781
429.2,  0.25828
429.3,  0.25873
429.4,  0.25919
429.5,  0.25964
429.6,  0.26008
429.7,  0.26052
429.8,  0.26095
429.9,  0.26138
430.0,  0.26180
430.1,  0.26222
430.2,  0.26263
430.3,  0.26303
430.4,  0.26343
430.5,  0.26383
430.6,  0.26422
430.7,  0.26460
430.8,  0.26498
430.9,  0.26536
431.0,  0.26573
431.1,  0.26609
431.2,  0.26645
431.3,  0.26680
431.4,  0.26716
431.5,  0.26750
431.6,  0.26784
431.7,  0.26818
431.8,  0.26851
431.9,  0.26884
432.0,  0.26916
432.1,  0.26948
432.2,  0.26980
432.3,  0.27011
432.4,  0.27042
432.5,  0.27072
432.6,  0.27102
432.7,  0.27132
432.8,  0.27161
432.9,  0.27190
433.0,  0.27218
433.1,  0.27246
433.2,  0.27274
433.3,  0.27301
433.4,  0.27328
433.5,  0.27355
433.6,  0.27381
433.7,  0.27407
433.8,  0.27433
433.9,  0.27459
434.0,  0.27484
434.1,  0.27509
434.2,  0.27533
434.3,  0.27557
434.4,  0.27581
434.5,  0.27605
434.6,  0.27629
434.7,  0.27652
434.8,  0.27675
434.9,  0.27698
435.0,  0.27720
435.1,  0.27742
435.2,  0.27764
435.3,  0.27786
435.4,  0.27808
435.5,  0.27829
435.6,  0.27850
435.7,  0.27872
435.8,  0.27893
435.9,  0.27913
436.0,  0.27934
436.1,  0.27955
436.2,  0.27976
436.3,  0.27996
436.4,  0.28017
436.5,  0.28037
436.6,  0.28057
436.7,  0.28078
436.8,  0.28098
436.9,  0.28119
437.0,  0.28139
437.1,  0.28160
437.2,  0.28180
437.3,  0.28201
437.4,  0.28222
437.5,  0.28243
437.6,  0.28264
437.7,  0.28285
437.8,  0.28306
437.9,  0.28328
438.0,  0.28349
438.1,  0.28371
438.2,  0.28393
438.3,  0.28415
438.4,  0.28438
438.5,  0.28460
438.6,  0.28483
438.7,  0.28507
438.8,  0.28530
438.9,  0.28554
439.0,  0.28578
439.1,  0.28603
439.2,  0.28627
439.3,  0.28653
439.4,  0.28678
439.5,  0.28704
439.6,  0.28730
439.7,  0.28757
439.8,  0.28784
439.9,  0.28812
440.0,  0.28840
440.1,  0.28869
440.2,  0.28898
440.3,  0.28927
440.4,  0.28957
440.5,  0.28987
440.6,  0.29018
440.7,  0.29050
440.8,  0.29081
440.9,  0.29114
441.0,  0.29146
441.1,  0.29179
441.2,  0.29213
441.3,  0.29247
441.4,  0.29281
441.5,  0.29316
441.6,  0.29352
441.7,  0.29387
441.8,  0.29424
441.9,  0.29460
442.0,  0.29497
442.1,  0.29535
442.2,  0.29573
442.3,  0.29611
442.4,  0.29650
442.5,  0.29689
442.6,  0.29729
442.7,  0.29769
442.8,  0.29809
442.9,  0.29850
443.0,  0.29892
443.1,  0.29933
443.2,  0.29975
443.3,  0.30018
443.4,  0.30061
443.5,  0.30104
443.6,  0.30148
443.7,  0.30192
443.8,  0.30236
443.9,  0.30281
444.0,  0.30326
444.1,  0.30372
444.2,  0.30418
444.3,  0.30465
444.4,  0.30511
444.5,  0.30558
444.6,  0.30606
444.7,  0.30654
444.8,  0.30702
444.9,  0.30751
445.0,  0.30800
445.1,  0.30849
445.2,  0.30899
445.3,  0.30949
445.4,  0.31000
445.5,  0.31050
445.6,  0.31101
445.7,  0.31152
445.8,  0.31204
445.9,  0.31256
446.0,  0.31307
446.1,  0.31359
446.2,  0.31412
446.3,  0.31464
446.4,  0.31516
446.5,  0.31569
446.6,  0.31621
446.7,  0.31674
446.8,  0.31727
446.9,  0.31780
447.0,  0.31832
447.1,  0.31885
447.2,  0.31938
447.3,  0.31990
447.4,  0.32043
447.5,  0.32095
447.6,  0.32148
447.7,  0.32200
447.8,  0.32252
447.9,  0.32304
448.0,  0.32355
448.1,  0.32407
448.2,  0.32458
448.3,  0.32509
448.4,  0.32560
448.5,  0.32610
448.6,  0.32661
448.7,  0.32710
448.8,  0.32760
448.9,  0.32809
449.0,  0.32858
449.1,  0.32906
449.2,  0.32954
449.3,  0.33001
449.4,  0.33049
449.5,  0.33095
449.6,  0.33141
449.7,  0.33187
449.8,  0.33232
449.9,  0.33276
450.0,  0.33320
450.1,  0.33363
450.2,  0.33406
450.3,  0.33448
450.4,  0.33490
450.5,  0.33531
450.6,  0.33571
450.7,  0.33611
450.8,  0.33650
450.9,  0.33689
451.0,  0.33727
451.1,  0.33765
451.2,  0.33802
451.3,  0.33838
451.4,  0.33874
451.5,  0.33910
451.6,  0.33945
451.7,  0.33979
451.8,  0.34013
451.9,  0.34047
452.0,  0.34080
452.1,  0.34112
452.2,  0.34144
452.3,  0.34176
452.4,  0.34207
452.5,  0.34237
452.6,  0.34267
452.7,  0.34297
452.8,  0.34326
452.9,  0.34355
453.0,  0.34383
453.1,  0.34411
453.2,  0.34438
453.3,  0.34465
453.4,  0.34491
453.5,  0.34518
453.6,  0.34543
453.7,  0.34568
453.8,  0.34593
453.9,  0.34617
454.0,  0.34641
454.1,  0.34665
454.2,  0.34688
454.3,  0.34711
454.4,  0.34733
454.5,  0.34755
454.6,  0.34777
454.7,  0.34798
454.8,  0.34819
454.9,  0.34840
455.0,  0.34860
455.1,  0.34880
455.2,  0.34899
455.3,  0.34918
455.4,  0.34937
455.5,  0.34955
455.6,  0.34973
455.7,  0.34990
455.8,  0.35007
455.9,  0.35023
456.0,  0.35039
456.1,  0.35054
456.2,  0.35069
456.3,  0.35083
456.4,  0.35097
456.5,  0.35109
456.6,  0.35122
456.7,  0.35133
456.8,  0.35144
456.9,  0.35154
457.0,  0.35163
457.1,  0.35172
457.2,  0.35180
457.3,  0.35187
457.4,  0.35193
457.5,  0.35198
457.6,  0.35203
457.7,  0.35206
457.8,  0.35209
457.9,  0.35211
458.0,  0.35211
458.1,  0.35211
458.2,  0.35210
458.3,  0.35208
458.4,  0.35205
458.5,  0.35201
458.6,  0.35196
458.7,  0.35189
458.8,  0.35182
458.9,  0.35173
459.0,  0.35164
459.1,  0.35153
459.2,  0.35141
459.3,  0.35128
459.4,  0.35113
459.5,  0.35098
459.6,  0.35081
459.7,  0.35063
459.8,  0.35043
459.9,  0.35022
460.0,  0.35000
460.1,  0.34976
460.2,  0.34952
460.3,  0.34925
460.4,  0.34898
460.5,  0.34869
460.6,  0.34839
460.7,  0.34808
460.8,  0.34776
460.9,  0.34742
461.0,  0.34707
461.1,  0.34672
461.2,  0.34635
461.3,  0.34597
461.4,  0.34558
461.5,  0.34518
461.6,  0.34477
461.7,  0.34435
461.8,  0.34393
461.9,  0.34349
462.0,  0.34304
462.1,  0.34259
462.2,  0.34213
462.3,  0.34166
462.4,  0.34118
462.5,  0.34069
462.6,  0.34020
462.7,  0.33970
462.8,  0.33920
462.9,  0.33868
463.0,  0.33816
463.1,  0.33764
463.2,  0.33711
463.3,  0.33657
463.4,  0.33603
463.5,  0.33549
463.6,  0.33494
463.7,  0.33438
463.8,  0.33383
463.9,  0.33326
464.0,  0.33270
464.1,  0.33213
464.2,  0.33156
464.3,  0.33098
464.4,  0.33040
464.5,  0.32982
464.6,  0.32924
464.7,  0.32866
464.8,  0.32807
464.9,  0.32749
465.0,  0.32690
465.1,  0.32631
465.2,  0.32572
465.3,  0.32513
465.4,  0.32455
465.5,  0.32396
465.6,  0.32337
465.7,  0.32278
465.8,  0.32219
465.9,  0.32160
466.0,  0.32101
466.1,  0.32043
466.2,  0.31984
466.3,  0.31925
466.4,  0.31867
466.5,  0.31809
466.6,  0.31751
466.7,  0.31693
466.8,  0.31635
466.9,  0.31577
467.0,  0.31520
467.1,  0.31462
467.2,  0.31405
467.3,  0.31349
467.4,  0.31292
467.5,  0.31236
467.6,  0.31180
467.7,  0.31124
467.8,  0.31069
467.9,  0.31014
468.0,  0.30959
468.1,  0.30905
468.2,  0.30851
468.3,  0.30798
468.4,  0.30744
468.5,  0.30692
468.6,  0.30639
468.7,  0.30588
468.8,  0.30536
468.9,  0.30485
469.0,  0.30435
469.1,  0.30385
469.2,  0.30335
469.3,  0.30286
469.4,  0.30238
469.5,  0.30190
469.6,  0.30143
469.7,  0.30096
469.8,  0.30050
469.9,  0.30005
470.0,  0.29960
470.1,  0.29916
470.2,  0.29872
470.3,  0.29829
470.4,  0.29787
470.5,  0.29745
470.6,  0.29704
470.7,  0.29664
470.8,  0.29624
470.9,  0.29585
471.0,  0.29546
471.1,  0.29508
471.2,  0.29470
471.3,  0.29434
471.4,  0.29397
471.5,  0.29361
471.6,  0.29326
471.7,  0.29291
471.8,  0.29257
471.9,  0.29224
472.0,  0.29191
472.1,  0.29158
472.2,  0.29126
472.3,  0.29095
472.4,  0.29064
472.5,  0.29033
472.6,  0.29003
472.7,  0.28974
472.8,  0.28945
472.9,  0.28916
473.0,  0.28888
473.1,  0.28861
473.2,  0.28834
473.3,  0.28807
473.4,  0.28781
473.5,  0.28755
473.6,  0.28730
473.7,  0.28705
473.8,  0.28681
473.9,  0.28657
474.0,  0.28633
474.1,  0.28610
474.2,  0.28587
474.3,  0.28565
474.4,  0.28543
474.5,  0.28522
474.6,  0.28501
474.7,  0.28480
474.8,  0.28460
474.9,  0.28440
475.0,  0.28420
475.1,  0.28401
475.2,  0.28382
475.3,  0.28363
475.4,  0.28345
475.5,  0.28327
475.6,  0.28310
475.7,  0.28293
475.8,  0.28276
475.9,  0.28260
476.0,  0.28244
476.1,  0.28228
476.2,  0.28213
476.3,  0.28198
476.4,  0.28183
476.5,  0.28168
476.6,  0.28154
476.7,  0.28141
476.8,  0.28127
476.9,  0.28114
477.0,  0.28102
477.1,  0.28089
477.2,  0.28077
477.3,  0.28065
477.4,  0.28054
477.5,  0.28043
477.6,  0.28032
477.7,  0.28021
477.8,  0.28011
477.9,  0.28001
478.0,  0.27992
478.1,  0.27982
478.2,  0.27973
478.3,  0.27965
478.4,  0.27956
478.5,  0.27948
478.6,  0.27940
478.7,  0.27933
478.8,  0.27925
478.9,  0.27918
479.0,  0.27912
479.1,  0.27905
479.2,  0.27899
479.3,  0.27893
479.4,  0.27888
479.5,  0.27882
479.6,  0.27877
479.7,  0.27873
479.8,  0.27868
479.9,  0.27864
480.0,  0.27860
480.1,  0.27856
480.2,  0.27853
480.3,  0.27850
480.4,  0.27847
480.5,  0.27844
480.6,  0.27841
480.7,  0.27839
480.8,  0.27837
480.9,  0.27834
481.0,  0.27832
481.1,  0.27831
481.2,  0.27829
481.3,  0.27827
481.4,  0.27826
481.5,  0.27824
481.6,  0.27823
481.7,  0.27822
481.8,  0.27820
481.9,  0.27819
482.0,  0.27818
482.1,  0.27817
482.2,  0.27815
482.3,  0.27814
482.4,  0.27813
482.5,  0.27811
482.6,  0.27810
482.7,  0.27808
482.8,  0.27807
482.9,  0.27805
483.0,  0.27803
483.1,  0.27801
483.2,  0.27799
483.3,  0.27796
483.4,  0.27794
483.5,  0.27791
483.6,  0.27788
483.7,  0.27785
483.8,  0.27782
483.9,  0.27779
484.0,  0.27775
484.1,  0.27771
484.2,  0.27766
484.3,  0.27762
484.4,  0.27757
484.5,  0.27751
484.6,  0.27746
484.7,  0.27740
484.8,  0.27734
484.9,  0.27727
485.0,  0.27720
485.1,  0.27713
485.2,  0.27705
485.3,  0.27697
485.4,  0.27688
485.5,  0.27679
485.6,  0.27669
485.7,  0.27660
485.8,  0.27650
485.9,  0.27639
486.0,  0.27628
486.1,  0.27617
486.2,  0.27605
486.3,  0.27593
486.4,  0.27580
486.5,  0.27567
486.6,  0.27554
486.7,  0.27540
486.8,  0.27526
486.9,  0.27512
487.0,  0.27497
487.1,  0.27482
487.2,  0.27466
487.3,  0.27450
487.4,  0.27434
487.5,  0.27417
487.6,  0.27400
487.7,  0.27383
487.8,  0.27365
487.9,  0.27347
488.0,  0.27328
488.1,  0.27309
488.2,  0.27290
488.3,  0.27270
488.4,  0.27250
488.5,  0.27230
488.6,  0.27209
488.7,  0.27188
488.8,  0.27166
488.9,  0.27145
489.0,  0.27122
489.1,  0.27100
489.2,  0.27077
489.3,  0.27053
489.4,  0.27030
489.5,  0.27006
489.6,  0.26981
489.7,  0.26956
489.8,  0.26931
489.9,  0.26906
490.0,  0.26880
490.1,  0.26854
490.2,  0.26827
490.3,  0.26800
490.4,  0.26773
490.5,  0.26745
490.6,  0.26717
490.7,  0.26688
490.8,  0.26659
490.9,  0.26630
491.0,  0.26600
491.1,  0.26569
491.2,  0.26538
491.3,  0.26507
491.4,  0.26475
491.5,  0.26442
491.6,  0.26409
491.7,  0.26375
491.8,  0.26341
491.9,  0.26306
492.0,  0.26270
492.1,  0.26234
492.2,  0.26197
492.3,  0.26160
492.4,  0.26122
492.5,  0.26083
492.6,  0.26043
492.7,  0.26003
492.8,  0.25962
492.9,  0.25920
493.0,  0.25878
493.1,  0.25835
493.2,  0.25791
493.3,  0.25746
493.4,  0.25700
493.5,  0.25654
493.6,  0.25607
493.7,  0.25558
493.8,  0.25510
493.9,  0.25460
494.0,  0.25409
494.1,  0.25357
494.2,  0.25305
494.3,  0.25251
494.4,  0.25197
494.5,  0.25142
494.6,  0.25085
494.7,  0.25028
494.8,  0.24970
494.9,  0.24910
495.0,  0.24850
495.1,  0.24789
495.2,  0.24726
495.3,  0.24663
495.4,  0.24598
495.5,  0.24533
495.6,  0.24467
495.7,  0.24400
495.8,  0.24332
495.9,  0.24263
496.0,  0.24193
496.1,  0.24122
496.2,  0.24051
496.3,  0.23978
496.4,  0.23905
496.5,  0.23832
496.6,  0.23757
496.7,  0.23682
496.8,  0.23606
496.9,  0.23529
497.0,  0.23452
497.1,  0.23374
497.2,  0.23296
497.3,  0.23217
497.4,  0.23137
497.5,  0.23057
497.6,  0.22976
497.7,  0.22895
497.8,  0.22813
497.9,  0.22731
498.0,  0.22648
498.1,  0.22565
498.2,  0.22481
498.3,  0.22397
498.4,  0.22313
498.5,  0.22228
498.6,  0.22143
498.7,  0.22058
498.8,  0.21972
498.9,  0.21887
499.0,  0.21800
499.1,  0.21714
499.2,  0.21628
499.3,  0.21541
499.4,  0.21454
499.5,  0.21367
499.6,  0.21280
499.7,  0.21192
499.8,  0.21105
499.9,  0.21018
500.0,  0.20930
500.1,  0.20842
500.2,  0.20755
500.3,  0.20667
500.4,  0.20580
500.5,  0.20492
500.6,  0.20404
500.7,  0.20317
500.8,  0.20229
500.9,  0.20141
501.0,  0.20053
501.1,  0.19965
501.2,  0.19878
501.3,  0.19790
501.4,  0.19702
501.5,  0.19614
501.6,  0.19526
501.7,  0.19438
501.8,  0.19350
501.9,  0.19262
502.0,  0.19174
502.1,  0.19086
502.2,  0.18998
502.3,  0.18910
502.4,  0.18821
502.5,  0.18733
502.6,  0.18645
502.7,  0.18557
502.8,  0.18468
502.9,  0.18380
503.0,  0.18292
503.1,  0.18203
503.2,  0.18115
503.3,  0.18027
503.4,  0.17938
503.5,  0.17850
503.6,  0.17761
503.7,  0.17673
503.8,  0.17584
503.9,  0.17496
504.0,  0.17407
504.1,  0.17318
504.2,  0.17230
504.3,  0.17141
504.4,  0.17053
504.5,  0.16964
504.6,  0.16875
504.7,  0.16786
504.8,  0.16698
504.9,  0.16609
505.0,  0.16520
505.1,  0.16431
505.2,  0.16342
505.3,  0.16253
505.4,  0.16165
505.5,  0.16076
505.6,  0.15987
505.7,  0.15898
505.8,  0.15809
505.9,  0.15720
506.0,  0.15631
506.1,  0.15542
506.2,  0.15453
506.3,  0.15364
506.4,  0.15275
506.5,  0.15187
506.6,  0.15098
506.7,  0.15009
506.8,  0.14920
506.9,  0.14831
507.0,  0.14743
507.1,  0.14654
507.2,  0.14565
507.3,  0.14477
507.4,  0.14388
507.5,  0.14300
507.6,  0.14211
507.7,  0.14123
507.8,  0.14034
507.9,  0.13946
508.0,  0.13858
508.1,  0.13770
508.2,  0.13681
508.3,  0.13593
508.4,  0.13505
508.5,  0.13417
508.6,  0.13330
508.7,  0.13242
508.8,  0.13154
508.9,  0.13067
509.0,  0.12979
509.1,  0.12892
509.2,  0.12805
509.3,  0.12717
509.4,  0.12630
509.5,  0.12543
509.6,  0.12456
509.7,  0.12370
509.8,  0.12283
509.9,  0.12196
510.0,  0.12110
510.1,  0.12024
510.2,  0.11938
510.3,  0.11852
510.4,  0.11766
510.5,  0.11680
510.6,  0.11594
510.7,  0.11509
510.8,  0.11424
510.9,  0.11339
511.0,  0.11254
511.1,  0.11169
511.2,  0.11085
511.3,  0.11001
511.4,  0.10917
511.5,  0.10833
511.6,  0.10750
511.7,  0.10666
511.8,  0.10584
511.9,  0.10501
512.0,  0.10419
512.1,  0.10336
512.2,  0.10255
512.3,  0.10173
512.4,  0.10092
512.5,  0.10011
512.6,  0.09931
512.7,  0.09850
512.8,  0.09771
512.9,  0.09691
513.0,  0.09612
513.1,  0.09533
513.2,  0.09455
513.3,  0.09377
513.4,  0.09300
513.5,  0.09222
513.6,  0.09146
513.7,  0.09069
513.8,  0.08994
513.9,  0.08918
514.0,  0.08843
514.1,  0.08769
514.2,  0.08695
514.3,  0.08621
514.4,  0.08548
514.5,  0.08475
514.6,  0.08403
514.7,  0.08332
514.8,  0.08261
514.9,  0.08190
515.0,  0.08120
515.1,  0.08051
515.2,  0.07982
515.3,  0.07913
515.4,  0.07845
515.5,  0.07778
515.6,  0.07711
515.7,  0.07645
515.8,  0.07579
515.9,  0.07514
516.0,  0.07449
516.1,  0.07385
516.2,  0.07321
516.3,  0.07258
516.4,  0.07195
516.5,  0.07133
516.6,  0.07072
516.7,  0.07010
516.8,  0.06950
516.9,  0.06889
517.0,  0.06830
517.1,  0.06770
517.2,  0.06712
517.3,  0.06653
517.4,  0.06596
517.5,  0.06538
517.6,  0.06481
517.7,  0.06425
517.8,  0.06369
517.9,  0.06314
518.0,  0.06259
518.1,  0.06204
518.2,  0.06150
518.3,  0.06096
518.4,  0.06043
518.5,  0.05990
518.6,  0.05938
518.7,  0.05886
518.8,  0.05835
518.9,  0.05784
519.0,  0.05733
519.1,  0.05683
519.2,  0.05633
519.3,  0.05584
519.4,  0.05535
519.5,  0.05486
519.6,  0.05438
519.7,  0.05391
519.8,  0.05343
519.9,  0.05296
520.0,  0.05250
520.1,  0.05204
520.2,  0.05158
520.3,  0.05113
520.4,  0.05068
520.5,  0.05023
520.6,  0.04979
520.7,  0.04935
520.8,  0.04892
520.9,  0.04849
521.0,  0.04806
521.1,  0.04764
521.2,  0.04721
521.3,  0.04680
521.4,  0.04638
521.5,  0.04597
521.6,  0.04556
521.7,  0.04515
521.8,  0.04475
521.9,  0.04435
522.0,  0.04395
522.1,  0.04355
522.2,  0.04316
522.3,  0.04277
522.4,  0.04238
522.5,  0.04200
522.6,  0.04161
522.7,  0.04123
522.8,  0.04085
522.9,  0.04047
523.0,  0.04010
523.1,  0.03972
523.2,  0.03935
523.3,  0.03898
523.4,  0.03861
523.5,  0.03825
523.6,  0.03788
523.7,  0.03752
523.8,  0.03716
523.9,  0.03680
524.0,  0.03644
524.1,  0.03608
524.2,  0.03572
524.3,  0.03537
524.4,  0.03501
524.5,  0.03466
524.6,  0.03430
524.7,  0.03395
524.8,  0.03360
524.9,  0.03325
525.0,  0.03290
525.1,  0.03255
525.2,  0.03220
525.3,  0.03185
525.4,  0.03151
525.5,  0.03116
525.6,  0.03081
525.7,  0.03047
525.8,  0.03012
525.9,  0.02978
526.0,  0.02944
526.1,  0.02910
526.2,  0.02876
526.3,  0.02842
526.4,  0.02809
526.5,  0.02775
526.6,  0.02742
526.7,  0.02709
526.8,  0.02676
526.9,  0.02643
527.0,  0.02610
527.1,  0.02578
527.2,  0.02545
527.3,  0.02513
527.4,  0.02482
527.5,  0.02450
527.6,  0.02419
527.7,  0.02387
527.8,  0.02356
527.9,  0.02326
528.0,  0.02295
528.1,  0.02265
528.2,  0.02235
528.3,  0.02206
528.4,  0.02176
528.5,  0.02147
528.6,  0.02118
528.7,  0.02090
528.8,  0.02062
528.9,  0.02034
529.0,  0.02006
529.1,  0.01979
529.2,  0.01952
529.3,  0.01926
529.4,  0.01900
529.5,  0.01874
529.6,  0.01848
529.7,  0.01823
529.8,  0.01798
529.9,  0.01774
530.0,  0.01750
530.1,  0.01726
530.2,  0.01703
530.3,  0.01680
530.4,  0.01658
530.5,  0.01636
530.6,  0.01614
530.7,  0.01593
530.8,  0.01572
530.9,  0.01551
531.0,  0.01531
531.1,  0.01511
531.2,  0.01491
531.3,  0.01472
531.4,  0.01453
531.5,  0.01434
531.6,  0.01416
531.7,  0.01398
531.8,  0.01380
531.9,  0.01363
532.0,  0.01345
532.1,  0.01328
532.2,  0.01312
532.3,  0.01295
532.4,  0.01279
532.5,  0.01263
532.6,  0.01247
532.7,  0.01232
532.8,  0.01217
532.9,  0.01202
533.0,  0.01187
533.1,  0.01173
533.2,  0.01158
533.3,  0.01144
533.4,  0.01130
533.5,  0.01116
533.6,  0.01103
533.7,  0.01089
533.8,  0.01076
533.9,  0.01063
534.0,  0.01050
534.1,  0.01038
534.2,  0.01025
534.3,  0.01012
534.4,  0.01000
534.5,  0.00988
534.6,  0.00976
534.7,  0.00964
534.8,  0.00952
534.9,  0.00940
535.0,  0.00929
535.1,  0.00917
535.2,  0.00906
535.3,  0.00895
535.4,  0.00883
535.5,  0.00872
535.6,  0.00861
535.7,  0.00850
535.8,  0.00839
535.9,  0.00828
536.0,  0.00818
536.1,  0.00807
536.2,  0.00797
536.3,  0.00786
536.4,  0.00776
536.5,  0.00766
536.6,  0.00755
536.7,  0.00745
536.8,  0.00735
536.9,  0.00725
537.0,  0.00716
537.1,  0.00706
537.2,  0.00696
537.3,  0.00687
537.4,  0.00677
537.5,  0.00668
537.6,  0.00658
537.7,  0.00649
537.8,  0.00640
537.9,  0.00631
538.0,  0.00622
538.1,  0.00613
538.2,  0.00604
538.3,  0.00596
538.4,  0.00587
538.5,  0.00578
538.6,  0.00570
538.7,  0.00561
538.8,  0.00553
538.9,  0.00545
539.0,  0.00537
539.1,  0.00529
539.2,  0.00521
539.3,  0.00513
539.4,  0.00505
539.5,  0.00497
539.6,  0.00489
539.7,  0.00482
539.8,  0.00474
539.9,  0.00467
540.0,  0.00459
540.1,  0.00452
540.2,  0.00445
540.3,  0.00437
540.4,  0.00430
540.5,  0.00423
540.6,  0.00416
540.7,  0.00409
540.8,  0.00402
540.9,  0.00396
541.0,  0.00389
541.1,  0.00382
541.2,  0.00376
541.3,  0.00369
541.4,  0.00363
541.5,  0.00356
541.6,  0.00350
541.7,  0.00344
541.8,  0.00338
541.9,  0.00332
542.0,  0.00325
542.1,  0.00319
542.2,  0.00313
542.3,  0.00308
542.4,  0.00302
542.5,  0.00296
542.6,  0.00290
542.7,  0.00284
542.8,  0.00279
542.9,  0.00273
543.0,  0.00268
543.1,  0.00262
543.2,  0.00257
543.3,  0.00251
543.4,  0.00246
543.5,  0.00241
543.6,  0.00235
543.7,  0.00230
543.8,  0.00225
543.9,  0.00220
544.0,  0.00215
544.1,  0.00210
544.2,  0.00205
544.3,  0.00200
544.4,  0.00195
544.5,  0.00190
544.6,  0.00185
544.7,  0.00180
544.8,  0.00176
544.9,  0.00171
545.0,  0.00166
545.1,  0.00161
545.2,  0.00157
545.3,  0.00152
545.4,  0.00148
545.5,  0.00143
545.6,  0.00139
545.7,  0.00134
545.8,  0.00130
545.9,  0.00125
546.0,  0.00121
546.1,  0.00117
546.2,  0.00113
546.3,  0.00108
546.4,  0.00104
546.5,  0.00100
546.6,  0.00096
546.7,  0.00092
546.8,  0.00088
546.9,  0.00084
547.0,  0.00081
547.1,  0.00077
547.2,  0.00073
547.3,  0.00070
547.4,  0.00066
547.5,  0.00063
547.6,  0.00059
547.7,  0.00056
547.8,  0.00053
547.9,  0.00049
548.0,  0.00046
548.1,  0.00043
548.2,  0.00040
548.3,  0.00037
548.4,  0.00034
548.5,  0.00031
548.6,  0.00029
548.7,  0.00026
548.8,  0.00024
548.9,  0.00021
549.0,  0.00019
549.1,  0.00017
549.2,  0.00014
549.3,  0.00012
549.4,  0.00010
549.5,  0.00008
549.6,  0.00006
549.7,  0.00005
549.8,  0.00003
549.9,  0.00001
550.0,  0.00000
550.1,  0.00000
550.2,  0.00000
550.3,  0.00000
550.4,  0.00000
550.5,  0.00000
550.6,  0.00000
550.7,  0.00000
550.8,  0.00000
550.9,  0.00000
551.0,  0.00000
551.1,  0.00000
551.2,  0.00000
551.3,  0.00000
551.4,  0.00000
551.5,  0.00000
551.6,  0.00000
551.7,  0.00000
551.8,  0.00000
551.9,  0.00000
552.0,  0.00000
552.1,  0.00000
552.2,  0.00000
552.3,  0.00000
552.4,  0.00000
552.5,  0.00000
552.6,  0.00000
552.7,  0.00000
552.8,  0.00000
552.9,  0.00000
553.0,  0.00000
553.1,  0.00000
553.2,  0.00000
553.3,  0.00000
553.4,  0.00000
553.5,  0.00000
553.6,  0.00000
553.7,  0.00000
553.8,  0.00000
553.9,  0.00000
554.0,  0.00000
554.1,  0.00000
554.2,  0.00000
554.3,  0.00000
554.4,  0.00000
554.5,  0.00000
554.6,  0.00000
554.7,  0.00000
554.8,  0.00000
554.9,  0.00000
555.0,  0.00000
555.1,  0.00000
555.2,  0.00000
555.3,  0.00000
555.4,  0.00000
555.5,  0.00000
555.6,  0.00000
555.7,  0.00000
555.8,  0.00000
555.9,  0.00000
556.0,  0.00000
556.1,  0.00000
556.2,  0.00000
556.3,  0.00000
556.4,  0.00000
556.5,  0.00000
556.6,  0.00000
556.7,  0.00000
556.8,  0.00000
556.9,  0.00000
557.0,  0.00000
557.1,  0.00000
557.2,  0.00000
557.3,  0.00000
557.4,  0.00000
557.5,  0.00000
557.6,  0.00000
557.7,  0.00000
557.8,  0.00000
557.9,  0.00000
558.0,  0.00000
558.1,  0.00000
558.2,  0.00000
558.3,  0.00000
558.4,  0.00000
558.5,  0.00000
558.6,  0.00000
558.7,  0.00000
558.8,  0.00000
558.9,  0.00000
559.0,  0.00000
559.1,  0.00000
559.2,  0.00000
559.3,  0.00000
559.4,  0.00000
559.5,  0.00000
559.6,  0.00000
559.7,  0.00000
559.8,  0.00000
559.9,  0.00000
560.0,  0.00000
560.1,  0.00000
560.2,  0.00000
560.3,  0.00000
560.4,  0.00000
560.5,  0.00000
560.6,  0.00000
560.7,  0.00000
560.8,  0.00000
560.9,  0.00000
561.0,  0.00000
561.1,  0.00000
561.2,  0.00000
561.3,  0.00000
561.4,  0.00000
561.5,  0.00000
561.6,  0.00000
561.7,  0.00000
561.8,  0.00000
561.9,  0.00000
562.0,  0.00000
562.1,  0.00000
562.2,  0.00000
562.3,  0.00000
562.4,  0.00000
562.5,  0.00000
562.6,  0.00000
562.7,  0.00000
562.8,  0.00000
562.9,  0.00000
563.0,  0.00000
563.1,  0.00000
563.2,  0.00000
563.3,  0.00000
563.4,  0.00000
563.5,  0.00000
563.6,  0.00000
563.7,  0.00000
563.8,  0.00000
563.9,  0.00000
564.0,  0.00000
564.1,  0.00000
564.2,  0.00000
564.3,  0.00000
564.4,  0.00000
564.5,  0.00000
564.6,  0.00000
564.7,  0.00000
564.8,  0.00000
564.9,  0.00000
565.0,  0.00000
565.1,  0.00000
565.2,  0.00000
565.3,  0.00000
565.4,  0.00000
565.5,  0.00000
565.6,  0.00000
565.7,  0.00000
565.8,  0.00000
565.9,  0.00000
566.0,  0.00000
566.1,  0.00000
566.2,  0.00000
566.3,  0.00000
566.4,  0.00000
566.5,  0.00000
566.6,  0.00000
566.7,  0.00000
566.8,  0.00000
566.9,  0.00000
567.0,  0.00000
567.1,  0.00000
567.2,  0.00000
567.3,  0.00000
567.4,  0.00000
567.5,  0.00000
567.6,  0.00000
567.7,  0.00000
567.8,  0.00000
567.9,  0.00000
568.0,  0.00000
568.1,  0.00000
568.2,  0.00000
568.3,  0.00000
568.4,  0.00000
568.5,  0.00000
568.6,  0.00000
568.7,  0.00000
568.8,  0.00000
568.9,  0.00000
569.0,  0.00000
569.1,  0.00000
569.2,  0.00000
569.3,  0.00000
569.4,  0.00000
569.5,  0.00000
569.6,  0.00000
569.7,  0.00000
569.8,  0.00000
569.9,  0.00000
570.0,  0.00000
570.1,  0.00000
570.2,  0.00000
570.3,  0.00000
570.4,  0.00000
570.5,  0.00000
570.6,  0.00000
570.7,  0.00000
570.8,  0.00000
570.9,  0.00000
571.0,  0.00000
571.1,  0.00000
571.2,  0.00000
571.3,  0.00000
571.4,  0.00000
571.5,  0.00000
571.6,  0.00000
571.7,  0.00000
571.8,  0.00000
571.9,  0.00000
572.0,  0.00000
572.1,  0.00000
572.2,  0.00000
572.3,  0.00000
572.4,  0.00000
572.5,  0.00000
572.6,  0.00000
572.7,  0.00000
572.8,  0.00000
572.9,  0.00000
573.0,  0.00000
573.1,  0.00000
573.2,  0.00000
573.3,  0.00000
573.4,  0.00000
573.5,  0.00000
573.6,  0.00000
573.7,  0.00000
573.8,  0.00000
573.9,  0.00000
574.0,  0.00000
574.1,  0.00000
574.2,  0.00000
574.3,  0.00000
574.4,  0.00000
574.5,  0.00000
574.6,  0.00000
574.7,  0.00000
574.8,  0.00000
574.9,  0.00000
575.0,  0.00000
575.1,  0.00000
575.2,  0.00000
575.3,  0.00000
575.4,  0.00000
575.5,  0.00000
575.6,  0.00000
575.7,  0.00000
575.8,  0.00000
575.9,  0.00000
576.0,  0.00000
576.1,  0.00000
576.2,  0.00000
576.3,  0.00000
576.4,  0.00000
576.5,  0.00000
576.6,  0.00000
576.7,  0.00000
576.8,  0.00000
576.9,  0.00000
577.0,  0.00000
577.1,  0.00000
577.2,  0.00000
577.3,  0.00000
577.4,  0.00000
577.5,  0.00000
577.6,  0.00000
577.7,  0.00000
577.8,  0.00000
577.9,  0.00000
578.0,  0.00000
578.1,  0.00000
578.2,  0.00000
578.3,  0.00000
578.4,  0.00000
578.5,  0.00000
578.6,  0.00000
578.7,  0.00000
578.8,  0.00000
578.9,  0.00000
579.0,  0.00000
579.1,  0.00000
579.2,  0.00000
579.3,  0.00000
579.4,  0.00000
579.5,  0.00000
579.6,  0.00000
579.7,  0.00000
579.8,  0.00000
579.9,  0.00000
580.0,  0.00000
580.1,  0.00000
580.2,  0.00000
580.3,  0.00000
580.4,  0.00000
580.5,  0.00000
580.6,  0.00000
580.7,  0.00000
580.8,  0.00000
580.9,  0.00000
581.0,  0.00000
581.1,  0.00000
581.2,  0.00000
581.3,  0.00000
581.4,  0.00000
581.5,  0.00000
581.6,  0.00000
581.7,  0.00000
581.8,  0.00000
581.9,  0.00000
582.0,  0.00000
582.1,  0.00000
582.2,  0.00000
582.3,  0.00000
582.4,  0.00000
582.5,  0.00000
582.6,  0.00000
582.7,  0.00000
582.8,  0.00000
582.9,  0.00000
583.0,  0.00000
583.1,  0.00000
583.2,  0.00000
583.3,  0.00000
583.4,  0.00000
583.5,  0.00000
583.6,  0.00000
583.7,  0.00000
583.8,  0.00000
583.9,  0.00000
584.0,  0.00000
584.1,  0.00000
584.2,  0.00000
584.3,  0.00000
584.4,  0.00000
584.5,  0.00000
584.6,  0.00000
584.7,  0.00000
584.8,  0.00000
584.9,  0.00000
585.0,  0.00000
585.1,  0.00000
585.2,  0.00000
585.3,  0.00000
585.4,  0.00000
585.5,  0.00000
585.6,  0.00000
585.7,  0.00000
585.8,  0.00000
585.9,  0.00000
586.0,  0.00000
586.1,  0.00000
586.2,  0.00000
586.3,  0.00000
586.4,  0.00000
586.5,  0.00000
586.6,  0.00000
586.7,  0.00000
586.8,  0.00000
586.9,  0.00000
587.0,  0.00000
587.1,  0.00000
587.2,  0.00000
587.3,  0.00000
587.4,  0.00000
587.5,  0.00000
587.6,  0.00000
587.7,  0.00000
587.8,  0.00000
587.9,  0.00000
588.0,  0.00000
588.1,  0.00000
588.2,  0.00000
588.3,  0.00000
588.4,  0.00000
588.5,  0.00000
588.6,  0.00000
588.7,  0.00000
588.8,  0.00000
588.9,  0.00000
589.0,  0.00000
589.1,  0.00000
589.2,  0.00000
589.3,  0.00000
589.4,  0.00000
589.5,  0.00000
589.6,  0.00000
589.7,  0.00000
589.8,  0.00000
589.9,  0.00000
590.0,  0.00000
590.1,  0.00000
590.2,  0.00000
590.3,  0.00000
590.4,  0.00000
590.5,  0.00000
590.6,  0.00000
590.7,  0.00000
590.8,  0.00000
590.9,  0.00000
591.0,  0.00000
591.1,  0.00000
591.2,  0.00000
591.3,  0.00000
591.4,  0.00000
591.5,  0.00000
591.6,  0.00000
591.7,  0.00000
591.8,  0.00000
591.9,  0.00000
592.0,  0.00000
592.1,  0.00000
592.2,  0.00000
592.3,  0.00000
592.4,  0.00000
592.5,  0.00000
592.6,  0.00000
592.7,  0.00000
592.8,  0.00000
592.9,  0.00000
593.0,  0.00000
593.1,  0.00000
593.2,  0.00000
593.3,  0.00000
593.4,  0.00000
593.5,  0.00000
593.6,  0.00000
593.7,  0.00000
593.8,  0.00000
593.9,  0.00000
594.0,  0.00000
594.1,  0.00000
594.2,  0.00000
594.3,  0.00000
594.4,  0.00000
594.5,  0.00000
594.6,  0.00000
594.7,  0.00000
594.8,  0.00000
594.9,  0.00000
595.0,  0.00000
595.1,  0.00000
595.2,  0.00000
595.3,  0.00000
595.4,  0.00000
595.5,  0.00000
595.6,  0.00000
595.7,  0.00000
595.8,  0.00000
595.9,  0.00000
596.0,  0.00000
596.1,  0.00000
596.2,  0.00000
596.3,  0.00000
596.4,  0.00000
596.5,  0.00000
596.6,  0.00000
596.7,  0.00000
596.8,  0.00000
596.9,  0.00000
597.0,  0.00000
597.1,  0.00000
597.2,  0.00000
597.3,  0.00000
597.4,  0.00000
597.5,  0.00000
597.6,  0.00000
597.7,  0.00000
597.8,  0.00000
597.9,  0.00000
598.0,  0.00000
598.1,  0.00000
598.2,  0.00000
598.3,  0.00000
598.4,  0.00000
598.5,  0.00000
598.6,  0.00000
598.7,  0.00000
598.8,  0.00000
598.9,  0.00000
599.0,  0.00000
599.1,  0.00000
599.2,  0.00000
599.3,  0.00000
599.4,  0.00000
599.5,  0.00000
599.6,  0.00000
599.7,  0.00000
599.8,  0.00000
599.9,  0.00000
600.0,  0.00000
600.1,  0.00000
600.2,  0.00000
600.3,  0.00000
600.4,  0.00000
600.5,  0.00000
600.6,  0.00000
600.7,  0.00000
600.8,  0.00000
600.9,  0.00000
601.0,  0.00000
601.1,  0.00000
601.2,  0.00000
601.3,  0.00000
601.4,  0.00000
601.5,  0.00000
601.6,  0.00000
601.7,  0.00000
601.8,  0.00000
601.9,  0.00000
602.0,  0.00000
602.1,  0.00000
602.2,  0.00000
602.3,  0.00000
602.4,  0.00000
602.5,  0.00000
602.6,  0.00000
602.7,  0.00000
602.8,  0.00000
602.9,  0.00000
603.0,  0.00000
603.1,  0.00000
603.2,  0.00000
603.3,  0.00000
603.4,  0.00000
603.5,  0.00000
603.6,  0.00000
603.7,  0.00000
603.8,  0.00000
603.9,  0.00000
604.0,  0.00000
604.1,  0.00000
604.2,  0.00000
604.3,  0.00000
604.4,  0.00000
604.5,  0.00000
604.6,  0.00000
604.7,  0.00000
604.8,  0.00000
604.9,  0.00000
605.0,  0.00000
605.1,  0.00000
605.2,  0.00000
605.3,  0.00000
605.4,  0.00000
605.5,  0.00000
605.6,  0.00000
605.7,  0.00000
605.8,  0.00000
605.9,  0.00000
606.0,  0.00000
606.1,  0.00000
606.2,  0.00000
606.3,  0.00000
606.4,  0.00000
606.5,  0.00000
606.6,  0.00000
606.7,  0.00000
606.8,  0.00000
606.9,  0.00000
607.0,  0.00000
607.1,  0.00000
607.2,  0.00000
607.3,  0.00000
607.4,  0.00000
607.5,  0.00000
607.6,  0.00000
607.7,  0.00000
607.8,  0.00000
607.9,  0.00000
608.0,  0.00000
608.1,  0.00000
608.2,  0.00000
608.3,  0.00000
608.4,  0.00000
608.5,  0.00000
608.6,  0.00000
608.7,  0.00000
608.8,  0.00000
608.9,  0.00000
609.0,  0.00000
609.1,  0.00000
609.2,  0.00000
609.3,  0.00000
609.4,  0.00000
609.5,  0.00000
609.6,  0.00000
609.7,  0.00000
609.8,  0.00000
609.9,  0.00000
610.0,  0.00000
610.1,  0.00000
610.2,  0.00000
610.3,  0.00000
610.4,  0.00000
610.5,  0.00000
610.6,  0.00000
610.7,  0.00000
610.8,  0.00000
610.9,  0.00000
611.0,  0.00000
611.1,  0.00000
611.2,  0.00000
611.3,  0.00000
611.4,  0.00000
611.5,  0.00000
611.6,  0.00000
611.7,  0.00000
611.8,  0.00000
611.9,  0.00000
612.0,  0.00000
612.1,  0.00000
612.2,  0.00000
612.3,  0.00000
612.4,  0.00000
612.5,  0.00000
612.6,  0.00000
612.7,  0.00000
612.8,  0.00000
612.9,  0.00000
613.0,  0.00000
613.1,  0.00000
613.2,  0.00000
613.3,  0.00000
613.4,  0.00000
613.5,  0.00000
613.6,  0.00000
613.7,  0.00000
613.8,  0.00000
613.9,  0.00000
614.0,  0.00000
614.1,  0.00000
614.2,  0.00000
614.3,  0.00000
614.4,  0.00000
614.5,  0.00000
614.6,  0.00000
614.7,  0.00000
614.8,  0.00000
614.9,  0.00000
615.0,  0.00000
615.1,  0.00000
615.2,  0.00000
615.3,  0.00000
615.4,  0.00000
615.5,  0.00000
615.6,  0.00000
615.7,  0.00000
615.8,  0.00000
615.9,  0.00000
616.0,  0.00000
616.1,  0.00000
616.2,  0.00000
616.3,  0.00000
616.4,  0.00000
616.5,  0.00000
616.6,  0.00000
616.7,  0.00000
616.8,  0.00000
616.9,  0.00000
617.0,  0.00000
617.1,  0.00000
617.2,  0.00000
617.3,  0.00000
617.4,  0.00000
617.5,  0.00000
617.6,  0.00000
617.7,  0.00000
617.8,  0.00000
617.9,  0.00000
618.0,  0.00000
618.1,  0.00000
618.2,  0.00000
618.3,  0.00000
618.4,  0.00000
618.5,  0.00000
618.6,  0.00000
618.7,  0.00000
618.8,  0.00000
618.9,  0.00000
619.0,  0.00000
619.1,  0.00000
619.2,  0.00000
619.3,  0.00000
619.4,  0.00000
619.5,  0.00000
619.6,  0.00000
619.7,  0.00000
619.8,  0.00000
619.9,  0.00000
620.0,  0.00000
620.1,  0.00000
620.2,  0.00000
620.3,  0.00000
620.4,  0.00000
620.5,  0.00000
620.6,  0.00000
620.7,  0.00000
620.8,  0.00000
620.9,  0.00000
621.0,  0.00000
621.1,  0.00000
621.2,  0.00000
621.3,  0.00000
621.4,  0.00000
621.5,  0.00000
621.6,  0.00000
621.7,  0.00000
621.8,  0.00000
621.9,  0.00000
622.0,  0.00000
622.1,  0.00000
622.2,  0.00000
622.3,  0.00000
622.4,  0.00000
622.5,  0.00000
622.6,  0.00000
622.7,  0.00000
622.8,  0.00000
622.9,  0.00000
623.0,  0.00000
623.1,  0.00000
623.2,  0.00000
623.3,  0.00000
623.4,  0.00000
623.5,  0.00000
623.6,  0.00000
623.7,  0.00000
623.8,  0.00000
623.9,  0.00000
624.0,  0.00000
624.1,  0.00000
624.2,  0.00000
624.3,  0.00000
624.4,  0.00000
624.5,  0.00000
624.6,  0.00000
624.7,  0.00000
624.8,  0.00000
624.9,  0.00000
625.0,  0.00000
625.1,  0.00000
625.2,  0.00000
625.3,  0.00000
625.4,  0.00000
625.5,  0.00000
625.6,  0.00000
625.7,  0.00000
625.8,  0.00000
625.9,  0.00000
626.0,  0.00000
626.1,  0.00000
626.2,  0.00000
626.3,  0.00000
626.4,  0.00000
626.5,  0.00000
626.6,  0.00000
626.7,  0.00000
626.8,  0.00000
626.9,  0.00000
627.0,  0.00000
627.1,  0.00000
627.2,  0.00000
627.3,  0.00000
627.4,  0.00000
627.5,  0.00000
627.6,  0.00000
627.7,  0.00000
627.8,  0.00000
627.9,  0.00000
628.0,  0.00000
628.1,  0.00000
628.2,  0.00000
628.3,  0.00000
628.4,  0.00000
628.5,  0.00000
628.6,  0.00000
628.7,  0.00000
628.8,  0.00000
628.9,  0.00000
629.0,  0.00000
629.1,  0.00000
629.2,  0.00000
629.3,  0.00000
629.4,  0.00000
629.5,  0.00000
629.6,  0.00000
629.7,  0.00000
629.8,  0.00000
629.9,  0.00000
630.0,  0.00000
630.1,  0.00000
630.2,  0.00000
630.3,  0.00000
630.4,  0.00000
630.5,  0.00000
630.6,  0.00000
630.7,  0.00000
630.8,  0.00000
630.9,  0.00000
631.0,  0.00000
631.1,  0.00000
631.2,  0.00000
631.3,  0.00000
631.4,  0.00000
631.5,  0.00000
631.6,  0.00000
631.7,  0.00000
631.8,  0.00000
631.9,  0.00000
632.0,  0.00000
632.1,  0.00000
632.2,  0.00000
632.3,  0.00000
632.4,  0.00000
632.5,  0.00000
632.6,  0.00000
632.7,  0.00000
632.8,  0.00000
632.9,  0.00000
633.0,  0.00000
633.1,  0.00000
633.2,  0.00000
633.3,  0.00000
633.4,  0.00000
633.5,  0.00000
633.6,  0.00000
633.7,  0.00000
633.8,  0.00000
633.9,  0.00000
634.0,  0.00000
634.1,  0.00000
634.2,  0.00000
634.3,  0.00000
634.4,  0.00000
634.5,  0.00000
634.6,  0.00000
634.7,  0.00000
634.8,  0.00000
634.9,  0.00000
635.0,  0.00000
635.1,  0.00000
635.2,  0.00000
635.3,  0.00000
635.4,  0.00000
635.5,  0.00000
635.6,  0.00000
635.7,  0.00000
635.8,  0.00000
635.9,  0.00000
636.0,  0.00000
636.1,  0.00000
636.2,  0.00000
636.3,  0.00000
636.4,  0.00000
636.5,  0.00000
636.6,  0.00000
636.7,  0.00000
636.8,  0.00000
636.9,  0.00000
637.0,  0.00000
637.1,  0.00000
637.2,  0.00000
637.3,  0.00000
637.4,  0.00000
637.5,  0.00000
637.6,  0.00000
637.7,  0.00000
637.8,  0.00000
637.9,  0.00000
638.0,  0.00000
638.1,  0.00000
638.2,  0.00000
638.3,  0.00000
638.4,  0.00000
638.5,  0.00000
638.6,  0.00000
638.7,  0.00000
638.8,  0.00000
638.9,  0.00000
639.0,  0.00000
639.1,  0.00000
639.2,  0.00000
639.3,  0.00000
639.4,  0.00000
639.5,  0.00000
639.6,  0.00000
639.7,  0.00000
639.8,  0.00000
639.9,  0.00000
640.0,  0.00000
640.1,  0.00000
640.2,  0.00000
640.3,  0.00000
640.4,  0.00000
640.5,  0.00000
640.6,  0.00000
640.7,  0.00000
640.8,  0.00000
640.9,  0.00000
641.0,  0.00000
641.1,  0.00000
641.2,  0.00000
641.3,  0.00000
641.4,  0.00000
641.5,  0.00000
641.6,  0.00000
641.7,  0.00000
641.8,  0.00000
641.9,  0.00000
642.0,  0.00000
642.1,  0.00000
642.2,  0.00000
642.3,  0.00000
642.4,  0.00000
642.5,  0.00000
642.6,  0.00000
642.7,  0.00000
642.8,  0.00000
642.9,  0.00000
643.0,  0.00000
643.1,  0.00000
643.2,  0.00000
643.3,  0.00000
643.4,  0.00000
643.5,  0.00000
643.6,  0.00000
643.7,  0.00000
643.8,  0.00000
643.9,  0.00000
644.0,  0.00000
644.1,  0.00000
644.2,  0.00000
644.3,  0.00000
644.4,  0.00000
644.5,  0.00000
644.6,  0.00000
644.7,  0.00000
644.8,  0.00000
644.9,  0.00000
645.0,  0.00000
645.1,  0.00000
645.2,  0.00000
645.3,  0.00000
645.4,  0.00000
645.5,  0.00000
645.6,  0.00000
645.7,  0.00000
645.8,  0.00000
645.9,  0.00000
646.0,  0.00000
646.1,  0.00000
646.2,  0.00000
646.3,  0.00000
646.4,  0.00000
646.5,  0.00000
646.6,  0.00000
646.7,  0.00000
646.8,  0.00000
646.9,  0.00000
647.0,  0.00000
647.1,  0.00000
647.2,  0.00000
647.3,  0.00000
647.4,  0.00000
647.5,  0.00000
647.6,  0.00000
647.7,  0.00000
647.8,  0.00000
647.9,  0.00000
648.0,  0.00000
648.1,  0.00000
648.2,  0.00000
648.3,  0.00000
648.4,  0.00000
648.5,  0.00000
648.6,  0.00000
648.7,  0.00000
648.8,  0.00000
648.9,  0.00000
649.0,  0.00000
649.1,  0.00000
649.2,  0.00000
649.3,  0.00000
649.4,  0.00000
649.5,  0.00000
649.6,  0.00000
649.7,  0.00000
649.8,  0.00000
649.9,  0.00000
650.0,  0.00000
650.1,  0.00000
650.2,  0.00000
650.3,  0.00000
650.4,  0.00000
650.5,  0.00000
650.6,  0.00000
650.7,  0.00000
650.8,  0.00000
650.9,  0.00000
651.0,  0.00000
651.1,  0.00000
651.2,  0.00000
651.3,  0.00000
651.4,  0.00000
651.5,  0.00000
651.6,  0.00000
651.7,  0.00000
651.8,  0.00000
651.9,  0.00000
652.0,  0.00000
652.1,  0.00000
652.2,  0.00000
652.3,  0.00000
652.4,  0.00000
652.5,  0.00000
652.6,  0.00000
652.7,  0.00000
652.8,  0.00000
652.9,  0.00000
653.0,  0.00000
653.1,  0.00000
653.2,  0.00000
653.3,  0.00000
653.4,  0.00000
653.5,  0.00000
653.6,  0.00000
653.7,  0.00000
653.8,  0.00000
653.9,  0.00000
654.0,  0.00000
654.1,  0.00000
654.2,  0.00000
654.3,  0.00000
654.4,  0.00000
654.5,  0.00000
654.6,  0.00000
654.7,  0.00000
654.8,  0.00000
654.9,  0.00000
655.0,  0.00000
655.1,  0.00000
655.2,  0.00000
655.3,  0.00000
655.4,  0.00000
655.5,  0.00000
655.6,  0.00000
655.7,  0.00000
655.8,  0.00000
655.9,  0.00000
656.0,  0.00000
656.1,  0.00000
656.2,  0.00000
656.3,  0.00000
656.4,  0.00000
656.5,  0.00000
656.6,  0.00000
656.7,  0.00000
656.8,  0.00000
656.9,  0.00000
657.0,  0.00000
657.1,  0.00000
657.2,  0.00000
657.3,  0.00000
657.4,  0.00000
657.5,  0.00000
657.6,  0.00000
657.7,  0.00000
657.8,  0.00000
657.9,  0.00000
658.0,  0.00000
658.1,  0.00000
658.2,  0.00000
658.3,  0.00000
658.4,  0.00000
658.5,  0.00000
658.6,  0.00000
658.7,  0.00000
658.8,  0.00000
658.9,  0.00000
659.0,  0.00000
659.1,  0.00000
659.2,  0.00000
659.3,  0.00000
659.4,  0.00000
659.5,  0.00000
659.6,  0.00000
659.7,  0.00000
659.8,  0.00000
659.9,  0.00000
660.0,  0.00000
660.1,  0.00000
660.2,  0.00000
660.3,  0.00000
660.4,  0.00000
660.5,  0.00000
660.6,  0.00000
660.7,  0.00000
660.8,  0.00000
660.9,  0.00000
661.0,  0.00000
661.1,  0.00000
661.2,  0.00000
661.3,  0.00000
661.4,  0.00000
661.5,  0.00000
661.6,  0.00000
661.7,  0.00000
661.8,  0.00000
661.9,  0.00000
662.0,  0.00000
662.1,  0.00000
662.2,  0.00000
662.3,  0.00000
662.4,  0.00000
662.5,  0.00000
662.6,  0.00000
662.7,  0.00000
662.8,  0.00000
662.9,  0.00000
663.0,  0.00000
663.1,  0.00000
663.2,  0.00000
663.3,  0.00000
663.4,  0.00000
663.5,  0.00000
663.6,  0.00000
663.7,  0.00000
663.8,  0.00000
663.9,  0.00000
664.0,  0.00000
664.1,  0.00000
664.2,  0.00000
664.3,  0.00000
664.4,  0.00000
664.5,  0.00000
664.6,  0.00000
664.7,  0.00000
664.8,  0.00000
664.9,  0.00000
665.0,  0.00000
665.1,  0.00000
665.2,  0.00000
665.3,  0.00000
665.4,  0.00000
665.5,  0.00000
665.6,  0.00000
665.7,  0.00000
665.8,  0.00000
665.9,  0.00000
666.0,  0.00000
666.1,  0.00000
666.2,  0.00000
666.3,  0.00000
666.4,  0.00000
666.5,  0.00000
666.6,  0.00000
666.7,  0.00000
666.8,  0.00000
666.9,  0.00000
667.0,  0.00000
667.1,  0.00000
667.2,  0.00000
667.3,  0.00000
667.4,  0.00000
667.5,  0.00000
667.6,  0.00000
667.7,  0.00000
667.8,  0.00000
667.9,  0.00000
668.0,  0.00000
668.1,  0.00000
668.2,  0.00000
668.3,  0.00000
668.4,  0.00000
668.5,  0.00000
668.6,  0.00000
668.7,  0.00000
668.8,  0.00000
668.9,  0.00000
669.0,  0.00000
669.1,  0.00000
669.2,  0.00000
669.3,  0.00000
669.4,  0.00000
669.5,  0.00000
669.6,  0.00000
669.7,  0.00000
669.8,  0.00000
669.9,  0.00000
670.0,  0.00000
670.1,  0.00000
670.2,  0.00000
670.3,  0.00000
670.4,  0.00000
670.5,  0.00000
670.6,  0.00000
670.7,  0.00000
670.8,  0.00000
670.9,  0.00000
671.0,  0.00000
671.1,  0.00000
671.2,  0.00000
671.3,  0.00000
671.4,  0.00000
671.5,  0.00000
671.6,  0.00000
671.7,  0.00000
671.8,  0.00000
671.9,  0.00000
672.0,  0.00000
672.1,  0.00000
672.2,  0.00000
672.3,  0.00000
672.4,  0.00000
672.5,  0.00000
672.6,  0.00000
672.7,  0.00000
672.8,  0.00000
672.9,  0.00000
673.0,  0.00000
673.1,  0.00000
673.2,  0.00000
673.3,  0.00000
673.4,  0.00000
673.5,  0.00000
673.6,  0.00000
673.7,  0.00000
673.8,  0.00000
673.9,  0.00000
674.0,  0.00000
674.1,  0.00000
674.2,  0.00000
674.3,  0.00000
674.4,  0.00000
674.5,  0.00000
674.6,  0.00000
674.7,  0.00000
674.8,  0.00000
674.9,  0.00000
675.0,  0.00000
675.1,  0.00000
675.2,  0.00000
675.3,  0.00000
675.4,  0.00000
675.5,  0.00000
675.6,  0.00000
675.7,  0.00000
675.8,  0.00000
675.9,  0.00000
676.0,  0.00000
676.1,  0.00000
676.2,  0.00000
676.3,  0.00000
676.4,  0.00000
676.5,  0.00000
676.6,  0.00000
676.7,  0.00000
676.8,  0.00000
676.9,  0.00000
677.0,  0.00000
677.1,  0.00000
677.2,  0.00000
677.3,  0.00000
677.4,  0.00000
677.5,  0.00000
677.6,  0.00000
677.7,  0.00000
677.8,  0.00000
677.9,  0.00000
678.0,  0.00000
678.1,  0.00000
678.2,  0.00000
678.3,  0.00000
678.4,  0.00000
678.5,  0.00000
678.6,  0.00000
678.7,  0.00000
678.8,  0.00000
678.9,  0.00000
679.0,  0.00000
679.1,  0.00000
679.2,  0.00000
679.3,  0.00000
679.4,  0.00000
679.5,  0.00000
679.6,  0.00000
679.7,  0.00000
679.8,  0.00000
679.9,  0.00000
680.0,  0.00000
680.1,  0.00000
680.2,  0.00000
680.3,  0.00000
680.4,  0.00000
680.5,  0.00000
680.6,  0.00000
680.7,  0.00000
680.8,  0.00000
680.9,  0.00000
681.0,  0.00000
681.1,  0.00000
681.2,  0.00000
681.3,  0.00000
681.4,  0.00000
681.5,  0.00000
681.6,  0.00000
681.7,  0.00000
681.8,  0.00000
681.9,  0.00000
682.0,  0.00000
682.1,  0.00000
682.2,  0.00000
682.3,  0.00000
682.4,  0.00000
682.5,  0.00000
682.6,  0.00000
682.7,  0.00000
682.8,  0.00000
682.9,  0.00000
683.0,  0.00000
683.1,  0.00000
683.2,  0.00000
683.3,  0.00000
683.4,  0.00000
683.5,  0.00000
683.6,  0.00000
683.7,  0.00000
683.8,  0.00000
683.9,  0.00000
684.0,  0.00000
684.1,  0.00000
684.2,  0.00000
684.3,  0.00000
684.4,  0.00000
684.5,  0.00000
684.6,  0.00000
684.7,  0.00000
684.8,  0.00000
684.9,  0.00000
685.0,  0.00000
685.1,  0.00000
685.2,  0.00000
685.3,  0.00000
685.4,  0.00000
685.5,  0.00000
685.6,  0.00000
685.7,  0.00000
685.8,  0.00000
685.9,  0.00000
686.0,  0.00000
686.1,  0.00000
686.2,  0.00000
686.3,  0.00000
686.4,  0.00000
686.5,  0.00000
686.6,  0.00000
686.7,  0.00000
686.8,  0.00000
686.9,  0.00000
687.0,  0.00000
687.1,  0.00000
687.2,  0.00000
687.3,  0.00000
687.4,  0.00000
687.5,  0.00000
687.6,  0.00000
687.7,  0.00000
687.8,  0.00000
687.9,  0.00000
688.0,  0.00000
688.1,  0.00000
688.2,  0.00000
688.3,  0.00000
688.4,  0.00000
688.5,  0.00000
688.6,  0.00000
688.7,  0.00000
688.8,  0.00000
688.9,  0.00000
689.0,  0.00000
689.1,  0.00000
689.2,  0.00000
689.3,  0.00000
689.4,  0.00000
689.5,  0.00000
689.6,  0.00000
689.7,  0.00000
689.8,  0.00000
689.9,  0.00000
690.0,  0.00000
690.1,  0.00000
690.2,  0.00000
690.3,  0.00000
690.4,  0.00000
690.5,  0.00000
690.6,  0.00000
690.7,  0.00000
690.8,  0.00000
690.9,  0.00000
691.0,  0.00000
691.1,  0.00000
691.2,  0.00000
691.3,  0.00000
691.4,  0.00000
691.5,  0.00000
691.6,  0.00000
691.7,  0.00000
691.8,  0.00000
691.9,  0.00000
692.0,  0.00000
692.1,  0.00000
692.2,  0.00000
692.3,  0.00000
692.4,  0.00000
692.5,  0.00000
692.6,  0.00000
692.7,  0.00000
692.8,  0.00000
692.9,  0.00000
693.0,  0.00000
693.1,  0.00000
693.2,  0.00000
693.3,  0.00000
693.4,  0.00000
693.5,  0.00000
693.6,  0.00000
693.7,  0.00000
693.8,  0.00000
693.9,  0.00000
694.0,  0.00000
694.1,  0.00000
694.2,  0.00000
694.3,  0.00000
694.4,  0.00000
694.5,  0.00000
694.6,  0.00000
694.7,  0.00000
694.8,  0.00000
694.9,  0.00000
695.0,  0.00000
695.1,  0.00000
695.2,  0.00000
695.3,  0.00000
695.4,  0.00000
695.5,  0.00000
695.6,  0.00000
695.7,  0.00000
695.8,  0.00000
695.9,  0.00000
696.0,  0.00000
696.1,  0.00000
696.2,  0.00000
696.3,  0.00000
696.4,  0.00000
696.5,  0.00000
696.6,  0.00000
696.7,  0.00000
696.8,  0.00000
696.9,  0.00000
697.0,  0.00000
697.1,  0.00000
697.2,  0.00000
697.3,  0.00000
697.4,  0.00000
697.5,  0.00000
697.6,  0.00000
697.7,  0.00000
697.8,  0.00000
697.9,  0.00000
698.0,  0.00000
698.1,  0.00000
698.2,  0.00000
698.3,  0.00000
698.4,  0.00000
698.5,  0.00000
698.6,  0.00000
698.7,  0.00000
698.8,  0.00000
698.9,  0.00000
699.0,  0.00000
699.1,  0.00000
699.2,  0.00000
699.3,  0.00000
699.4,  0.00000
699.5,  0.00000
699.6,  0.00000
699.7,  0.00000
699.8,  0.00000
699.9,  0.00000
700.0,  0.00000
700.1,  0.00000
700.2,  0.00000
700.3,  0.00000
700.4,  0.00000
700.5,  0.00000
700.6,  0.00000
700.7,  0.00000
700.8,  0.00000
700.9,  0.00000
701.0,  0.00000
701.1,  0.00000
701.2,  0.00000
701.3,  0.00000
701.4,  0.00000
701.5,  0.00000
701.6,  0.00000
701.7,  0.00000
701.8,  0.00000
701.9,  0.00000
702.0,  0.00000
702.1,  0.00000
702.2,  0.00000
702.3,  0.00000
702.4,  0.00000
702.5,  0.00000
702.6,  0.00000
702.7,  0.00000
702.8,  0.00000
702.9,  0.00000
703.0,  0.00000
703.1,  0.00000
703.2,  0.00000
703.3,  0.00000
703.4,  0.00000
703.5,  0.00000
703.6,  0.00000
703.7,  0.00000
703.8,  0.00000
703.9,  0.00000
704.0,  0.00000
704.1,  0.00000
704.2,  0.00000
704.3,  0.00000
704.4,  0.00000
704.5,  0.00000
704.6,  0.00000
704.7,  0.00000
704.8,  0.00000
704.9,  0.00000
705.0,  0.00000
705.1,  0.00000
705.2,  0.00000
705.3,  0.00000
705.4,  0.00000
705.5,  0.00000
705.6,  0.00000
705.7,  0.00000
705.8,  0.00000
705.9,  0.00000
706.0,  0.00000
706.1,  0.00000
706.2,  0.00000
706.3,  0.00000
706.4,  0.00000
706.5,  0.00000
706.6,  0.00000
706.7,  0.00000
706.8,  0.00000
706.9,  0.00000
707.0,  0.00000
707.1,  0.00000
707.2,  0.00000
707.3,  0.00000
707.4,  0.00000
707.5,  0.00000
707.6,  0.00000
707.7,  0.00000
707.8,  0.00000
707.9,  0.00000
708.0,  0.00000
708.1,  0.00000
708.2,  0.00000
708.3,  0.00000
708.4,  0.00000
708.5,  0.00000
708.6,  0.00000
708.7,  0.00000
708.8,  0.00000
708.9,  0.00000
709.0,  0.00000
709.1,  0.00000
709.2,  0.00000
709.3,  0.00000
709.4,  0.00000
709.5,  0.00000
709.6,  0.00000
709.7,  0.00000
709.8,  0.00000
709.9,  0.00000
710.0,  0.00000
710.1,  0.00000
710.2,  0.00000
710.3,  0.00000
710.4,  0.00000
710.5,  0.00000
710.6,  0.00000
710.7,  0.00000
710.8,  0.00000
710.9,  0.00000
711.0,  0.00000
711.1,  0.00000
711.2,  0.00000
711.3,  0.00000
711.4,  0.00000
711.5,  0.00000
711.6,  0.00000
711.7,  0.00000
711.8,  0.00000
711.9,  0.00000
712.0,  0.00000
712.1,  0.00000
712.2,  0.00000
712.3,  0.00000
712.4,  0.00000
712.5,  0.00000
712.6,  0.00000
712.7,  0.00000
712.8,  0.00000
712.9,  0.00000
713.0,  0.00000
713.1,  0.00000
713.2,  0.00000
713.3,  0.00000
713.4,  0.00000
713.5,  0.00000
713.6,  0.00000
713.7,  0.00000
713.8,  0.00000
713.9,  0.00000
714.0,  0.00000
714.1,  0.00000
714.2,  0.00000
714.3,  0.00000
714.4,  0.00000
714.5,  0.00000
714.6,  0.00000
714.7,  0.00000
714.8,  0.00000
714.9,  0.00000
715.0,  0.00000
715.1,  0.00000
715.2,  0.00000
715.3,  0.00000
715.4,  0.00000
715.5,  0.00000
715.6,  0.00000
715.7,  0.00000
715.8,  0.00000
715.9,  0.00000
716.0,  0.00000
716.1,  0.00000
716.2,  0.00000
716.3,  0.00000
716.4,  0.00000
716.5,  0.00000
716.6,  0.00000
716.7,  0.00000
716.8,  0.00000
716.9,  0.00000
717.0,  0.00000
717.1,  0.00000
717.2,  0.00000
717.3,  0.00000
717.4,  0.00000
717.5,  0.00000
717.6,  0.00000
717.7,  0.00000
717.8,  0.00000
717.9,  0.00000
718.0,  0.00000
718.1,  0.00000
718.2,  0.00000
718.3,  0.00000
718.4,  0.00000
718.5,  0.00000
718.6,  0.00000
718.7,  0.00000
718.8,  0.00000
718.9,  0.00000
719.0,  0.00000
719.1,  0.00000
719.2,  0.00000
719.3,  0.00000
719.4,  0.00000
719.5,  0.00000
719.6,  0.00000
719.7,  0.00000
719.8,  0.00000
719.9,  0.00000
720.0,  0.00000
720.1,  0.00000
720.2,  0.00000
720.3,  0.00000
720.4,  0.00000
720.5,  0.00000
720.6,  0.00000
720.7,  0.00000
720.8,  0.00000
720.9,  0.00000
721.0,  0.00000
721.1,  0.00000
721.2,  0.00000
721.3,  0.00000
721.4,  0.00000
721.5,  0.00000
721.6,  0.00000
721.7,  0.00000
721.8,  0.00000
721.9,  0.00000
722.0,  0.00000
722.1,  0.00000
722.2,  0.00000
722.3,  0.00000
722.4,  0.00000
722.5,  0.00000
722.6,  0.00000
722.7,  0.00000
722.8,  0.00000
722.9,  0.00000
723.0,  0.00000
723.1,  0.00000
723.2,  0.00000
723.3,  0.00000
723.4,  0.00000
723.5,  0.00000
723.6,  0.00000
723.7,  0.00000
723.8,  0.00000
723.9,  0.00000
724.0,  0.00000
724.1,  0.00000
724.2,  0.00000
724.3,  0.00000
724.4,  0.00000
724.5,  0.00000
724.6,  0.00000
724.7,  0.00000
724.8,  0.00000
724.9,  0.00000
725.0,  0.00000
725.1,  0.00000
725.2,  0.00000
725.3,  0.00000
725.4,  0.00000
725.5,  0.00000
725.6,  0.00000
725.7,  0.00000
725.8,  0.00000
725.9,  0.00000
726.0,  0.00000
726.1,  0.00000
726.2,  0.00000
726.3,  0.00000
726.4,  0.00000
726.5,  0.00000
726.6,  0.00000
726.7,  0.00000
726.8,  0.00000
726.9,  0.00000
727.0,  0.00000
727.1,  0.00000
727.2,  0.00000
727.3,  0.00000
727.4,  0.00000
727.5,  0.00000
727.6,  0.00000
727.7,  0.00000
727.8,  0.00000
727.9,  0.00000
728.0,  0.00000
728.1,  0.00000
728.2,  0.00000
728.3,  0.00000
728.4,  0.00000
728.5,  0.00000
728.6,  0.00000
728.7,  0.00000
728.8,  0.00000
728.9,  0.00000
729.0,  0.00000
729.1,  0.00000
729.2,  0.00000
729.3,  0.00000
729.4,  0.00000
729.5,  0.00000
729.6,  0.00000
729.7,  0.00000
729.8,  0.00000
729.9,  0.00000
730.0,  0.00000
730.1,  0.00000
730.2,  0.00000
730.3,  0.00000
730.4,  0.00000
730.5,  0.00000
730.6,  0.00000
730.7,  0.00000
730.8,  0.00000
730.9,  0.00000
731.0,  0.00000
731.1,  0.00000
731.2,  0.00000
731.3,  0.00000
731.4,  0.00000
731.5,  0.00000
731.6,  0.00000
731.7,  0.00000
731.8,  0.00000
731.9,  0.00000
732.0,  0.00000
732.1,  0.00000
732.2,  0.00000
732.3,  0.00000
732.4,  0.00000
732.5,  0.00000
732.6,  0.00000
732.7,  0.00000
732.8,  0.00000
732.9,  0.00000
733.0,  0.00000
733.1,  0.00000
733.2,  0.00000
733.3,  0.00000
733.4,  0.00000
733.5,  0.00000
733.6,  0.00000
733.7,  0.00000
733.8,  0.00000
733.9,  0.00000
734.0,  0.00000
734.1,  0.00000
734.2,  0.00000
734.3,  0.00000
734.4,  0.00000
734.5,  0.00000
734.6,  0.00000
734.7,  0.00000
734.8,  0.00000
734.9,  0.00000
735.0,  0.00000
735.1,  0.00000
735.2,  0.00000
735.3,  0.00000
735.4,  0.00000
735.5,  0.00000
735.6,  0.00000
735.7,  0.00000
735.8,  0.00000
735.9,  0.00000
736.0,  0.00000
736.1,  0.00000
736.2,  0.00000
736.3,  0.00000
736.4,  0.00000
736.5,  0.00000
736.6,  0.00000
736.7,  0.00000
736.8,  0.00000
736.9,  0.00000
737.0,  0.00000
737.1,  0.00000
737.2,  0.00000
737.3,  0.00000
737.4,  0.00000
737.5,  0.00000
737.6,  0.00000
737.7,  0.00000
737.8,  0.00000
737.9,  0.00000
738.0,  0.00000
738.1,  0.00000
738.2,  0.00000
738.3,  0.00000
738.4,  0.00000
738.5,  0.00000
738.6,  0.00000
738.7,  0.00000
738.8,  0.00000
738.9,  0.00000
739.0,  0.00000
739.1,  0.00000
739.2,  0.00000
739.3,  0.00000
739.4,  0.00000
739.5,  0.00000
739.6,  0.00000
739.7,  0.00000
739.8,  0.00000
739.9,  0.00000
740.0,  0.00000
740.1,  0.00000
740.2,  0.00000
740.3,  0.00000
740.4,  0.00000
740.5,  0.00000
740.6,  0.00000
740.7,  0.00000
740.8,  0.00000
740.9,  0.00000
741.0,  0.00000
741.1,  0.00000
741.2,  0.00000
741.3,  0.00000
741.4,  0.00000
741.5,  0.00000
741.6,  0.00000
741.7,  0.00000
741.8,  0.00000
741.9,  0.00000
742.0,  0.00000
742.1,  0.00000
742.2,  0.00000
742.3,  0.00000
742.4,  0.00000
742.5,  0.00000
742.6,  0.00000
742.7,  0.00000
742.8,  0.00000
742.9,  0.00000
743.0,  0.00000
743.1,  0.00000
743.2,  0.00000
743.3,  0.00000
743.4,  0.00000
743.5,  0.00000
743.6,  0.00000
743.7,  0.00000
743.8,  0.00000
743.9,  0.00000
744.0,  0.00000
744.1,  0.00000
744.2,  0.00000
744.3,  0.00000
744.4,  0.00000
744.5,  0.00000
744.6,  0.00000
744.7,  0.00000
744.8,  0.00000
744.9,  0.00000
745.0,  0.00000
745.1,  0.00000
745.2,  0.00000
745.3,  0.00000
745.4,  0.00000
745.5,  0.00000
745.6,  0.00000
745.7,  0.00000
745.8,  0.00000
745.9,  0.00000
746.0,  0.00000
746.1,  0.00000
746.2,  0.00000
746.3,  0.00000
746.4,  0.00000
746.5,  0.00000
746.6,  0.00000
746.7,  0.00000
746.8,  0.00000
746.9,  0.00000
747.0,  0.00000
747.1,  0.00000
747.2,  0.00000
747.3,  0.00000
747.4,  0.00000
747.5,  0.00000
747.6,  0.00000
747.7,  0.00000
747.8,  0.00000
747.9,  0.00000
748.0,  0.00000
748.1,  0.00000
748.2,  0.00000
748.3,  0.00000
748.4,  0.00000
748.5,  0.00000
748.6,  0.00000
748.7,  0.00000
748.8,  0.00000
748.9,  0.00000
749.0,  0.00000
749.1,  0.00000
749.2,  0.00000
749.3,  0.00000
749.4,  0.00000
749.5,  0.00000
749.6,  0.00000
749.7,  0.00000
749.8,  0.00000
749.9,  0.00000
750.0,  0.00000
750.1,  0.00000
750.2,  0.00000
750.3,  0.00000
750.4,  0.00000
750.5,  0.00000
750.6,  0.00000
750.7,  0.00000
750.8,  0.00000
750.9,  0.00000
751.0,  0.00000
751.1,  0.00000
751.2,  0.00000
751.3,  0.00000
751.4,  0.00000
751.5,  0.00000
751.6,  0.00000
751.7,  0.00000
751.8,  0.00000
751.9,  0.00000
752.0,  0.00000
752.1,  0.00000
752.2,  0.00000
752.3,  0.00000
752.4,  0.00000
752.5,  0.00000
752.6,  0.00000
752.7,  0.00000
752.8,  0.00000
752.9,  0.00000
753.0,  0.00000
753.1,  0.00000
753.2,  0.00000
753.3,  0.00000
753.4,  0.00000
753.5,  0.00000
753.6,  0.00000
753.7,  0.00000
753.8,  0.00000
753.9,  0.00000
754.0,  0.00000
754.1,  0.00000
754.2,  0.00000
754.3,  0.00000
754.4,  0.00000
754.5,  0.00000
754.6,  0.00000
754.7,  0.00000
754.8,  0.00000
754.9,  0.00000
755.0,  0.00000
755.1,  0.00000
755.2,  0.00000
755.3,  0.00000
755.4,  0.00000
755.5,  0.00000
755.6,  0.00000
755.7,  0.00000
755.8,  0.00000
755.9,  0.00000
756.0,  0.00000
756.1,  0.00000
756.2,  0.00000
756.3,  0.00000
756.4,  0.00000
756.5,  0.00000
756.6,  0.00000
756.7,  0.00000
756.8,  0.00000
756.9,  0.00000
757.0,  0.00000
757.1,  0.00000
757.2,  0.00000
757.3,  0.00000
757.4,  0.00000
757.5,  0.00000
757.6,  0.00000
757.7,  0.00000
757.8,  0.00000
757.9,  0.00000
758.0,  0.00000
758.1,  0.00000
758.2,  0.00000
758.3,  0.00000
758.4,  0.00000
758.5,  0.00000
758.6,  0.00000
758.7,  0.00000
758.8,  0.00000
758.9,  0.00000
759.0,  0.00000
759.1,  0.00000
759.2,  0.00000
759.3,  0.00000
759.4,  0.00000
759.5,  0.00000
759.6,  0.00000
759.7,  0.00000
759.8,  0.00000
759.9,  0.00000
760.0,  0.00000
760.1,  0.00000
760.2,  0.00000
760.3,  0.00000
760.4,  0.00000
760.5,  0.00000
760.6,  0.00000
760.7,  0.00000
760.8,  0.00000
760.9,  0.00000
761.0,  0.00000
761.1,  0.00000
761.2,  0.00000
761.3,  0.00000
761.4,  0.00000
761.5,  0.00000
761.6,  0.00000
761.7,  0.00000
761.8,  0.00000
761.9,  0.00000
762.0,  0.00000
762.1,  0.00000
762.2,  0.00000
762.3,  0.00000
762.4,  0.00000
762.5,  0.00000
762.6,  0.00000
762.7,  0.00000
762.8,  0.00000
762.9,  0.00000
763.0,  0.00000
763.1,  0.00000
763.2,  0.00000
763.3,  0.00000
763.4,  0.00000
763.5,  0.00000
763.6,  0.00000
763.7,  0.00000
763.8,  0.00000
763.9,  0.00000
764.0,  0.00000
764.1,  0.00000
764.2,  0.00000
764.3,  0.00000
764.4,  0.00000
764.5,  0.00000
764.6,  0.00000
764.7,  0.00000
764.8,  0.00000
764.9,  0.00000
765.0,  0.00000
765.1,  0.00000
765.2,  0.00000
765.3,  0.00000
765.4,  0.00000
765.5,  0.00000
765.6,  0.00000
765.7,  0.00000
765.8,  0.00000
765.9,  0.00000
766.0,  0.00000
766.1,  0.00000
766.2,  0.00000
766.3,  0.00000
766.4,  0.00000
766.5,  0.00000
766.6,  0.00000
766.7,  0.00000
766.8,  0.00000
766.9,  0.00000
767.0,  0.00000
767.1,  0.00000
767.2,  0.00000
767.3,  0.00000
767.4,  0.00000
767.5,  0.00000
767.6,  0.00000
767.7,  0.00000
767.8,  0.00000
767.9,  0.00000
768.0,  0.00000
768.1,  0.00000
768.2,  0.00000
768.3,  0.00000
768.4,  0.00000
768.5,  0.00000
768.6,  0.00000
768.7,  0.00000
768.8,  0.00000
768.9,  0.00000
769.0,  0.00000
769.1,  0.00000
769.2,  0.00000
769.3,  0.00000
769.4,  0.00000
769.5,  0.00000
769.6,  0.00000
769.7,  0.00000
769.8,  0.00000
769.9,  0.00000
770.0,  0.00000
770.1,  0.00000
770.2,  0.00000
770.3,  0.00000
770.4,  0.00000
770.5,  0.00000
770.6,  0.00000
770.7,  0.00000
770.8,  0.00000
770.9,  0.00000
771.0,  0.00000
771.1,  0.00000
771.2,  0.00000
771.3,  0.00000
771.4,  0.00000
771.5,  0.00000
771.6,  0.00000
771.7,  0.00000
771.8,  0.00000
771.9,  0.00000
772.0,  0.00000
772.1,  0.00000
772.2,  0.00000
772.3,  0.00000
772.4,  0.00000
772.5,  0.00000
772.6,  0.00000
772.7,  0.00000
772.8,  0.00000
772.9,  0.00000
773.0,  0.00000
773.1,  0.00000
773.2,  0.00000
773.3,  0.00000
773.4,  0.00000
773.5,  0.00000
773.6,  0.00000
773.7,  0.00000
773.8,  0.00000
773.9,  0.00000
774.0,  0.00000
774.1,  0.00000
774.2,  0.00000
774.3,  0.00000
774.4,  0.00000
774.5,  0.00000
774.6,  0.00000
774.7,  0.00000
774.8,  0.00000
774.9,  0.00000
775.0,  0.00000
775.1,  0.00000
775.2,  0.00000
775.3,  0.00000
775.4,  0.00000
775.5,  0.00000
775.6,  0.00000
775.7,  0.00000
775.8,  0.00000
775.9,  0.00000
776.0,  0.00000
776.1,  0.00000
776.2,  0.00000
776.3,  0.00000
776.4,  0.00000
776.5,  0.00000
776.6,  0.00000
776.7,  0.00000
776.8,  0.00000
776.9,  0.00000
777.0,  0.00000
777.1,  0.00000
777.2,  0.00000
777.3,  0.00000
777.4,  0.00000
777.5,  0.00000
777.6,  0.00000
777.7,  0.00000
777.8,  0.00000
777.9,  0.00000
778.0,  0.00000
778.1,  0.00000
778.2,  0.00000
778.3,  0.00000
778.4,  0.00000
778.5,  0.00000
778.6,  0.00000
778.7,  0.00000
778.8,  0.00000
778.9,  0.00000
779.0,  0.00000
779.1,  0.00000
779.2,  0.00000
779.3,  0.00000
779.4,  0.00000
779.5,  0.00000
779.6,  0.00000
779.7,  0.00000
779.8,  0.00000
779.9,  0.00000
780.0,  0.00000
780.1,  0.00000
780.2,  0.00000
780.3,  0.00000
780.4,  0.00000
780.5,  0.00000
780.6,  0.00000
780.7,  0.00000
780.8,  0.00000
780.9,  0.00000
781.0,  0.00000
781.1,  0.00000
781.2,  0.00000
781.3,  0.00000
781.4,  0.00000
781.5,  0.00000
781.6,  0.00000
781.7,  0.00000
781.8,  0.00000
781.9,  0.00000
782.0,  0.00000
782.1,  0.00000
782.2,  0.00000
782.3,  0.00000
782.4,  0.00000
782.5,  0.00000
782.6,  0.00000
782.7,  0.00000
782.8,  0.00000
782.9,  0.00000
783.0,  0.00000
783.1,  0.00000
783.2,  0.00000
783.3,  0.00000
783.4,  0.00000
783.5,  0.00000
783.6,  0.00000
783.7,  0.00000
783.8,  0.00000
783.9,  0.00000
784.0,  0.00000
784.1,  0.00000
784.2,  0.00000
784.3,  0.00000
784.4,  0.00000
784.5,  0.00000
784.6,  0.00000
784.7,  0.00000
784.8,  0.00000
784.9,  0.00000
785.0,  0.00000
785.1,  0.00000
785.2,  0.00000
785.3,  0.00000
785.4,  0.00000
785.5,  0.00000
785.6,  0.00000
785.7,  0.00000
785.8,  0.00000
785.9,  0.00000
786.0,  0.00000
786.1,  0.00000
786.2,  0.00000
786.3,  0.00000
786.4,  0.00000
786.5,  0.00000
786.6,  0.00000
786.7,  0.00000
786.8,  0.00000
786.9,  0.00000
787.0,  0.00000
787.1,  0.00000
787.2,  0.00000
787.3,  0.00000
787.4,  0.00000
787.5,  0.00000
787.6,  0.00000
787.7,  0.00000
787.8,  0.00000
787.9,  0.00000
788.0,  0.00000
788.1,  0.00000
788.2,  0.00000
788.3,  0.00000
788.4,  0.00000
788.5,  0.00000
788.6,  0.00000
788.7,  0.00000
788.8,  0.00000
788.9,  0.00000
789.0,  0.00000
789.1,  0.00000
789.2,  0.00000
789.3,  0.00000
789.4,  0.00000
789.5,  0.00000
789.6,  0.00000
789.7,  0.00000
789.8,  0.00000
789.9,  0.00000
790.0,  0.00000
790.1,  0.00000
790.2,  0.00000
790.3,  0.00000
790.4,  0.00000
790.5,  0.00000
790.6,  0.00000
790.7,  0.00000
790.8,  0.00000
790.9,  0.00000
791.0,  0.00000
791.1,  0.00000
791.2,  0.00000
791.3,  0.00000
791.4,  0.00000
791.5,  0.00000
791.6,  0.00000
791.7,  0.00000
791.8,  0.00000
791.9,  0.00000
792.0,  0.00000
792.1,  0.00000
792.2,  0.00000
792.3,  0.00000
792.4,  0.00000
792.5,  0.00000
792.6,  0.00000
792.7,  0.00000
792.8,  0.00000
792.9,  0.00000
793.0,  0.00000
793.1,  0.00000
793.2,  0.00000
793.3,  0.00000
793.4,  0.00000
793.5,  0.00000
793.6,  0.00000
793.7,  0.00000
793.8,  0.00000
793.9,  0.00000
794.0,  0.00000
794.1,  0.00000
794.2,  0.00000
794.3,  0.00000
794.4,  0.00000
794.5,  0.00000
794.6,  0.00000
794.7,  0.00000
794.8,  0.00000
794.9,  0.00000
795.0,  0.00000
795.1,  0.00000
795.2,  0.00000
795.3,  0.00000
795.4,  0.00000
795.5,  0.00000
795.6,  0.00000
795.7,  0.00000
795.8,  0.00000
795.9,  0.00000
796.0,  0.00000
796.1,  0.00000
796.2,  0.00000
796.3,  0.00000
796.4,  0.00000
796.5,  0.00000
796.6,  0.00000
796.7,  0.00000
796.8,  0.00000
796.9,  0.00000
797.0,  0.00000
797.1,  0.00000
797.2,  0.00000
797.3,  0.00000
797.4,  0.00000
797.5,  0.00000
797.6,  0.00000
797.7,  0.00000
797.8,  0.00000
797.9,  0.00000
798.0,  0.00000
798.1,  0.00000
798.2,  0.00000
798.3,  0.00000
798.4,  0.00000
798.5,  0.00000
798.6,  0.00000
798.7,  0.00000
798.8,  0.00000
798.9,  0.00000
799.0,  0.00000
799.1,  0.00000
799.2,  0.00000
799.3,  0.00000
799.4,  0.00000
799.5,  0.00000
799.6,  0.00000
799.7,  0.00000
799.8,  0.00000
799.9,  0.00000
800.0,  0.00000
800.1,  0.00000
800.2,  0.00000
800.3,  0.00000
800.4,  0.00000
800.5,  0.00000
800.6,  0.00000
800.7,  0.00000
800.8,  0.00000
800.9,  0.00000
801.0,  0.00000
801.1,  0.00000
801.2,  0.00000
801.3,  0.00000
801.4,  0.00000
801.5,  0.00000
801.6,  0.00000
801.7,  0.00000
801.8,  0.00000
801.9,  0.00000
802.0,  0.00000
802.1,  0.00000
802.2,  0.00000
802.3,  0.00000
802.4,  0.00000
802.5,  0.00000
802.6,  0.00000
802.7,  0.00000
802.8,  0.00000
802.9,  0.00000
803.0,  0.00000
803.1,  0.00000
803.2,  0.00000
803.3,  0.00000
803.4,  0.00000
803.5,  0.00000
803.6,  0.00000
803.7,  0.00000
803.8,  0.00000
803.9,  0.00000
804.0,  0.00000
804.1,  0.00000
804.2,  0.00000
804.3,  0.00000
804.4,  0.00000
804.5,  0.00000
804.6,  0.00000
804.7,  0.00000
804.8,  0.00000
804.9,  0.00000
805.0,  0.00000
805.1,  0.00000
805.2,  0.00000
805.3,  0.00000
805.4,  0.00000
805.5,  0.00000
805.6,  0.00000
805.7,  0.00000
805.8,  0.00000
805.9,  0.00000
806.0,  0.00000
806.1,  0.00000
806.2,  0.00000
806.3,  0.00000
806.4,  0.00000
806.5,  0.00000
806.6,  0.00000
806.7,  0.00000
806.8,  0.00000
806.9,  0.00000
807.0,  0.00000
807.1,  0.00000
807.2,  0.00000
807.3,  0.00000
807.4,  0.00000
807.5,  0.00000
807.6,  0.00000
807.7,  0.00000
807.8,  0.00000
807.9,  0.00000
808.0,  0.00000
808.1,  0.00000
808.2,  0.00000
808.3,  0.00000
808.4,  0.00000
808.5,  0.00000
808.6,  0.00000
808.7,  0.00000
808.8,  0.00000
808.9,  0.00000
809.0,  0.00000
809.1,  0.00000
809.2,  0.00000
809.3,  0.00000
809.4,  0.00000
809.5,  0.00000
809.6,  0.00000
809.7,  0.00000
809.8,  0.00000
809.9,  0.00000
810.0,  0.00000
810.1,  0.00000
810.2,  0.00000
810.3,  0.00000
810.4,  0.00000
810.5,  0.00000
810.6,  0.00000
810.7,  0.00000
810.8,  0.00000
810.9,  0.00000
811.0,  0.00000
811.1,  0.00000
811.2,  0.00000
811.3,  0.00000
811.4,  0.00000
811.5,  0.00000
811.6,  0.00000
811.7,  0.00000
811.8,  0.00000
811.9,  0.00000
812.0,  0.00000
812.1,  0.00000
812.2,  0.00000
812.3,  0.00000
812.4,  0.00000
812.5,  0.00000
812.6,  0.00000
812.7,  0.00000
812.8,  0.00000
812.9,  0.00000
813.0,  0.00000
813.1,  0.00000
813.2,  0.00000
813.3,  0.00000
813.4,  0.00000
813.5,  0.00000
813.6,  0.00000
813.7,  0.00000
813.8,  0.00000
813.9,  0.00000
814.0,  0.00000
814.1,  0.00000
814.2,  0.00000
814.3,  0.00000
814.4,  0.00000
814.5,  0.00000
814.6,  0.00000
814.7,  0.00000
814.8,  0.00000
814.9,  0.00000
815.0,  0.00000
815.1,  0.00000
815.2,  0.00000
815.3,  0.00000
815.4,  0.00000
815.5,  0.00000
815.6,  0.00000
815.7,  0.00000
815.8,  0.00000
815.9,  0.00000
816.0,  0.00000
816.1,  0.00000
816.2,  0.00000
816.3,  0.00000
816.4,  0.00000
816.5,  0.00000
816.6,  0.00000
816.7,  0.00000
816.8,  0.00000
816.9,  0.00000
817.0,  0.00000
817.1,  0.00000
817.2,  0.00000
817.3,  0.00000
817.4,  0.00000
817.5,  0.00000
817.6,  0.00000
817.7,  0.00000
817.8,  0.00000
817.9,  0.00000
818.0,  0.00000
818.1,  0.00000
818.2,  0.00000
818.3,  0.00000
818.4,  0.00000
818.5,  0.00000
818.6,  0.00000
818.7,  0.00000
818.8,  0.00000
818.9,  0.00000
819.0,  0.00000
819.1,  0.00000
819.2,  0.00000
819.3,  0.00000
819.4,  0.00000
819.5,  0.00000
819.6,  0.00000
819.7,  0.00000
819.8,  0.00000
819.9,  0.00000
820.0,  0.00000
820.1,  0.00000
820.2,  0.00000
820.3,  0.00000
820.4,  0.00000
820.5,  0.00000
820.6,  0.00000
820.7,  0.00000
820.8,  0.00000
820.9,  0.00000
821.0,  0.00000
821.1,  0.00000
821.2,  0.00000
821.3,  0.00000
821.4,  0.00000
821.5,  0.00000
821.6,  0.00000
821.7,  0.00000
821.8,  0.00000
821.9,  0.00000
822.0,  0.00000
822.1,  0.00000
822.2,  0.00000
822.3,  0.00000
822.4,  0.00000
822.5,  0.00000
822.6,  0.00000
822.7,  0.00000
822.8,  0.00000
822.9,  0.00000
823.0,  0.00000
823.1,  0.00000
823.2,  0.00000
823.3,  0.00000
823.4,  0.00000
823.5,  0.00000
823.6,  0.00000
823.7,  0.00000
823.8,  0.00000
823.9,  0.00000
824.0,  0.00000
824.1,  0.00000
824.2,  0.00000
824.3,  0.00000
824.4,  0.00000
824.5,  0.00000
824.6,  0.00000
824.7,  0.00000
824.8,  0.00000
824.9,  0.00000
825.0,  0.00000
825.1,  0.00000
825.2,  0.00000
825.3,  0.00000
825.4,  0.00000
825.5,  0.00000
825.6,  0.00000
825.7,  0.00000
825.8,  0.00000
825.9,  0.00000
826.0,  0.00000
826.1,  0.00000
826.2,  0.00000
826.3,  0.00000
826.4,  0.00000
826.5,  0.00000
826.6,  0.00000
826.7,  0.00000
826.8,  0.00000
826.9,  0.00000
827.0,  0.00000
827.1,  0.00000
827.2,  0.00000
827.3,  0.00000
827.4,  0.00000
827.5,  0.00000
827.6,  0.00000
827.7,  0.00000
827.8,  0.00000
827.9,  0.00000
828.0,  0.00000
828.1,  0.00000
828.2,  0.00000
828.3,  0.00000
828.4,  0.00000
828.5,  0.00000
828.6,  0.00000
828.7,  0.00000
828.8,  0.00000
828.9,  0.00000
829.0,  0.00000
829.1,  0.00000
829.2,  0.00000
829.3,  0.00000
829.4,  0.00000
829.5,  0.00000
829.6,  0.00000
829.7,  0.00000
829.8,  0.00000
829.9,  0.00000
830.0,  0.00000