360,0,0,0,0,0,0,0,0,0,0.00007
361,0,0,0,0,0,0,0,0,0,0.00009
362,0,0,0,0,0,0,0,0,0,0.0001
363,0,0,0,0,0,0,0,0,0,0.00012
364,0,0,0,0,0,0,0,0,0,0.00014
365,0,0,0,0,0,0,0,0,0,0.00017
366,0,0,0,0,0,0,0,0,0,0.0002
367,0,0,0,0,0,0,0,0,0,0.00023
368,0,0,0,0,0,0,0,0,0,0.00027
369,0,0,0,0,0,0,0,0,0,0.00032
370,0,0,0,0,0,0,0,0,0,0.00038
371,0,0,0,0,0,0,0,0,0,0.00045
372,0,0,0,0,0,0,0,0,0,0.00052
373,0,0,0,0,0,0,0,0,0,0.00062
374,0,0,0,0,0,0,0,0,0,0.00073
375,0,0,0,0,0,0,0,0,0,0.00085
376,0,0,0,0,0,0,0,0,0,0.001
377,0,0,0,0,0,0,0,0,0,0.00118
378,0,0,0,0,0,0,0,0,0,0.00139
379,0,0,0,0,0,0,0,0,0,0.00163
380,0,0,0,0,0,0,0,0.01,0.01,0.00192
381,0,0,0,0,0,0,0,0.01,0.02,0.00226
382,0,0,0,0,0,0,0,0.01,0.02,0.00265
383,0,0,0,0,0,0.01,0,0.02,0.03,0.00312
384,0,0,0,0,0.01,0.01,0,0.02,0.04,0.00367
385,0.01,0,0,0,0.01,0.01,0,0.03,0.06,0.00432
386,0.01,0,0.01,0,0.01,0.01,0,0.04,0.08,0.00508
387,0.01,0,0.01,0,0.01,0.01,0,0.06,0.1,0.00597
388,0.01,0,0.01,0,0.01,0.01,0,0.08,0.14,0.00702
389,0.01,0,0.01,0,0.01,0.01,0,0.1,0.19,0.00825
390,0.01,0,0.01,0,0.01,0.02,0,0.14,0.26,0.00971
391,0.01,0.01,0.01,0.01,0.02,0.02,0.01,0.19,0.35,0.01142
392,0.01,0.01,0.01,0.01,0.02,0.02,0.01,0.25,0.47,0.01343
393,0.02,0.01,0.02,0.01,0.02,0.03,0.01,0.34,0.63,0.01579
394,0.02,0.01,0.02,0.01,0.03,0.03,0.01,0.45,0.85,0.01857
395,0.02,0.01,0.02,0.01,0.03,0.04,0.01,0.61,1.15,0.02184
396,0.02,0.01,0.03,0.01,0.04,0.04,0.01,0.81,1.54,0.02568
397,0.03,0.01,0.03,0.02,0.04,0.05,0.01,1.1,2.05,0.0302
398,0.03,0.02,0.04,0.02,0.05,0.06,0.02,1.48,2.7,0.03552
399,0.03,0.02,0.04,0.03,0.06,0.07,0.02,1.98,3.5,0.04177
400,0.04,0.02,0.05,0.03,0.07,0.08,0.02,2.62,4.47,0.04912
401,0.04,0.03,0.06,0.04,0.08,0.09,0.03,3.42,5.61,0.05777
402,0.05,0.03,0.07,0.04,0.1,0.11,0.03,4.4,6.95,0.06793
403,0.06,0.04,0.08,0.05,0.11,0.12,0.04,5.55,8.47,0.07989
404,0.07,0.04,0.09,0.07,0.13,0.15,0.04,6.9,10.16,0.09395
405,0.07,0.05,0.11,0.08,0.16,0.17,0.05,8.43,11.98,0.11049
406,0.09,0.06,0.13,0.1,0.18,0.21,0.06,10.08,13.84,0.12993
407,0.1,0.07,0.15,0.12,0.22,0.24,0.07,11.78,15.63,0.1528
408,0.11,0.08,0.18,0.14,0.25,0.29,0.08,13.45,17.25,0.1797
409,0.13,0.09,0.21,0.17,0.3,0.34,0.09,15.06,18.69,0.21132
410,0.15,0.11,0.25,0.21,0.35,0.41,0.11,16.51,19.89,0.24851
411,0.16,0.13,0.29,0.25,0.41,0.49,0.13,17.64,20.71,0.28861
412,0.19,0.15,0.34,0.3,0.48,0.58,0.15,18.36,21.13,0.34087
413,0.22,0.18,0.4,0.37,0.56,0.68,0.18,18.67,21.18,0.40235
414,0.25,0.21,0.47,0.45,0.66,0.8,0.21,18.5,20.87,0.47443
415,0.28,0.24,0.56,0.54,0.78,0.93,0.24,17.9,20.24,0.55837
416,0.32,0.28,0.66,0.65,0.91,1.08,0.28,16.9,19.33,0.6552
417,0.37,0.33,0.77,0.78,1.07,1.25,0.32,15.64,18.22,0.76666
418,0.41,0.38,0.89,0.94,1.25,1.43,0.37,14.2,16.98,0.89398
419,0.47,0.44,1.04,1.11,1.45,1.63,0.43,12.7,15.67,1.03896
420,0.53,0.5,1.2,1.31,1.67,1.84,0.5,11.26,14.39,1.20311
421,0.59,0.58,1.39,1.54,1.93,2.07,0.57,9.93,13.16,1.38846
422,0.66,0.66,1.6,1.79,2.22,2.31,0.65,8.74,12.01,1.59649
423,0.74,0.75,1.83,2.08,2.54,2.55,0.74,7.69,10.92,1.82907
424,0.83,0.85,2.09,2.4,2.9,2.8,0.83,6.76,9.89,2.08735
425,0.92,0.96,2.37,2.75,3.3,3.05,0.94,5.94,8.95,2.37259
426,1.02,1.09,2.69,3.14,3.73,3.31,1.06,5.26,8.13,2.68592
427,1.14,1.22,3.03,3.56,4.22,3.57,1.18,4.67,7.42,3.02856
428,1.26,1.37,3.4,4.02,4.74,3.82,1.31,4.15,6.79,3.40127
429,1.39,1.54,3.8,4.51,5.32,4.06,1.46,3.7,6.24,3.80476
430,1.54,1.71,4.24,5.04,5.94,4.29,1.6,3.31,5.78,4.24092
431,1.7,1.9,4.72,5.61,6.62,4.56,1.76,2.99,5.4,4.71885
432,1.88,2.1,5.24,6.21,7.35,4.84,1.92,2.72,5.1,5.24071
433,2.07,2.32,5.82,6.85,8.13,5.12,2.08,2.51,4.88,5.81578
434,2.28,2.56,6.46,7.55,8.99,5.41,2.26,2.36,4.74,6.45558
435,2.52,2.82,7.17,8.31,9.92,5.69,2.43,2.25,4.65,7.17231
436,2.78,3.11,7.98,9.14,10.94,5.98,2.61,2.16,4.61,7.97665
437,3.08,3.44,8.88,10.06,12.07,6.26,2.8,2.1,4.61,8.87562
438,3.41,3.81,9.87,11.06,13.3,6.54,2.99,2.07,4.66,9.87052
439,3.77,4.23,10.95,12.16,14.66,6.81,3.18,2.06,4.74,10.95471
440,4.16,4.71,12.11,13.37,16.15,7.06,3.38,2.07,4.86,12.11142
441,4.58,5.24,13.31,14.68,17.77,7.29,3.58,2.09,4.99,13.31312
442,5.03,5.84,14.52,16.09,19.51,7.5,3.8,2.12,5.16,14.52211
443,5.48,6.49,15.69,17.58,21.35,7.67,4.05,2.17,5.36,15.69192
444,5.94,7.17,16.77,19.1,23.25,7.81,4.32,2.23,5.57,16.76986
445,6.39,7.87,17.7,20.61,25.15,7.91,4.59,2.29,5.78,17.70167
446,6.81,8.55,18.44,22.04,26.99,7.97,4.88,2.36,6.01,18.43807
447,7.18,9.19,18.94,23.34,28.7,7.98,5.17,2.44,6.25,18.94032
448,7.49,9.76,19.18,24.45,30.2,7.95,5.44,2.52,6.5,19.18326
449,7.73,10.22,19.16,25.33,31.44,7.87,5.67,2.6,6.74,19.15646
450,7.89,10.56,18.87,25.91,32.34,7.74,5.84,2.68,6.97,18.86503
451,7.97,10.77,18.33,26.17,32.88,7.58,5.96,2.77,7.21,18.32957
452,7.97,10.83,17.58,26.11,33.02,7.38,6,2.86,7.44,17.58476
453,7.9,10.75,16.68,25.73,32.76,7.15,5.94,2.95,7.67,16.67623
454,7.76,10.55,15.66,25.05,32.14,6.89,5.79,3.05,7.88,15.65654
455,7.57,10.24,14.58,24.12,31.18,6.62,5.56,3.15,8.1,14.58062
456,7.33,9.84,13.5,22.98,29.93,6.33,5.27,3.25,8.31,13.50123
457,7.07,9.39,12.46,21.69,28.46,6.02,4.96,3.34,8.51,12.46452
458,6.79,8.9,11.51,20.3,26.84,5.72,4.65,3.44,8.69,11.50627
459,6.52,8.41,10.65,18.87,25.15,5.42,4.32,3.54,8.87,10.64937
460,6.25,7.94,9.9,17.47,23.46,5.13,4,3.64,9.05,9.90367
461,6,7.5,9.27,16.13,21.82,4.84,3.77,3.75,9.22,9.26772
462,5.76,7.12,8.73,14.91,20.27,4.57,3.56,3.86,9.38,8.73091
463,5.54,6.79,8.28,13.8,18.85,4.31,3.37,3.96,9.53,8.27568
464,5.34,6.5,7.88,12.8,17.55,4.07,3.25,4.07,9.68,7.88089
465,5.16,6.25,7.53,11.9,16.39,3.85,3.14,4.18,9.82,7.52628
466,4.98,6.03,7.2,11.1,15.35,3.64,3.05,4.31,9.98,7.19647
467,4.82,5.82,6.88,10.39,14.42,3.44,2.98,4.43,10.11,6.88243
468,4.66,5.62,6.58,9.75,13.58,3.26,2.92,4.56,10.25,6.58071
469,4.51,5.43,6.29,9.17,12.8,3.09,2.86,4.69,10.38,6.2919
470,4.37,5.23,6.02,8.62,12.08,2.94,2.8,4.83,10.52,6.01947
471,4.23,5.04,5.77,8.1,11.4,2.79,2.75,4.97,10.67,5.76911
472,4.11,4.85,5.55,7.61,10.76,2.66,2.72,5.12,10.81,5.54775
473,4.01,4.67,5.36,7.16,10.16,2.54,2.69,5.28,10.96,5.36193
474,3.91,4.5,5.22,6.73,9.6,2.43,2.67,5.42,11.08,5.21629
475,3.84,4.36,5.11,6.34,9.08,2.34,2.68,5.57,11.21,5.11284
476,3.77,4.24,5.05,5.98,8.61,2.24,2.7,5.72,11.33,5.0513
477,3.73,4.14,5.03,5.66,8.18,2.16,2.74,5.89,11.47,5.02969
478,3.71,4.07,5.04,5.37,7.81,2.09,2.82,6.07,11.62,5.04463
479,3.7,4.02,5.09,5.12,7.48,2.03,2.91,6.23,11.74,5.09175
480,3.7,4,5.17,4.89,7.21,1.99,3.03,6.4,11.87,5.16632
481,3.72,4.01,5.26,4.71,6.99,1.95,3.17,6.57,12,5.26412
482,3.74,4.03,5.38,4.55,6.8,1.93,3.34,6.75,12.14,5.38164
483,3.78,4.07,5.52,4.42,6.66,1.91,3.53,6.93,12.28,5.51592
484,3.83,4.12,5.66,4.32,6.55,1.91,3.74,7.1,12.39,5.66425
485,3.88,4.17,5.82,4.25,6.48,1.92,3.98,7.27,12.5,5.82433
486,3.94,4.24,5.99,4.19,6.43,1.95,4.23,7.44,12.6,5.99452
487,4.01,4.31,6.17,4.16,6.41,1.99,4.51,7.61,12.71,6.17402
488,4.09,4.4,6.36,4.15,6.42,2.04,4.82,7.78,12.81,6.3627
489,4.17,4.49,6.56,4.16,6.44,2.1,5.15,7.93,12.89,6.5605
490,4.26,4.59,6.77,4.19,6.49,2.19,5.53,8.08,12.98,6.7669
491,4.35,4.71,6.98,4.25,6.56,2.29,5.94,8.23,13.05,6.98087
492,4.45,4.82,7.2,4.33,6.65,2.4,6.36,8.37,13.11,7.20102
493,4.56,4.95,7.43,4.43,6.76,2.54,6.82,8.5,13.16,7.4255
494,4.67,5.08,7.65,4.55,6.9,2.69,7.31,8.62,13.2,7.65203
495,4.79,5.21,7.88,4.7,7.05,2.87,7.84,8.73,13.23,7.87828
496,4.91,5.35,8.1,4.87,7.22,3.06,8.41,8.84,13.26,8.1021
497,5.03,5.5,8.32,5.07,7.42,3.27,9,8.94,13.28,8.3217
498,5.15,5.65,8.54,5.28,7.63,3.51,9.64,9.04,13.29,8.53558
499,5.28,5.8,8.74,5.52,7.86,3.76,10.31,9.12,13.3,8.7428
500,5.41,5.96,8.94,5.77,8.1,4.03,10.96,9.21,13.3,8.94304
501,5.53,6.11,9.14,6.04,8.36,4.33,11.65,9.28,13.29,9.13616
502,5.66,6.26,9.32,6.33,8.62,4.64,12.39,9.35,13.27,9.32157
503,5.79,6.42,9.5,6.64,8.89,4.96,13.11,9.42,13.26,9.49822
504,5.92,6.57,9.67,6.95,9.17,5.29,13.87,9.48,13.23,9.66545
505,6.05,6.72,9.82,7.27,9.45,5.64,14.61,9.54,13.21,9.82376
506,6.18,6.87,9.97,7.6,9.74,5.99,15.33,9.58,13.19,9.97464
507,6.31,7.01,10.12,7.93,10.03,6.36,16.05,9.63,13.16,10.11942
508,6.44,7.15,10.26,8.26,10.31,6.73,16.73,9.67,13.13,10.25841
509,6.57,7.3,10.39,8.6,10.6,7.11,17.37,9.71,13.09,10.39097
510,6.7,7.44,10.52,8.94,10.88,7.49,18.01,9.75,13.05,10.51644
511,6.82,7.58,10.64,9.28,11.16,7.85,18.6,9.78,13.01,10.6351
512,6.95,7.72,10.75,9.62,11.43,8.21,19.09,9.81,12.97,10.74816
513,7.08,7.85,10.86,9.95,11.7,8.56,19.53,9.84,12.93,10.85676
514,7.21,7.98,10.96,10.28,11.96,8.91,19.93,9.87,12.9,10.96119
515,7.34,8.11,11.06,10.6,12.22,9.25,20.24,9.91,12.88,11.06093
516,7.47,8.24,11.16,10.92,12.47,9.58,20.43,9.94,12.85,11.15566
517,7.6,8.36,11.25,11.23,12.71,9.91,20.6,9.97,12.82,11.24606
518,7.73,8.49,11.33,11.54,12.94,10.22,20.69,9.99,12.78,11.33391
519,7.85,8.61,11.42,11.83,13.16,10.53,20.65,10.03,12.76,11.42112
520,7.98,8.74,11.51,12.11,13.38,10.82,20.57,10.06,12.74,11.50847
521,8.11,8.87,11.6,12.39,13.58,11.11,20.43,10.09,12.72,11.59527
522,8.24,9,11.68,12.65,13.78,11.38,20.2,10.13,12.71,11.68043
523,8.37,9.13,11.76,12.9,13.96,11.64,19.91,10.17,12.69,11.76396
524,8.51,9.26,11.85,13.14,14.13,11.88,19.59,10.21,12.68,11.8473
525,8.64,9.39,11.93,13.36,14.29,12.11,19.22,10.26,12.68,11.93219
526,8.77,9.52,12.02,13.57,14.45,12.34,18.78,10.31,12.68,12.01913
527,8.9,9.65,12.11,13.76,14.6,12.54,18.33,10.36,12.68,12.10712
528,9.04,9.79,12.19,13.95,14.74,12.74,17.9,10.41,12.68,12.19489
529,9.18,9.92,12.28,14.13,14.86,12.92,17.43,10.46,12.69,12.28228
530,9.31,10.06,12.37,14.3,14.98,13.08,16.93,10.51,12.7,12.37029
531,9.45,10.19,12.46,14.47,15.09,13.22,16.46,10.57,12.7,12.46001
532,9.59,10.33,12.55,14.62,15.2,13.35,15.96,10.63,12.72,12.55168
533,9.73,10.47,12.64,14.76,15.3,13.46,15.5,10.69,12.73,12.64475
534,9.88,10.61,12.74,14.9,15.39,13.57,15.04,10.75,12.75,12.73846
535,10.02,10.75,12.83,15.02,15.48,13.66,14.58,10.82,12.77,12.83223
536,10.16,10.89,12.93,15.14,15.56,13.75,14.16,10.89,12.8,12.92602
537,10.31,11.04,13.02,15.25,15.63,13.82,13.77,10.96,12.83,13.02047
538,10.46,11.18,13.12,15.36,15.69,13.89,13.37,11.03,12.86,13.11661
539,10.61,11.33,13.21,15.45,15.76,13.95,12.98,11.1,12.89,13.21472
540,10.76,11.49,13.31,15.54,15.81,14.01,12.61,11.17,12.91,13.31378
541,10.91,11.64,13.41,15.62,15.86,14.06,12.26,11.24,12.93,13.41215
542,11.06,11.79,13.51,15.7,15.91,14.1,11.95,11.32,12.96,13.50893
543,11.22,11.94,13.6,15.77,15.94,14.13,11.68,11.4,12.99,13.60442
544,11.37,12.1,13.7,15.84,15.98,14.17,11.38,11.48,13.02,13.69956
545,11.53,12.25,13.79,15.9,16.01,14.19,11.09,11.55,13.04,13.79482
546,11.7,12.41,13.89,15.96,16.03,14.21,10.83,11.63,13.07,13.88975
547,11.86,12.57,13.98,16.02,16.06,14.23,10.59,11.7,13.09,13.98339
548,12.03,12.73,14.08,16.06,16.08,14.25,10.36,11.77,13.11,14.07528
549,12.2,12.89,14.17,16.11,16.09,14.27,10.13,11.85,13.13,14.16579
550,12.38,13.05,14.26,16.15,16.1,14.28,9.93,11.92,13.16,14.2554
551,12.55,13.21,14.34,16.19,16.11,14.29,9.73,11.99,13.18,14.34398
552,12.73,13.37,14.43,16.24,16.12,14.29,9.56,12.07,13.2,14.43102
553,12.91,13.53,14.52,16.28,16.13,14.29,9.39,12.14,13.22,14.51647
554,13.09,13.7,14.6,16.31,16.13,14.28,9.24,12.22,13.24,14.60071
555,13.28,13.86,14.68,16.33,16.13,14.27,9.11,12.3,13.26,14.68378
556,13.46,14.02,14.77,16.35,16.13,14.26,8.99,12.38,13.28,14.76529
557,13.65,14.19,14.85,16.36,16.13,14.25,8.87,12.45,13.31,14.84521
558,13.84,14.36,14.92,16.38,16.12,14.23,8.76,12.53,13.32,14.92406
559,14.03,14.53,15,16.4,16.11,14.21,8.66,12.6,13.34,15.00191
560,14.23,14.7,15.08,16.42,16.1,14.19,8.6,12.68,13.35,15.07776
561,14.42,14.86,15.15,16.42,16.08,14.16,8.54,12.75,13.36,15.15052
562,14.61,15.02,15.22,16.42,16.06,14.13,8.46,12.83,13.38,15.22024
563,14.81,15.18,15.29,16.43,16.04,14.1,8.41,12.9,13.39,15.28812
564,15,15.34,15.36,16.43,16.01,14.07,8.36,12.98,13.4,15.35516
565,15.2,15.5,15.42,16.44,15.98,14.03,8.31,13.07,13.42,15.42143
566,15.4,15.67,15.49,16.43,15.95,13.99,8.28,13.16,13.44,15.48608
567,15.6,15.82,15.55,16.41,15.91,13.95,8.25,13.24,13.47,15.54804
568,15.8,15.98,15.61,16.39,15.87,13.91,8.23,13.33,13.48,15.6067
569,16,16.13,15.66,16.38,15.82,13.87,8.22,13.43,13.5,15.66236
570,16.2,16.28,15.72,16.36,15.77,13.82,8.21,13.52,13.52,15.71615
571,16.4,16.43,15.77,16.34,15.73,13.77,8.21,13.62,13.54,15.76902
572,16.6,16.58,15.82,16.32,15.68,13.73,8.22,13.72,13.55,15.82099
573,16.8,16.72,15.87,16.29,15.62,13.68,8.24,13.83,13.58,15.87139
574,16.99,16.87,15.92,16.25,15.56,13.63,8.26,13.94,13.6,15.91987
575,17.19,17,15.97,16.2,15.5,13.59,8.24,14.06,13.64,15.96682
576,17.38,17.15,16.01,16.16,15.43,13.54,8.28,14.18,13.67,16.01274
577,17.58,17.29,16.06,16.11,15.37,13.48,8.3,14.3,13.71,16.05769
578,17.77,17.43,16.1,16.08,15.3,13.44,8.34,14.43,13.75,16.1015
579,17.96,17.56,16.14,16.03,15.23,13.39,8.38,14.56,13.78,16.14393
580,18.14,17.69,16.18,15.98,15.15,13.35,8.42,14.7,13.83,16.18456
581,18.32,17.82,16.22,15.92,15.08,13.31,8.48,14.86,13.88,16.22301
582,18.5,17.95,16.26,15.87,15,13.28,8.53,15.01,13.93,16.25957
583,18.68,18.07,16.3,15.82,14.92,13.25,8.6,15.16,13.98,16.29543
584,18.85,18.19,16.33,15.76,14.84,13.22,8.67,15.31,14.02,16.33169
585,19.02,18.31,16.37,15.7,14.76,13.2,8.74,15.46,14.07,16.36798
586,19.18,18.42,16.4,15.63,14.67,13.19,8.82,15.63,14.13,16.40223
587,19.34,18.53,16.43,15.56,14.58,13.18,8.92,15.82,14.2,16.43218
588,19.49,18.63,16.46,15.49,14.49,13.17,9.03,16,14.27,16.45726
589,19.64,18.73,16.48,15.43,14.4,13.17,9.13,16.19,14.34,16.47891
590,19.78,18.83,16.5,15.36,14.31,13.19,9.25,16.38,14.42,16.49895
591,19.91,18.93,16.52,15.28,14.21,13.21,9.37,16.58,14.5,16.51752
592,20.04,19.01,16.53,15.2,14.11,13.25,9.51,16.77,14.57,16.53293
593,20.16,19.09,16.54,15.11,14.01,13.3,9.66,16.96,14.64,16.54341
594,20.27,19.16,16.55,15.02,13.9,13.37,9.82,17.17,14.72,16.54875
595,20.38,19.24,16.55,14.93,13.79,13.46,10,17.39,14.82,16.55002
596,20.48,19.31,16.55,14.84,13.68,13.57,10.18,17.61,14.91,16.54815
597,20.57,19.38,16.54,14.74,13.57,13.71,10.38,17.82,15,16.54289
598,20.65,19.43,16.53,14.65,13.45,13.87,10.6,18.05,15.08,16.53307
599,20.73,19.48,16.52,14.55,13.34,14.07,10.83,18.27,15.17,16.51754
600,20.8,19.51,16.5,14.44,13.22,14.31,11.1,18.5,15.26,16.49613
601,20.86,19.55,16.47,14.32,13.1,14.58,11.39,18.69,15.33,16.46973
602,20.91,19.57,16.44,14.2,12.97,14.9,11.67,18.88,15.4,16.43922
603,20.95,19.59,16.4,14.08,12.85,15.26,12,19.09,15.47,16.40459
604,20.98,19.59,16.36,13.97,12.72,15.68,12.37,19.3,15.56,16.36452
605,21,19.59,16.32,13.86,12.59,16.15,12.74,19.51,15.64,16.31769
606,21.01,19.59,16.26,13.74,12.45,16.68,13.18,19.72,15.72,16.26402
607,21.01,19.57,16.2,13.62,12.32,17.28,13.67,19.92,15.79,16.20447
608,21.01,19.55,16.14,13.5,12.18,17.94,14.18,20.12,15.88,16.14017
609,21,19.52,16.07,13.37,12.05,18.68,14.74,20.32,15.96,16.07127
610,20.97,19.48,16,13.24,11.91,19.49,15.35,20.52,16.03,15.99747
611,20.94,19.43,15.92,13.11,11.77,20.39,16,20.72,16.1,15.91791
612,20.89,19.38,15.83,12.98,11.63,21.38,16.76,20.93,16.18,15.83215
613,20.84,19.32,15.74,12.85,11.49,22.48,17.59,21.13,16.26,15.74046
614,20.78,19.25,15.64,12.71,11.35,23.7,18.43,21.33,16.33,15.64373
615,20.71,19.19,15.54,12.57,11.2,25.07,19.43,21.52,16.4,15.54232
616,20.63,19.11,15.44,12.43,11.06,26.58,20.53,21.71,16.46,15.4362
617,20.54,19.02,15.32,12.29,10.91,28.24,21.71,21.89,16.52,15.32382
618,20.44,18.92,15.21,12.14,10.76,30.03,22.98,22.05,16.57,15.20582
619,20.34,18.82,15.08,11.99,10.61,31.93,24.42,22.22,16.62,15.08299
620,20.23,18.72,14.96,11.84,10.47,33.87,26.01,22.38,16.67,14.95759
621,20.11,18.61,14.83,11.69,10.32,35.77,27.73,22.54,16.72,14.82874
622,19.98,18.49,14.7,11.55,10.17,37.52,29.65,22.68,16.77,14.69574
623,19.85,18.37,14.56,11.41,10.03,39.01,31.73,22.82,16.82,14.55741
624,19.71,18.23,14.41,11.26,9.88,40.12,33.99,22.95,16.85,14.41385
625,19.56,18.1,14.27,11.12,9.73,40.75,36.47,23.07,16.88,14.26559
626,19.41,17.96,14.11,10.97,9.58,40.84,39.12,23.17,16.91,14.11443
627,19.26,17.82,13.96,10.82,9.43,40.34,41.91,23.26,16.92,13.96106
628,19.1,17.67,13.81,10.67,9.29,39.27,44.89,23.34,16.93,13.8052
629,18.93,17.51,13.65,10.52,9.14,37.67,48,23.43,16.93,13.64604
630,18.76,17.34,13.48,10.38,9,35.59,51.1,23.51,16.93,13.48354
631,18.58,17.17,13.32,10.23,8.85,33.12,54.13,23.57,16.93,13.31745
632,18.4,17,13.15,10.09,8.71,30.36,57,23.61,16.91,13.1481
633,18.21,16.83,12.98,9.95,8.56,27.44,59.49,23.66,16.9,12.97504
634,18.02,16.65,12.8,9.8,8.42,24.48,61.51,23.68,16.87,12.7996
635,17.82,16.47,12.62,9.65,8.27,21.59,62.69,23.71,16.85,12.62257
636,17.62,16.29,12.44,9.5,8.13,18.88,62.84,23.72,16.83,12.44341
637,17.42,16.1,12.26,9.35,7.99,16.44,61.88,23.73,16.79,12.26259
638,17.21,15.9,12.08,9.2,7.85,14.32,59.68,23.72,16.74,12.07995
639,17,15.7,11.9,9.06,7.71,12.54,56.37,23.7,16.69,11.89615
640,16.78,15.51,11.71,8.91,7.57,11.11,52.07,23.67,16.62,11.71215
641,16.57,15.31,11.53,8.76,7.43,9.97,47.3,23.62,16.55,11.52684
642,16.34,15.1,11.34,8.62,7.3,9.07,42.2,23.57,16.48,11.34092
643,16.12,14.9,11.15,8.47,7.16,8.36,37.22,23.51,16.4,11.15401
644,15.89,14.7,10.97,8.33,7.03,7.77,32.68,23.43,16.32,10.96677
645,15.66,14.49,10.78,8.19,6.9,7.27,28.62,23.35,16.23,10.77936
646,15.43,14.28,10.59,8.05,6.76,6.84,25.03,23.26,16.14,10.59217
647,15.2,14.07,10.41,7.92,6.63,6.46,22.01,23.16,16.04,10.40554
648,14.96,13.85,10.22,7.78,6.51,6.13,19.46,23.05,15.93,10.21995
649,14.73,13.64,10.03,7.64,6.38,5.84,17.29,22.95,15.84,10.03397
650,14.49,13.42,9.85,7.51,6.25,5.58,15.5,22.81,15.72,9.84832
651,14.25,13.2,9.66,7.38,6.13,5.36,13.96,22.66,15.61,9.66211
652,14.02,12.98,9.48,7.25,6.01,5.15,12.63,22.51,15.48,9.47682
653,13.78,12.76,9.29,7.12,5.89,4.97,11.47,22.35,15.35,9.29183
654,13.54,12.55,9.11,6.99,5.77,4.8,10.47,22.19,15.21,9.10966
655,13.31,12.33,8.93,6.86,5.65,4.64,9.58,22.01,15.07,8.92849
656,13.07,12.11,8.75,6.72,5.53,4.5,8.81,21.84,14.93,8.74792
657,12.84,11.9,8.57,6.59,5.42,4.35,8.13,21.64,14.78,8.56928
658,12.61,11.68,8.39,6.46,5.3,4.22,7.54,21.44,14.62,8.39162
659,12.38,11.47,8.22,6.33,5.19,4.09,7.01,21.24,14.46,8.21609
660,12.15,11.26,8.04,6.21,5.08,3.98,6.54,21.03,14.31,8.04192
661,11.92,11.05,7.87,6.08,4.97,3.87,6.14,20.81,14.14,7.86936
662,11.69,10.85,7.7,5.96,4.86,3.77,5.8,20.59,13.97,7.69905
663,11.47,10.64,7.53,5.84,4.76,3.67,5.49,20.37,13.8,7.53095
664,11.24,10.44,7.37,5.72,4.65,3.57,5.19,20.14,13.62,7.36518
665,11.02,10.24,7.2,5.6,4.55,3.48,4.95,19.91,13.45,7.20087
666,10.8,10.04,7.04,5.49,4.45,3.39,4.73,19.68,13.27,7.03885
667,10.58,9.84,6.88,5.38,4.35,3.31,4.54,19.44,13.1,6.87926
668,10.37,9.64,6.72,5.27,4.25,3.23,4.34,19.19,12.92,6.72252
669,10.16,9.45,6.57,5.16,4.15,3.15,4.17,18.95,12.75,6.5682
670,9.95,9.25,6.42,5.05,4.06,3.07,4.01,18.69,12.57,6.416
671,9.74,9.05,6.27,4.95,3.96,3,3.87,18.43,12.38,6.26566
672,9.53,8.86,6.12,4.84,3.87,2.93,3.73,18.17,12.19,6.11877
673,9.33,8.67,5.97,4.74,3.78,2.86,3.6,17.92,12.01,5.97435
674,9.13,8.49,5.83,4.64,3.7,2.79,3.48,17.66,11.83,5.83239
675,8.93,8.3,5.69,4.54,3.61,2.73,3.37,17.39,11.64,5.69124
676,8.74,8.12,5.55,4.44,3.53,2.66,3.27,17.12,11.45,5.55257
677,8.55,7.94,5.42,4.34,3.45,2.6,3.16,16.85,11.26,5.41655
678,8.36,7.76,5.28,4.24,3.37,2.54,3.06,16.58,11.07,5.28287
679,8.17,7.59,5.15,4.15,3.29,2.48,2.98,16.31,10.88,5.15163
680,7.98,7.42,5.02,4.05,3.22,2.42,2.89,16.05,10.69,5.02251
681,7.8,7.25,4.9,3.96,3.14,2.37,2.81,15.79,10.51,4.89599
682,7.62,7.08,4.77,3.87,3.07,2.31,2.73,15.5,10.32,4.77254
683,7.45,6.92,4.65,3.78,3,2.26,2.65,15.22,10.13,4.65183
684,7.27,6.75,4.53,3.7,2.93,2.2,2.58,14.95,9.96,4.53289
685,7.1,6.6,4.42,3.62,2.86,2.15,2.51,14.69,9.78,4.41712
686,6.93,6.44,4.3,3.54,2.79,2.1,2.44,14.42,9.59,4.30396
687,6.77,6.29,4.19,3.46,2.72,2.05,2.38,14.16,9.41,4.1932
688,6.61,6.15,4.09,3.38,2.66,2,2.31,13.9,9.23,4.08526
689,6.45,6,3.98,3.3,2.6,1.96,2.24,13.63,9.05,3.97972
690,6.3,5.85,3.88,3.23,2.54,1.91,2.18,13.36,8.87,3.87611
691,6.15,5.71,3.77,3.15,2.48,1.87,2.12,13.1,8.7,3.7745
692,6,5.57,3.68,3.08,2.42,1.82,2.06,12.83,8.52,3.67566
693,5.85,5.43,3.58,3.01,2.37,1.78,2.01,12.55,8.34,3.57782
694,5.71,5.3,3.48,2.94,2.31,1.74,1.96,12.29,8.16,3.48154
695,5.57,5.17,3.39,2.87,2.26,1.7,1.92,12.04,8,3.38666
696,5.43,5.04,3.29,2.79,2.2,1.66,1.86,11.79,7.83,3.2948
697,5.29,4.91,3.2,2.73,2.15,1.62,1.81,11.53,7.66,3.20477
698,5.16,4.79,3.12,2.66,2.1,1.58,1.76,11.29,7.5,3.11634
699,5.02,4.67,3.03,2.59,2.05,1.54,1.71,11.04,7.33,3.03034
700,4.89,4.55,2.95,2.53,2,1.5,1.67,10.8,7.17,2.94642
701,4.76,4.43,2.86,2.47,1.95,1.46,1.61,10.56,7,2.8649
702,4.63,4.31,2.79,2.41,1.9,1.43,1.56,10.32,6.84,2.78512
703,4.51,4.2,2.71,2.35,1.85,1.39,1.53,10.09,6.68,2.70703
704,4.38,4.09,2.63,2.3,1.8,1.36,1.49,9.85,6.53,2.63133
705,4.26,3.99,2.56,2.24,1.75,1.33,1.44,9.62,6.37,2.55857
706,4.15,3.88,2.49,2.19,1.71,1.3,1.4,9.4,6.21,2.48678
707,4.04,3.78,2.42,2.14,1.66,1.27,1.37,9.17,6.06,2.4168
708,3.93,3.68,2.35,2.08,1.62,1.24,1.32,8.96,5.92,2.34829
709,3.82,3.58,2.28,2.03,1.58,1.21,1.29,8.75,5.79,2.28177
710,3.72,3.49,2.22,1.99,1.54,1.18,1.25,8.54,5.65,2.21674
711,3.62,3.39,2.15,1.94,1.51,1.15,1.22,8.34,5.52,2.15313
712,3.53,3.3,2.09,1.89,1.47,1.12,1.18,8.14,5.39,2.09159
713,3.43,3.21,2.03,1.85,1.43,1.1,1.14,7.95,5.26,2.03127
714,3.34,3.12,1.97,1.8,1.4,1.07,1.11,7.75,5.14,1.97249
715,3.25,3.04,1.92,1.76,1.36,1.05,1.09,7.57,5.01,1.9155
716,3.16,2.96,1.86,1.71,1.33,1.02,1.05,7.39,4.89,1.86014
717,3.07,2.88,1.81,1.67,1.29,1,1.02,7.19,4.76,1.80585
718,2.99,2.8,1.75,1.63,1.26,0.97,1,7.01,4.65,1.75305
719,2.91,2.72,1.7,1.59,1.23,0.95,0.97,6.85,4.54,1.70177
720,2.83,2.65,1.65,1.55,1.2,0.93,0.93,6.68,4.42,1.65199
721,2.76,2.57,1.6,1.51,1.17,0.91,0.92,6.5,4.3,1.60401
722,2.68,2.51,1.56,1.47,1.14,0.88,0.89,6.33,4.19,1.55725
723,2.61,2.44,1.51,1.44,1.11,0.86,0.86,6.17,4.08,1.51233
724,2.54,2.37,1.47,1.4,1.08,0.85,0.84,6.02,3.98,1.46873
725,2.47,2.31,1.43,1.37,1.05,0.83,0.82,5.86,3.88,1.42637
726,2.4,2.25,1.38,1.33,1.03,0.81,0.79,5.71,3.77,1.38475
727,2.34,2.18,1.34,1.3,1,0.79,0.76,5.57,3.67,1.34442
728,2.27,2.13,1.31,1.27,0.98,0.77,0.75,5.42,3.57,1.30508
729,2.21,2.07,1.27,1.24,0.95,0.76,0.73,5.27,3.48,1.26712
730,2.15,2.01,1.23,1.21,0.93,0.74,0.71,5.12,3.39,1.22985
731,2.09,1.96,1.19,1.18,0.91,0.72,0.68,4.99,3.3,1.19362
732,2.04,1.9,1.16,1.15,0.88,0.7,0.67,4.86,3.2,1.15867
733,1.98,1.85,1.12,1.12,0.86,0.68,0.65,4.73,3.12,1.12477
734,1.93,1.8,1.09,1.1,0.84,0.66,0.63,4.59,3.03,1.09136
735,1.87,1.75,1.06,1.07,0.82,0.65,0.61,4.46,2.95,1.05956
736,1.82,1.7,1.03,1.05,0.8,0.63,0.58,4.33,2.87,1.0278
737,1.77,1.65,1,1.02,0.78,0.62,0.57,4.21,2.79,0.99721
738,1.72,1.61,0.97,1,0.76,0.6,0.56,4.1,2.72,0.96755
739,1.68,1.56,0.94,0.97,0.74,0.59,0.54,3.99,2.65,0.93854
740,1.63,1.52,0.91,0.95,0.72,0.57,0.53,3.88,2.58,0.91078
741,1.59,1.48,0.88,0.93,0.7,0.56,0.52,3.77,2.51,0.8839
742,1.55,1.44,0.86,0.91,0.69,0.55,0.5,3.66,2.43,0.85806
743,1.5,1.4,0.83,0.89,0.67,0.54,0.49,3.56,2.36,0.83254
744,1.46,1.36,0.81,0.87,0.65,0.52,0.47,3.46,2.3,0.80776
745,1.42,1.32,0.78,0.85,0.64,0.51,0.45,3.37,2.24,0.78405
746,1.39,1.29,0.76,0.83,0.62,0.5,0.45,3.28,2.18,0.76113
747,1.35,1.25,0.74,0.81,0.6,0.49,0.43,3.19,2.13,0.73867
748,1.32,1.22,0.72,0.79,0.59,0.48,0.42,3.1,2.07,0.7168
749,1.28,1.18,0.7,0.77,0.57,0.47,0.4,3.02,2.01,0.69579
750,1.25,1.15,0.68,0.75,0.56,0.46,0.4,2.94,1.95,0.6755
751,1.22,1.12,0.66,0.73,0.55,0.45,0.39,2.85,1.89,0.65581
752,1.19,1.08,0.64,0.72,0.53,0.44,0.37,2.78,1.84,0.63683
753,1.16,1.05,0.62,0.7,0.52,0.43,0.37,2.71,1.79,0.61821
754,1.13,1.02,0.6,0.69,0.51,0.42,0.36,2.63,1.74,0.60032
755,1.1,1,0.58,0.67,0.49,0.41,0.35,2.54,1.7,0.5831
756,1.07,0.97,0.57,0.66,0.48,0.41,0.33,2.47,1.65,0.56588
757,1.04,0.94,0.55,0.65,0.47,0.4,0.32,2.39,1.61,0.54944
758,1.02,0.92,0.53,0.63,0.46,0.39,0.32,2.33,1.57,0.53349
759,0.99,0.89,0.52,0.62,0.45,0.38,0.3,2.26,1.52,0.51788
760,0.97,0.87,0.5,0.61,0.44,0.37,0.3,2.21,1.47,0.50292
761,0.94,0.84,0.49,0.59,0.43,0.36,0.3,2.15,1.43,0.4882
762,0.92,0.82,0.47,0.58,0.42,0.36,0.28,2.08,1.4,0.47401
763,0.9,0.8,0.46,0.57,0.41,0.35,0.28,2.02,1.36,0.45989
764,0.88,0.78,0.45,0.56,0.4,0.34,0.27,1.95,1.32,0.44674
765,0.86,0.76,0.43,0.55,0.39,0.34,0.27,1.9,1.3,0.43389
766,0.83,0.74,0.42,0.54,0.38,0.33,0.25,1.84,1.26,0.42114
767,0.81,0.72,0.41,0.52,0.37,0.32,0.26,1.79,1.22,0.40867
768,0.8,0.7,0.4,0.52,0.36,0.32,0.23,1.74,1.19,0.3968
769,0.78,0.68,0.39,0.51,0.35,0.31,0.24,1.69,1.15,0.38533
770,0.76,0.67,0.37,0.5,0.35,0.3,0.24,1.65,1.1,0.37446
771,0.74,0.65,0.36,0.49,0.34,0.3,0.23,1.61,1.06,0.36367
772,0.72,0.63,0.35,0.48,0.33,0.29,0.22,1.57,1.04,0.3532
773,0.71,0.62,0.34,0.47,0.32,0.29,0.22,1.52,1.02,0.34304
774,0.69,0.6,0.33,0.46,0.31,0.28,0.21,1.48,0.99,0.33318
775,0.68,0.59,0.32,0.45,0.31,0.28,0.21,1.44,0.96,0.32361
776,0.66,0.57,0.31,0.45,0.3,0.27,0.2,1.39,0.94,0.31433
777,0.65,0.56,0.31,0.44,0.29,0.26,0.2,1.35,0.92,0.30533
778,0.63,0.54,0.3,0.43,0.29,0.26,0.18,1.3,0.89,0.29658
779,0.62,0.53,0.29,0.42,0.28,0.25,0.19,1.26,0.86,0.28809
780,0.61,0.52,0.28,0.42,0.27,0.25,0.17,1.22,0.84,0.27985
781,0,0,0,0,0,0,0,0,0,0.27181
782,0,0,0,0,0,0,0,0,0,0.26404
783,0,0,0,0,0,0,0,0,0,0.25649
784,0,0,0,0,0,0,0,0,0,0.24917
785,0,0,0,0,0,0,0,0,0,0.24206
786,0,0,0,0,0,0,0,0,0,0.23515
787,0,0,0,0,0,0,0,0,0,0.22845
788,0,0,0,0,0,0,0,0,0,0.22194
789,0,0,0,0,0,0,0,0,0,0.21561
790,0,0,0,0,0,0,0,0,0,0.20947
791,0,0,0,0,0,0,0,0,0,0.20351
792,0,0,0,0,0,0,0,0,0,0.19771
793,0,0,0,0,0,0,0,0,0,0.19208
794,0,0,0,0,0,0,0,0,0,0.18662
795,0,0,0,0,0,0,0,0,0,0.18131
796,0,0,0,0,0,0,0,0,0,0.17615
797,0,0,0,0,0,0,0,0,0,0.17113
798,0,0,0,0,0,0,0,0,0,0.16626
799,0,0,0,0,0,0,0,0,0,0.16153
800,0,0,0,0,0,0,0,0,0,0.15693
801,0,0,0,0,0,0,0,0,0,0.15246
802,0,0,0,0,0,0,0,0,0,0.14812
803,0,0,0,0,0,0,0,0,0,0.1439
804,0,0,0,0,0,0,0,0,0,0.1398
805,0,0,0,0,0,0,0,0,0,0.13582
806,0,0,0,0,0,0,0,0,0,0.13194
807,0,0,0,0,0,0,0,0,0,0.12818
808,0,0,0,0,0,0,0,0,0,0.12452
809,0,0,0,0,0,0,0,0,0,0.12096
810,0,0,0,0,0,0,0,0,0,0.11751
811,0,0,0,0,0,0,0,0,0,0.11415
812,0,0,0,0,0,0,0,0,0,0.11088
813,0,0,0,0,0,0,0,0,0,0.1077
814,0,0,0,0,0,0,0,0,0,0.10462
815,0,0,0,0,0,0,0,0,0,0.10161
816,0,0,0,0,0,0,0,0,0,0.0987
817,0,0,0,0,0,0,0,0,0,0.09586
818,0,0,0,0,0,0,0,0,0,0.0931
819,0,0,0,0,0,0,0,0,0,0.09042
820,0,0,0,0,0,0,0,0,0,0.08782
821,0,0,0,0,0,0,0,0,0,0.08528
822,0,0,0,0,0,0,0,0,0,0.08282
823,0,0,0,0,0,0,0,0,0,0.08042
824,0,0,0,0,0,0,0,0,0,0.0781
825,0,0,0,0,0,0,0,0,0,0.07583
826,0,0,0,0,0,0,0,0,0,0.07363
827,0,0,0,0,0,0,0,0,0,0.07149
828,0,0,0,0,0,0,0,0,0,0.06941
829,0,0,0,0,0,0,0,0,0,0.06739
830,0,0,0,0,0,0,0,0,0,0.06542
