380,1.870,1.180,0.820,0.570,1.870,1.050,2.560,1.210,0.900,1.110,0.910,0.960
381,1.968,1.240,0.860,0.596,1.966,1.102,2.684,1.268,0.944,1.048,0.854,0.896
382,2.065,1.299,0.899,0.621,2.061,1.153,2.807,1.326,0.988,0.984,0.797,0.831
383,2.162,1.358,0.939,0.647,2.156,1.204,2.931,1.383,1.031,0.921,0.739,0.766
384,2.260,1.418,0.979,0.673,2.252,1.256,3.055,1.441,1.075,0.859,0.683,0.702
385,2.360,1.480,1.020,0.700,2.350,1.310,3.180,1.500,1.120,0.800,0.630,0.640
386,2.473,1.551,1.068,0.734,2.461,1.373,3.309,1.561,1.167,0.754,0.588,0.583
387,2.589,1.623,1.117,0.769,2.574,1.437,3.440,1.622,1.215,0.712,0.550,0.529
388,2.706,1.696,1.166,0.804,2.690,1.502,3.572,1.684,1.263,0.676,0.517,0.481
389,2.824,1.768,1.214,0.838,2.805,1.566,3.705,1.747,1.311,0.646,0.487,0.437
390,2.940,1.840,1.260,0.870,2.920,1.630,3.840,1.810,1.360,0.620,0.460,0.400
391,3.045,1.902,1.297,0.894,3.025,1.684,3.979,1.875,1.409,0.594,0.431,0.374
392,3.149,1.963,1.332,0.916,3.129,1.738,4.118,1.940,1.458,0.575,0.406,0.355
393,3.253,2.025,1.367,0.937,3.234,1.791,4.257,2.004,1.506,0.564,0.386,0.341
394,3.360,2.086,1.403,0.958,3.341,1.845,4.394,2.068,1.554,0.562,0.374,0.333
395,3.470,2.150,1.440,0.980,3.450,1.900,4.530,2.130,1.600,0.570,0.370,0.330
396,3.593,2.222,1.485,1.008,3.570,1.963,4.658,2.187,1.642,0.599,0.384,0.331
397,3.719,2.295,1.532,1.037,3.693,2.028,4.783,2.244,1.682,0.638,0.407,0.337
398,3.849,2.371,1.580,1.066,3.818,2.095,4.907,2.299,1.723,0.687,0.437,0.347
399,3.982,2.448,1.630,1.097,3.946,2.163,5.030,2.355,1.762,0.746,0.475,0.361
400,4.117,2.526,1.680,1.128,4.076,2.232,5.152,2.411,1.802,0.813,0.519,0.378
401,4.250,2.603,1.730,1.158,4.205,2.300,5.278,2.470,1.845,0.884,0.565,0.397
402,4.406,2.698,1.795,1.203,4.355,2.384,5.516,2.627,1.981,0.963,0.618,0.425
403,6.431,4.352,3.380,2.740,6.306,3.942,8.390,4.840,4.213,1.405,1.389,1.520
404,27.053,22.241,20.763,20.160,26.206,21.056,24.512,16.827,16.813,17.099,17.664,18.611
405,47.412,40.174,38.186,37.765,45.864,38.296,40.530,28.844,29.445,37.898,38.488,37.067
406,19.104,15.191,13.849,13.152,18.532,14.279,24.262,17.188,16.818,7.504,10.385,10.507
407,5.807,3.677,2.614,1.907,5.702,3.281,8.738,5.172,4.370,1.509,1.158,0.871
408,5.224,3.163,2.086,1.374,5.140,2.793,6.258,3.017,2.257,1.596,1.042,0.614
409,5.363,3.241,2.135,1.402,5.273,2.862,6.280,2.984,2.217,1.730,1.132,0.655
410,5.507,3.323,2.187,1.433,5.410,2.934,6.406,3.055,2.268,1.871,1.227,0.698
411,5.651,3.405,2.239,1.464,5.548,3.006,6.533,3.131,2.324,2.020,1.330,0.747
412,5.796,3.487,2.291,1.495,5.687,3.079,6.662,3.208,2.382,2.178,1.438,0.797
413,5.943,3.570,2.343,1.526,5.826,3.152,6.790,3.288,2.440,2.344,1.550,0.847
414,6.091,3.655,2.396,1.558,5.968,3.226,6.920,3.368,2.500,2.518,1.668,0.895
415,6.240,3.740,2.450,1.590,6.110,3.300,7.050,3.450,2.560,2.700,1.790,0.940
416,6.392,3.829,2.506,1.623,6.256,3.375,7.180,3.526,2.615,2.886,1.912,0.968
417,6.545,3.919,2.561,1.657,6.404,3.451,7.311,3.605,2.672,3.082,2.040,0.994
418,6.699,4.009,2.618,1.691,6.552,3.527,7.443,3.686,2.731,3.289,2.173,1.020
419,6.854,4.100,2.674,1.726,6.701,3.603,7.576,3.770,2.793,3.508,2.313,1.048
420,7.010,4.190,2.730,1.760,6.850,3.680,7.710,3.860,2.860,3.740,2.460,1.080
421,7.166,4.277,2.784,1.794,6.996,3.758,7.847,3.961,2.939,3.996,2.615,1.127
422,7.322,4.363,2.838,1.828,7.143,3.836,7.985,4.068,3.023,4.265,2.779,1.180
423,7.478,4.448,2.892,1.862,7.289,3.914,8.125,4.181,3.111,4.546,2.952,1.238
424,7.634,4.534,2.946,1.896,7.434,3.992,8.267,4.298,3.204,4.838,3.136,1.301
425,7.790,4.620,3.000,1.930,7.580,4.070,8.410,4.420,3.300,5.140,3.330,1.370
426,7.945,4.708,3.056,1.964,7.727,4.147,8.556,4.544,3.397,5.457,3.554,1.449
427,8.099,4.796,3.112,1.999,7.873,4.224,8.703,4.673,3.497,5.780,3.786,1.530
428,8.254,4.884,3.169,2.033,8.020,4.300,8.851,4.807,3.601,6.105,4.022,1.614
429,8.407,4.972,3.225,2.067,8.165,4.375,9.000,4.946,3.708,6.430,4.258,1.698
430,8.560,5.060,3.280,2.100,8.310,4.450,9.150,5.090,3.820,6.750,4.490,1.780
431,8.713,5.146,3.333,2.132,8.453,4.524,9.300,5.242,3.938,7.051,4.697,1.852
432,8.865,5.232,3.386,2.164,8.596,4.598,9.450,5.400,4.061,7.345,4.896,1.922
433,9.016,5.317,3.438,2.196,8.737,4.670,9.600,5.562,4.186,7.633,5.089,1.990
434,9.166,5.401,3.490,2.227,8.877,4.742,9.750,5.727,4.315,7.913,5.276,2.055
435,42.953,34.457,31.350,29.845,40.254,32.073,43.424,34.574,32.403,30.917,31.388,27.178
436,181.271,152.961,145.061,142.244,167.635,143.837,181.281,146.001,145.030,143.553,150.851,138.834
437,9.619,5.659,3.649,2.335,9.337,4.968,10.240,6.249,4.728,8.738,5.833,2.259
438,9.754,5.730,3.691,2.349,9.425,5.023,10.347,6.415,4.851,8.972,5.988,2.308
439,9.898,5.811,3.740,2.379,9.559,5.091,10.494,6.593,4.989,9.215,6.152,2.366
440,10.039,5.890,3.788,2.409,9.690,5.159,10.641,6.772,5.129,9.446,6.308,2.422
441,10.179,5.968,3.835,2.437,9.820,5.225,10.786,6.951,5.269,9.671,6.459,2.477
442,10.317,6.045,3.882,2.465,9.947,5.290,10.930,7.132,5.411,9.881,6.601,2.527
443,10.453,6.121,3.928,2.493,10.073,5.354,11.072,7.314,5.553,10.074,6.731,2.574
444,10.588,6.196,3.974,2.522,10.197,5.418,11.212,7.497,5.696,10.248,6.848,2.615
445,10.720,6.270,4.020,2.550,10.320,5.480,11.350,7.680,5.840,10.400,6.950,2.650
446,10.851,6.345,4.067,2.581,10.443,5.543,11.485,7.865,5.987,10.515,7.027,2.674
447,10.980,6.419,4.114,2.611,10.564,5.604,11.618,8.051,6.134,10.607,7.089,2.691
448,11.107,6.491,4.161,2.641,10.683,5.664,11.748,8.235,6.280,10.678,7.136,2.703
449,11.230,6.562,4.206,2.671,10.798,5.723,11.875,8.419,6.426,10.729,7.170,2.709
450,11.350,6.630,4.250,2.700,10.910,5.780,12.000,8.600,6.570,10.760,7.190,2.710
451,11.464,6.694,4.291,2.726,11.015,5.833,12.122,8.777,6.711,10.779,7.201,2.707
452,11.575,6.756,4.331,2.752,11.116,5.885,12.241,8.952,6.849,10.779,7.200,2.699
453,11.683,6.816,4.369,2.776,11.213,5.935,12.357,9.124,6.985,10.761,7.186,2.687
454,11.788,6.874,4.405,2.798,11.308,5.983,12.470,9.294,7.119,10.725,7.160,2.671
455,11.890,6.930,4.440,2.820,11.400,6.030,12.580,9.460,7.250,10.670,7.120,2.650
456,11.992,6.986,4.473,2.840,11.492,6.077,12.688,9.626,7.379,10.590,7.062,2.623
457,12.091,7.039,4.504,2.858,11.581,6.123,12.792,9.787,7.505,10.492,6.992,2.592
458,12.188,7.091,4.534,2.876,11.667,6.168,12.893,9.944,7.628,10.378,6.911,2.560
459,12.281,7.142,4.562,2.893,11.750,6.210,12.989,10.095,7.746,10.250,6.820,2.525
460,12.370,7.190,4.590,2.910,11.830,6.250,13.080,10.240,7.860,10.110,6.720,2.490
461,12.455,7.237,4.619,2.927,11.906,6.286,13.164,10.372,7.967,9.960,6.614,2.460
462,12.536,7.281,4.646,2.944,11.978,6.321,13.242,10.498,8.069,9.800,6.501,2.430
463,12.612,7.323,4.672,2.960,12.046,6.353,13.316,10.617,8.166,9.631,6.382,2.398
464,12.683,7.363,4.697,2.976,12.110,6.382,13.385,10.731,8.260,9.454,6.258,2.365
465,12.750,7.400,4.720,2.990,12.170,6.410,13.450,10.840,8.350,9.270,6.130,2.330
466,12.809,7.433,4.739,3.002,12.224,6.436,13.510,10.947,8.437,9.081,6.000,2.286
467,12.864,7.464,4.756,3.012,12.274,6.460,13.566,11.049,8.521,8.888,5.867,2.240
468,12.914,7.492,4.772,3.022,12.320,6.482,13.618,11.147,8.601,8.691,5.732,2.193
469,12.959,7.517,4.787,3.031,12.362,6.502,13.666,11.241,8.677,8.491,5.597,2.146
470,13.000,7.540,4.800,3.040,12.400,6.520,13.710,11.330,8.750,8.290,5.460,2.100
471,13.037,7.560,4.815,3.049,12.436,6.536,13.752,11.415,8.818,8.039,5.277,2.019
472,13.070,7.579,4.828,3.058,12.467,6.550,13.789,11.495,8.883,7.801,5.106,1.949
473,13.100,7.595,4.840,3.066,12.495,6.562,13.823,11.571,8.945,7.587,4.959,1.901
474,13.127,7.608,4.851,3.074,12.520,6.572,13.854,11.643,9.004,7.413,4.850,1.885
475,13.150,7.620,4.860,3.080,12.540,6.580,13.880,11.710,9.060,7.290,4.790,1.910
476,13.174,7.630,4.865,3.084,12.556,6.586,13.902,11.772,9.115,7.077,4.642,1.853
477,13.194,7.639,4.869,3.086,12.568,6.589,13.919,11.830,9.168,6.980,4.605,1.891
478,13.211,7.645,4.871,3.088,12.576,6.591,13.933,11.883,9.218,7.052,4.729,2.068
479,13.223,7.648,4.871,3.089,12.580,6.592,13.944,11.933,9.266,7.345,5.064,2.426
480,13.230,7.650,4.870,3.090,12.580,6.590,13.950,11.980,9.310,7.910,5.660,3.010
481,13.224,7.646,4.866,3.089,12.572,6.585,13.953,12.024,9.349,9.543,7.268,4.468
482,13.214,7.640,4.861,3.088,12.562,6.579,13.953,12.066,9.385,11.367,9.061,6.087
483,13.201,7.633,4.856,3.087,12.549,6.572,13.949,12.104,9.419,13.247,10.913,7.759
484,13.186,7.626,4.853,3.088,12.535,6.566,13.941,12.138,9.450,15.049,12.698,9.376
485,13.170,7.620,4.850,3.090,12.520,6.560,13.930,12.170,9.480,16.640,14.290,10.830
486,13.169,7.624,4.858,3.102,12.517,6.563,13.915,12.198,9.510,17.277,15.019,11.559
487,13.166,7.628,4.867,3.114,12.512,6.566,13.896,12.223,9.538,17.586,15.440,12.022
488,13.160,7.629,4.874,3.126,12.504,6.567,13.874,12.245,9.564,17.586,15.564,12.226
489,13.149,7.627,4.879,3.135,12.490,6.566,13.848,12.264,9.588,17.295,15.400,12.177
490,13.130,7.620,4.880,3.140,12.470,6.560,13.820,12.280,9.610,16.730,14.960,11.880
491,13.087,7.594,4.864,3.130,12.428,6.539,13.788,12.292,9.627,15.721,14.026,11.121
492,13.036,7.563,4.844,3.115,12.378,6.513,13.754,12.301,9.642,14.522,12.893,10.180
493,12.979,7.528,4.821,3.098,12.323,6.484,13.718,12.309,9.656,13.199,11.628,9.120
494,12.916,7.489,4.796,3.079,12.263,6.452,13.680,12.315,9.668,11.816,10.298,7.999
495,12.850,7.450,4.770,3.060,12.200,6.420,13.640,12.320,9.680,10.440,8.970,6.880
496,12.786,7.415,4.748,3.046,12.139,6.390,13.598,12.325,9.690,9.393,7.977,6.067
497,12.721,7.380,4.727,3.032,12.077,6.361,13.556,12.329,9.700,8.419,7.054,5.316
498,12.654,7.345,4.706,3.020,12.014,6.332,13.514,12.335,9.711,7.518,6.204,4.627
499,12.587,7.312,4.687,3.009,11.952,6.305,13.472,12.341,9.724,6.692,5.425,3.998
500,12.520,7.280,4.670,3.000,11.890,6.280,13.430,12.350,9.740,5.940,4.720,3.430
501,12.457,7.251,4.656,2.992,11.833,6.259,13.392,12.364,9.764,5.277,4.104,2.926
502,12.394,7.224,4.644,2.987,11.776,6.240,13.356,12.381,9.790,4.688,3.559,2.481
503,12.331,7.198,4.634,2.983,11.720,6.224,13.320,12.399,9.818,4.171,3.084,2.094
504,12.266,7.173,4.626,2.980,11.665,6.211,13.285,12.419,9.848,3.722,2.675,1.764
505,12.200,7.150,4.620,2.980,11.610,6.200,13.250,12.440,9.880,3.340,2.330,1.490
506,12.127,7.126,4.614,2.980,11.552,6.191,13.215,12.460,9.909,3.048,2.069,1.299
507,12.053,7.103,4.611,2.983,11.495,6.185,13.180,12.482,9.939,2.812,1.861,1.154
508,11.978,7.083,4.610,2.989,11.439,6.182,13.146,12.504,9.971,2.623,1.697,1.048
509,11.904,7.065,4.613,2.998,11.384,6.184,13.113,12.526,10.004,2.472,1.570,0.973
510,11.830,7.050,4.620,3.010,11.330,6.190,13.080,12.550,10.040,2.350,1.470,0.920
511,11.760,7.040,4.632,3.027,11.279,6.200,13.049,12.576,10.081,2.225,1.367,0.858
512,11.693,7.033,4.649,3.048,11.230,6.216,13.019,12.603,10.124,2.119,1.282,0.807
513,11.627,7.031,4.670,3.073,11.183,6.237,12.989,12.629,10.169,2.027,1.210,0.767
514,11.562,7.033,4.697,3.104,11.140,6.265,12.959,12.655,10.214,1.949,1.151,0.736
515,11.500,7.040,4.730,3.140,11.100,6.300,12.930,12.680,10.260,1.880,1.100,0.710
516,11.438,7.052,4.767,3.180,11.063,6.344,12.901,12.704,10.306,1.808,1.046,0.679
517,11.379,7.069,4.812,3.227,11.030,6.396,12.872,12.726,10.352,1.743,0.997,0.652
518,11.322,7.093,4.863,3.280,11.001,6.455,12.842,12.745,10.396,1.685,0.955,0.629
519,11.269,7.123,4.922,3.341,10.978,6.523,12.811,12.760,10.439,1.634,0.920,0.612
520,11.220,7.160,4.990,3.410,10.960,6.600,12.780,12.770,10.480,1.590,0.890,0.600
521,11.176,7.205,5.068,3.488,10.949,6.684,12.745,12.769,10.513,1.543,0.858,0.585
522,11.137,7.257,5.156,3.575,10.944,6.777,12.709,12.763,10.544,1.506,0.833,0.578
523,11.102,7.319,5.253,3.672,10.946,6.880,12.672,12.752,10.574,1.480,0.819,0.582
524,11.073,7.389,5.361,3.781,10.955,6.995,12.636,12.738,10.602,1.467,0.818,0.598
525,11.050,7.470,5.480,3.900,10.970,7.120,12.600,12.720,10.630,1.470,0.830,0.630
526,11.033,7.563,5.610,4.033,10.993,7.260,12.565,12.701,10.659,1.486,0.854,0.682
527,11.023,7.666,5.752,4.178,11.024,7.411,12.532,12.679,10.688,1.524,0.897,0.754
528,11.019,7.780,5.906,4.336,11.062,7.575,12.500,12.655,10.718,1.587,0.964,0.846
529,11.021,7.905,6.072,4.507,11.107,7.752,12.469,12.629,10.749,1.678,1.057,0.961
530,11.030,8.040,6.250,4.690,11.160,7.940,12.440,12.600,10.780,1.801,1.180,1.101
531,11.045,8.186,6.441,4.886,11.220,8.142,12.414,12.570,10.813,1.996,1.373,1.290
532,11.068,8.342,6.646,5.095,11.289,8.356,12.391,12.537,10.848,2.230,1.601,1.509
533,11.098,8.510,6.864,5.319,11.365,8.582,12.369,12.503,10.884,2.522,1.881,1.777
534,11.135,8.689,7.095,5.557,11.448,8.820,12.348,12.468,10.921,2.944,2.278,2.159
535,11.180,8.880,7.340,5.810,11.540,9.070,12.330,12.430,10.960,3.696,2.978,2.831
536,11.233,9.083,7.600,6.078,11.641,9.332,12.311,12.389,10.999,5.236,4.418,4.190
537,11.294,9.297,7.873,6.363,11.750,9.605,12.295,12.346,11.040,8.382,7.401,6.923
538,11.364,9.523,8.161,6.664,11.866,9.890,12.280,12.304,11.083,14.304,13.106,12.003
539,11.443,9.760,8.463,6.983,11.990,10.185,12.269,12.261,11.130,24.122,22.703,20.336
540,11.530,10.010,8.780,7.320,12.120,10.490,12.260,12.220,11.180,38.075,36.514,32.084
541,11.631,10.277,9.118,7.686,12.259,10.809,12.258,12.183,11.237,54.589,53.021,45.900
542,11.741,10.555,9.469,8.069,12.404,11.138,12.259,12.148,11.299,70.106,68.641,58.831
543,11.858,10.842,9.831,8.468,12.554,11.473,12.263,12.114,11.363,80.142,78.782,67.191
544,11.982,11.137,10.203,8.880,12.708,11.814,12.269,12.081,11.430,81.495,80.130,68.377
545,12.701,11.926,11.078,9.996,13.600,12.665,13.336,13.022,12.407,74.224,72.725,62.463
546,103.353,90.113,88.094,87.358,99.623,88.622,112.088,109.995,105.550,107.053,109.317,110.081
547,19.915,18.512,17.733,16.102,20.548,19.167,21.028,20.480,19.760,53.396,52.091,47.030
548,12.517,12.364,11.755,10.615,13.346,13.209,12.311,11.956,11.716,41.117,39.511,35.073
549,12.659,12.679,12.154,11.067,13.509,13.561,12.325,11.927,11.792,36.203,34.850,30.767
550,12.804,12.997,12.557,11.526,13.672,13.912,12.341,11.900,11.870,32.096,30.991,27.167
551,12.949,13.314,12.961,11.987,13.834,14.261,12.358,11.874,11.948,26.387,25.430,22.379
552,13.097,13.633,13.366,12.454,13.995,14.609,12.376,11.849,12.028,19.246,18.359,16.482
553,13.246,13.952,13.773,12.925,14.156,14.953,12.396,11.827,12.110,12.636,11.806,10.977
554,13.397,14.271,14.181,13.400,14.314,15.294,12.417,11.807,12.194,8.075,7.318,7.096
555,13.550,14.590,14.590,13.880,14.470,15.630,12.440,11.790,12.280,5.643,4.956,4.968
556,13.708,14.911,15.003,14.369,14.624,15.963,12.466,11.779,12.369,4.560,3.925,4.005
557,13.865,15.229,15.416,14.859,14.775,16.290,12.493,11.771,12.460,4.086,3.484,3.597
558,14.023,15.544,15.825,15.351,14.922,16.609,12.522,11.765,12.553,3.814,3.233,3.386
559,14.178,15.855,16.230,15.842,15.064,16.920,12.551,11.762,12.646,3.592,3.027,3.227
560,14.330,16.160,16.630,16.330,15.200,17.220,12.580,11.760,12.740,3.380,2.830,3.080
561,14.476,16.459,17.023,16.817,15.329,17.509,12.609,11.758,12.834,3.175,2.634,2.941
562,14.618,16.750,17.408,17.298,15.452,17.785,12.638,11.758,12.929,2.977,2.445,2.808
563,14.754,17.031,17.782,17.771,15.566,18.048,12.666,11.760,13.023,2.791,2.267,2.683
564,14.885,17.302,18.143,18.232,15.673,18.297,12.693,11.764,13.117,2.621,2.104,2.570
565,15.010,17.560,18.490,18.680,15.770,18.530,12.720,11.770,13.210,2.470,1.960,2.470
566,15.129,17.803,18.818,19.109,15.858,18.746,12.745,11.779,13.302,2.342,1.834,2.359
567,15.241,18.032,19.129,19.521,15.936,18.945,12.769,11.791,13.392,2.242,1.736,2.275
568,15.344,18.245,19.422,19.915,16.002,19.125,12.791,11.804,13.480,2.172,1.672,2.225
569,15.437,18.441,19.696,20.288,16.057,19.287,12.812,11.821,13.566,2.137,1.649,2.221
570,15.520,18.620,19.950,20.640,16.100,19.430,12.830,11.840,13.650,2.140,1.670,2.270
571,15.582,18.770,20.172,20.954,16.122,19.542,12.845,11.863,13.729,2.179,1.748,2.420
572,15.635,18.905,20.377,21.249,16.133,19.637,12.858,11.889,13.805,2.265,1.882,2.634
573,15.680,19.025,20.564,21.526,16.134,19.715,12.869,11.916,13.879,2.405,2.074,2.912
574,15.715,19.130,20.733,21.784,16.125,19.777,12.878,11.945,13.951,2.603,2.328,3.254
575,15.740,19.220,20.885,22.022,16.106,19.822,12.886,11.975,14.020,2.866,2.649,3.661
576,19.347,22.468,24.161,25.432,19.521,22.874,16.531,15.738,17.695,5.280,4.743,5.333
577,27.716,29.939,31.589,33.074,27.394,29.970,24.918,24.316,26.067,10.464,9.111,8.614
578,15.762,19.399,21.233,22.617,15.990,19.862,12.894,12.074,14.212,4.195,4.139,5.328
579,29.305,31.244,33.018,34.562,28.828,31.144,26.651,26.250,27.839,26.201,26.020,25.862
580,18.499,21.860,23.777,25.329,18.486,22.130,15.660,15.002,17.061,9.732,9.747,10.744
581,15.699,19.443,21.419,23.029,15.788,19.759,12.882,12.184,14.377,5.972,6.078,7.401
582,15.659,19.428,21.444,23.124,15.702,19.695,12.873,12.222,14.425,6.639,6.793,8.152
583,15.609,19.397,21.451,23.198,15.607,19.615,12.862,12.261,14.470,10.374,9.853,10.608
584,15.549,19.351,21.440,23.250,15.503,19.520,12.847,12.300,14.512,31.264,31.223,29.629
585,15.480,19.290,21.410,23.280,15.390,19.410,12.830,12.340,14.550,18.528,17.853,17.702
586,15.387,19.196,21.338,23.261,15.259,19.271,12.805,12.378,14.579,9.755,10.046,11.469
587,15.283,19.085,21.244,23.215,15.117,19.115,12.776,12.416,14.603,10.464,10.887,12.349
588,15.168,18.958,21.130,23.145,14.966,18.944,12.744,12.454,14.623,11.205,11.679,13.155
589,15.043,18.816,20.998,23.053,14.807,18.758,12.708,12.492,14.638,11.788,12.311,13.812
590,14.910,18.660,20.850,22.940,14.640,18.560,12.670,12.530,14.650,12.160,12.730,14.270
591,14.773,18.497,20.694,22.816,14.468,18.352,12.630,12.568,14.658,11.817,12.434,14.091
592,14.628,18.322,20.524,22.674,14.289,18.133,12.588,12.605,14.663,11.267,11.929,13.712
593,14.476,18.135,20.340,22.513,14.105,17.904,12.544,12.643,14.665,10.570,11.273,13.182
594,14.316,17.938,20.142,22.335,13.915,17.666,12.498,12.682,14.664,9.785,10.524,12.548
595,14.150,17.730,19.930,22.140,13.720,17.420,12.450,12.720,14.660,8.970,9.740,11.860
596,13.975,17.509,19.700,21.923,13.522,17.167,12.401,12.760,14.655,8.320,9.102,11.219
597,13.794,17.278,19.458,21.690,13.320,16.907,12.351,12.799,14.647,7.725,8.515,10.605
598,13.608,17.040,19.205,21.442,13.114,16.640,12.299,12.839,14.637,7.210,8.006,10.055
599,13.416,16.793,18.942,21.182,12.904,16.368,12.245,12.880,14.625,6.800,7.601,9.601
600,13.220,16.540,18.670,20.910,12.690,16.090,12.190,12.920,14.610,6.520,7.330,9.280
601,13.020,16.283,18.393,20.633,12.470,15.807,12.132,12.959,14.591,6.612,7.450,9.394
602,12.817,16.021,18.109,20.346,12.248,15.520,12.072,12.999,14.570,6.831,7.699,9.643
603,12.610,15.755,17.818,20.049,12.023,15.229,12.012,13.039,14.547,7.146,8.047,9.993
604,12.401,15.484,17.522,19.744,11.797,14.936,11.951,13.079,14.524,7.529,8.464,10.413
605,12.190,15.210,17.220,19.430,11.570,14.640,11.890,13.120,14.500,7.952,8.919,10.869
606,11.979,14.933,16.913,19.104,11.345,14.343,11.830,13.161,14.474,8.281,9.274,11.213
607,11.766,14.653,16.602,18.770,11.121,14.045,11.771,13.204,14.449,8.617,9.633,11.557
608,11.552,14.370,16.287,18.431,10.897,13.747,11.713,13.248,14.426,8.956,9.993,11.899
609,11.336,14.086,15.970,18.087,10.673,13.448,11.656,13.293,14.406,18.258,28.871,48.291
610,11.120,13.800,15.650,17.740,10.450,13.150,11.600,13.340,14.390,137.222,177.206,208.279
611,10.903,13.512,15.329,17.389,10.228,12.854,11.547,13.392,14.384,17.428,11.046,15.042
612,10.685,13.224,15.007,17.038,10.006,12.558,11.496,13.445,14.383,10.279,11.377,13.181
613,10.466,12.936,14.685,16.689,9.786,12.264,11.446,13.500,14.385,25.535,32.722,42.066
614,10.248,12.648,14.362,16.342,9.567,11.971,11.398,13.555,14.391,140.663,179.563,225.813
615,10.030,12.360,14.040,16.000,9.350,11.680,11.350,13.610,14.400,14.023,17.444,22.207
616,9.811,12.073,13.718,15.685,9.133,11.388,11.301,13.664,14.409,11.391,12.507,14.170
617,9.592,11.788,13.398,15.373,8.918,11.098,11.253,13.718,14.420,11.610,12.723,14.346
618,9.376,11.505,13.079,15.061,8.706,10.811,11.207,13.770,14.434,11.801,12.909,14.490
619,9.161,11.226,12.763,14.744,8.496,10.528,11.162,13.821,14.450,11.962,13.062,14.599
620,8.950,10.950,12.450,14.420,8.290,10.250,11.120,13.870,14.470,12.090,13.180,14.670
621,8.746,10.683,12.144,14.054,8.090,9.981,11.084,13.915,14.498,12.263,13.342,14.769
622,8.545,10.420,11.841,13.681,7.893,9.717,11.049,13.958,14.528,12.379,13.443,14.809
623,8.348,10.161,11.541,13.305,7.699,9.457,11.016,13.998,14.559,12.413,13.462,14.770
624,8.153,9.904,11.244,12.930,7.508,9.202,10.983,14.035,14.590,12.345,13.375,14.634
625,7.960,9.650,10.950,12.560,7.320,8.950,10.950,14.070,14.620,12.150,13.160,14.380
626,7.766,9.392,10.653,12.216,7.131,8.699,10.918,14.105,14.651,11.610,12.597,13.820
627,7.574,9.137,10.359,11.881,6.945,8.451,10.884,14.136,14.678,10.948,11.909,13.146
628,7.386,8.886,10.070,11.555,6.762,8.209,10.847,14.163,14.700,10.190,11.123,12.383
629,7.201,8.640,9.786,11.238,6.584,7.971,10.806,14.184,14.715,9.590,10.577,11.640
630,7.020,8.400,9.510,10.930,6.410,7.740,10.760,14.200,14.720,18.268,23.340,30.699
631,6.849,8.174,9.250,10.635,6.246,7.520,10.698,14.200,14.698,7.876,8.808,9.936
632,6.682,7.953,8.997,10.348,6.087,7.306,10.632,14.194,14.668,6.805,7.624,9.005
633,6.519,7.738,8.750,10.067,5.932,7.097,10.562,14.185,14.632,5.976,6.760,8.155
634,6.358,7.527,8.508,9.792,5.779,6.892,10.491,14.173,14.592,5.180,5.917,7.304
635,6.200,7.320,8.270,9.520,5.630,6.690,10.420,14.160,14.550,4.430,5.110,6.460
636,6.039,7.110,8.030,9.243,5.479,6.486,10.349,14.146,14.508,3.771,4.338,5.536
637,5.880,6.904,7.793,8.970,5.330,6.286,10.281,14.134,14.470,3.184,3.631,4.655
638,5.724,6.702,7.561,8.701,5.183,6.089,10.217,14.126,14.438,2.679,3.006,3.847
639,5.570,6.504,7.333,8.438,5.040,5.897,10.160,14.124,14.414,2.265,2.480,3.142
640,5.420,6.310,7.110,8.180,4.900,5.710,10.110,14.130,14.400,1.950,2.070,2.570
641,5.274,6.124,6.894,7.933,4.764,5.531,10.083,14.162,14.416,1.843,1.934,2.371
642,5.132,5.942,6.685,7.692,4.633,5.358,10.064,14.201,14.444,1.829,1.912,2.312
643,4.994,5.766,6.481,7.458,4.505,5.190,10.051,14.246,14.482,1.893,1.985,2.370
644,4.860,5.596,6.282,7.231,4.380,5.027,10.044,14.293,14.528,2.018,2.134,2.524
645,4.730,5.430,6.090,7.010,4.260,4.870,10.040,14.340,14.580,2.190,2.340,2.750
646,4.606,5.271,5.906,6.796,4.145,4.719,10.030,14.381,14.624,2.399,2.599,3.045
647,4.487,5.117,5.727,6.589,4.034,4.572,10.023,14.418,14.674,2.621,2.875,3.364
648,4.371,4.967,5.553,6.387,3.926,4.430,10.018,14.452,14.732,2.838,3.146,3.677
649,4.259,4.822,5.384,6.191,3.821,4.293,10.017,14.479,14.800,3.034,3.388,3.958
650,4.150,4.680,5.220,6.000,3.720,4.160,10.020,14.500,14.880,3.190,3.580,4.180
651,4.042,4.541,5.057,5.812,3.621,4.031,10.043,14.515,15.012,3.176,3.552,4.133
652,3.938,4.405,4.899,5.628,3.525,3.905,10.067,14.520,15.148,3.116,3.466,4.017
653,3.836,4.273,4.745,5.450,3.431,3.783,10.089,14.514,15.282,3.021,3.337,3.850
654,3.736,4.145,4.595,5.277,3.339,3.665,10.104,14.495,15.406,2.902,3.180,3.652
655,3.640,4.020,4.450,5.110,3.250,3.550,10.110,14.460,15.510,2.770,3.010,3.440
656,3.547,3.899,4.312,4.951,3.161,3.438,10.109,14.419,15.606,2.671,2.896,3.301
657,3.457,3.782,4.178,4.797,3.074,3.328,10.090,14.357,15.662,2.571,2.785,3.168
658,3.369,3.668,4.048,4.647,2.990,3.222,10.047,14.269,15.666,2.473,2.678,3.040
659,3.283,3.557,3.922,4.502,2.909,3.120,9.976,14.152,15.606,2.379,2.576,2.921
660,3.200,3.450,3.800,4.360,2.830,3.020,9.870,14.000,15.470,2.290,2.480,2.810
661,3.118,3.346,3.679,4.219,2.757,2.924,9.678,13.768,15.135,2.229,2.411,2.733
662,3.038,3.244,3.562,4.081,2.687,2.830,9.454,13.503,14.725,2.172,2.346,2.660
663,2.960,3.146,3.448,3.946,2.619,2.740,9.203,13.213,14.256,2.118,2.282,2.588
664,2.884,3.052,3.337,3.816,2.554,2.654,8.933,12.903,13.743,2.061,2.214,2.509
665,2.810,2.960,3.230,3.690,2.490,2.570,8.650,12.580,13.200,2.000,2.140,2.420
666,2.738,2.873,3.128,3.570,2.427,2.491,8.364,12.252,12.652,1.903,2.020,2.267
667,2.668,2.788,3.029,3.455,2.365,2.415,8.077,11.922,12.102,1.803,1.895,2.105
668,2.600,2.706,2.933,3.343,2.305,2.341,7.796,11.598,11.563,1.703,1.770,1.942
669,2.534,2.627,2.840,3.235,2.247,2.270,7.525,11.286,11.048,1.607,1.650,1.784
670,2.470,2.550,2.750,3.130,2.190,2.200,7.270,10.990,10.570,1.520,1.540,1.640
671,2.408,2.474,2.661,3.026,2.135,2.130,7.071,10.752,10.218,1.462,1.468,1.547
672,2.349,2.399,2.574,2.924,2.081,2.062,6.890,10.535,9.909,1.416,1.412,1.473
673,2.291,2.327,2.490,2.826,2.029,1.996,6.727,10.336,9.637,1.382,1.370,1.418
674,2.234,2.258,2.408,2.731,1.979,1.932,6.578,10.151,9.396,1.360,1.343,1.380
675,2.180,2.190,2.330,2.640,1.930,1.870,6.440,9.980,9.180,1.350,1.330,1.360
676,2.127,2.126,2.257,2.553,1.883,1.812,6.301,9.811,8.964,1.354,1.328,1.350
677,2.075,2.063,2.186,2.470,1.838,1.756,6.171,9.651,8.765,1.368,1.341,1.357
678,2.025,2.003,2.118,2.390,1.794,1.702,6.050,9.500,8.580,1.393,1.367,1.382
679,1.977,1.946,2.053,2.314,1.751,1.650,5.936,9.356,8.409,1.427,1.406,1.426
680,1.930,1.890,1.990,2.240,1.710,1.600,5.830,9.220,8.250,1.470,1.460,1.490
681,1.881,1.833,1.925,2.167,1.666,1.547,5.735,9.091,8.098,1.536,1.553,1.609
682,1.834,1.779,1.863,2.097,1.624,1.497,5.647,8.967,7.954,1.606,1.653,1.742
683,1.792,1.728,1.804,2.030,1.585,1.450,5.564,8.848,7.819,1.674,1.755,1.880
684,1.753,1.682,1.750,1.968,1.550,1.408,5.486,8.732,7.691,1.737,1.853,2.015
685,1.720,1.640,1.700,1.910,1.520,1.370,5.410,8.620,7.570,1.790,1.940,2.140
686,1.708,1.616,1.667,1.865,1.511,1.352,5.337,8.512,7.460,1.819,2.000,2.237
687,1.700,1.595,1.638,1.824,1.504,1.337,5.264,8.404,7.353,1.831,2.039,2.312
688,1.693,1.576,1.610,1.784,1.499,1.324,5.192,8.296,7.247,1.824,2.055,2.357
689,1.684,1.555,1.582,1.743,1.492,1.309,5.117,8.185,7.140,1.794,2.043,2.368
690,1.670,1.530,1.550,1.700,1.480,1.290,5.040,8.070,7.030,1.740,2.000,2.340
691,1.628,1.482,1.497,1.640,1.442,1.246,4.950,7.940,6.899,1.601,1.851,2.174
692,1.581,1.431,1.441,1.577,1.398,1.199,4.857,7.806,6.764,1.448,1.682,1.982
693,1.530,1.377,1.383,1.513,1.352,1.149,4.762,7.669,6.627,1.292,1.507,1.780
694,1.479,1.322,1.325,1.450,1.305,1.098,4.666,7.530,6.488,1.145,1.342,1.587
695,1.430,1.270,1.270,1.390,1.260,1.050,4.570,7.390,6.350,1.020,1.200,1.420
696,1.396,1.230,1.228,1.341,1.228,1.016,4.476,7.250,6.216,0.938,1.101,1.301
697,1.365,1.193,1.189,1.296,1.199,0.985,4.383,7.111,6.086,0.899,1.054,1.244
698,1.338,1.159,1.153,1.255,1.174,0.958,4.292,6.974,5.959,0.913,1.070,1.264
699,1.313,1.128,1.120,1.216,1.151,0.933,4.205,6.840,5.837,0.990,1.165,1.381
700,1.290,1.100,1.090,1.180,1.130,0.910,4.120,6.710,5.720,1.140,1.350,1.610
701,1.268,1.075,1.062,1.147,1.112,0.888,4.044,6.593,5.618,1.509,1.816,2.188
702,1.248,1.052,1.035,1.116,1.095,0.867,3.971,6.481,5.521,1.937,2.355,2.858
703,1.228,1.031,1.009,1.087,1.080,0.848,3.902,6.371,5.428,2.397,2.936,3.582
704,1.209,1.010,0.984,1.058,1.065,0.829,3.835,6.265,5.338,2.867,3.528,4.322
705,1.190,0.990,0.960,1.030,1.050,0.810,3.770,6.160,5.250,3.320,4.100,5.040
706,1.169,0.968,0.934,1.000,1.033,0.790,3.708,6.055,5.161,3.718,4.603,5.683
707,1.147,0.947,0.907,0.969,1.016,0.770,3.647,5.951,5.072,4.055,5.028,6.232
708,1.125,0.925,0.881,0.939,0.998,0.750,3.586,5.845,4.983,4.310,5.350,6.654
709,1.103,0.902,0.856,0.910,0.979,0.730,3.524,5.739,4.892,4.462,5.543,6.915
710,1.080,0.880,0.830,0.880,0.960,0.710,3.460,5.630,4.800,4.490,5.580,6.980
711,1.055,0.855,0.805,0.850,0.938,0.689,3.386,5.512,4.700,4.147,5.148,6.455
712,1.030,0.830,0.780,0.821,0.915,0.668,3.311,5.393,4.599,3.696,4.580,5.757
713,1.006,0.806,0.756,0.793,0.893,0.648,3.234,5.272,4.496,3.172,3.920,4.943
714,0.982,0.782,0.732,0.766,0.871,0.629,3.157,5.151,4.393,2.611,3.215,4.068
715,0.960,0.760,0.710,0.740,0.850,0.610,3.080,5.030,4.290,2.050,2.510,3.190
716,0.942,0.742,0.690,0.718,0.834,0.594,3.006,4.910,4.187,1.654,2.015,2.565
717,0.925,0.725,0.672,0.697,0.819,0.580,2.933,4.793,4.086,1.296,1.570,1.998
718,0.909,0.709,0.654,0.678,0.805,0.566,2.863,4.678,3.987,0.981,1.178,1.496
719,0.894,0.694,0.637,0.659,0.792,0.553,2.795,4.567,3.892,0.711,0.843,1.065
720,0.880,0.680,0.620,0.640,0.780,0.540,2.730,4.460,3.800,0.490,0.570,0.710
721,0.865,0.665,0.603,0.618,0.767,0.527,2.672,4.363,3.718,0.370,0.423,0.517
722,0.850,0.650,0.586,0.597,0.754,0.514,2.618,4.271,3.641,0.294,0.330,0.393
723,0.836,0.636,0.570,0.577,0.742,0.502,2.566,4.184,3.567,0.253,0.282,0.324
724,0.822,0.623,0.554,0.558,0.731,0.491,2.517,4.100,3.497,0.238,0.265,0.298
725,0.810,0.610,0.540,0.540,0.720,0.480,2.470,4.020,3.430,0.240,0.270,0.300
726,0.800,0.598,0.528,0.527,0.710,0.470,2.423,3.942,3.364,0.222,0.249,0.274
727,0.791,0.587,0.517,0.516,0.701,0.461,2.378,3.868,3.299,0.212,0.236,0.260
728,0.783,0.577,0.507,0.506,0.693,0.453,2.334,3.796,3.237,0.208,0.230,0.255
729,0.776,0.568,0.498,0.497,0.686,0.446,2.291,3.727,3.178,0.208,0.229,0.256
730,0.770,0.560,0.490,0.490,0.680,0.440,2.250,3.660,3.120,0.210,0.230,0.260
731,0.765,0.555,0.483,0.483,0.677,0.437,2.210,3.596,3.064,0.208,0.223,0.251
732,0.761,0.551,0.477,0.477,0.675,0.435,2.170,3.534,3.011,0.206,0.218,0.243
733,0.757,0.547,0.471,0.472,0.673,0.434,2.132,3.475,2.959,0.206,0.214,0.236
734,0.753,0.544,0.465,0.466,0.672,0.432,2.096,3.417,2.908,0.208,0.211,0.232
735,0.750,0.540,0.460,0.460,0.670,0.430,2.060,3.360,2.860,0.210,0.210,0.230
736,0.747,0.535,0.454,0.453,0.667,0.425,2.026,3.304,2.814,0.216,0.215,0.238
737,0.744,0.529,0.449,0.445,0.664,0.419,1.994,3.248,2.769,0.222,0.220,0.248
738,0.740,0.523,0.443,0.437,0.660,0.413,1.962,3.194,2.725,0.228,0.227,0.259
739,0.735,0.517,0.436,0.429,0.655,0.407,1.931,3.142,2.682,0.234,0.234,0.270
740,0.730,0.510,0.430,0.420,0.650,0.400,1.900,3.090,2.640,0.240,0.240,0.280
741,0.720,0.501,0.421,0.409,0.641,0.393,1.869,3.039,2.596,0.242,0.243,0.285
742,0.709,0.492,0.412,0.398,0.632,0.386,1.838,2.990,2.553,0.244,0.244,0.287
743,0.698,0.484,0.404,0.387,0.624,0.379,1.808,2.942,2.511,0.244,0.244,0.287
744,0.688,0.476,0.396,0.378,0.616,0.374,1.779,2.895,2.470,0.242,0.243,0.285
745,0.680,0.470,0.390,0.370,0.610,0.370,1.750,2.850,2.430,0.240,0.240,0.280
746,0.681,0.469,0.389,0.369,0.611,0.371,1.721,2.806,2.392,0.236,0.231,0.268
747,0.684,0.470,0.390,0.369,0.613,0.374,1.694,2.764,2.357,0.230,0.222,0.255
748,0.686,0.470,0.390,0.370,0.616,0.376,1.668,2.724,2.323,0.224,0.213,0.240
749,0.689,0.471,0.391,0.370,0.618,0.379,1.643,2.686,2.290,0.217,0.205,0.225
750,0.690,0.470,0.390,0.370,0.620,0.380,1.620,2.650,2.260,0.210,0.200,0.210
751,0.680,0.462,0.382,0.362,0.614,0.374,1.602,2.619,2.234,0.200,0.203,0.198
752,0.669,0.453,0.373,0.353,0.607,0.367,1.585,2.590,2.209,0.190,0.209,0.188
753,0.658,0.444,0.364,0.344,0.600,0.360,1.570,2.563,2.185,0.181,0.217,0.179
754,0.648,0.436,0.356,0.336,0.594,0.354,1.555,2.536,2.162,0.174,0.228,0.173
755,0.640,0.430,0.350,0.330,0.590,0.350,1.540,2.510,2.140,0.170,0.240,0.170
756,0.645,0.433,0.353,0.331,0.593,0.355,1.524,2.485,2.118,0.175,0.259,0.176
757,0.652,0.439,0.359,0.335,0.599,0.363,1.507,2.458,2.096,0.183,0.277,0.184
758,0.661,0.445,0.365,0.339,0.605,0.371,1.489,2.431,2.072,0.191,0.295,0.193
759,0.671,0.453,0.373,0.345,0.613,0.381,1.470,2.402,2.047,0.201,0.309,0.202
760,0.680,0.460,0.380,0.350,0.620,0.390,1.450,2.370,2.020,0.210,0.320,0.210
761,0.686,0.466,0.385,0.354,0.628,0.398,1.427,2.331,1.986,0.215,0.316,0.210
762,0.691,0.470,0.389,0.358,0.635,0.405,1.402,2.289,1.950,0.219,0.307,0.207
763,0.693,0.472,0.392,0.360,0.640,0.410,1.376,2.245,1.912,0.222,0.294,0.203
764,0.693,0.472,0.392,0.361,0.642,0.411,1.348,2.198,1.872,0.222,0.278,0.197
765,0.690,0.470,0.390,0.360,0.640,0.410,1.320,2.150,1.830,0.220,0.260,0.190
766,0.679,0.460,0.381,0.353,0.627,0.398,1.292,2.101,1.788,0.213,0.240,0.183
767,0.664,0.447,0.370,0.344,0.610,0.384,1.263,2.050,1.744,0.204,0.219,0.176
768,0.648,0.432,0.357,0.333,0.592,0.367,1.233,1.998,1.700,0.193,0.198,0.168
769,0.629,0.417,0.344,0.322,0.571,0.349,1.202,1.944,1.655,0.182,0.178,0.159
770,0.610,0.400,0.330,0.310,0.550,0.330,1.170,1.890,1.610,0.170,0.160,0.150
771,0.592,0.386,0.320,0.301,0.533,0.315,1.135,1.835,1.565,0.159,0.149,0.140
772,0.575,0.371,0.310,0.291,0.517,0.300,1.100,1.780,1.520,0.149,0.140,0.131
773,0.557,0.357,0.301,0.281,0.501,0.286,1.064,1.724,1.474,0.139,0.132,0.121
774,0.538,0.344,0.291,0.271,0.485,0.273,1.027,1.667,1.428,0.129,0.126,0.110
775,0.520,0.330,0.280,0.260,0.470,0.260,0.990,1.610,1.380,0.120,0.120,0.100
776,0.502,0.318,0.267,0.247,0.456,0.249,0.954,1.552,1.329,0.113,0.114,0.090
777,0.484,0.306,0.253,0.233,0.442,0.239,0.918,1.494,1.277,0.107,0.108,0.080
778,0.466,0.294,0.238,0.218,0.428,0.230,0.882,1.436,1.224,0.102,0.102,0.070
779,0.448,0.282,0.224,0.204,0.414,0.220,0.846,1.378,1.172,0.096,0.096,0.060
780,0.430,0.270,0.210,0.190,0.400,0.210,0.810,1.320,1.120,0.090,0.090,0.050
