Wavelength ( l / nm),ssc(l),smc(l),slc(l),srh(l),smel(l),,,,,
380,,,,5.89E-04,9.18165E-04,,,,,
381,,,,6.65E-04,1.04557E-03,,,,,
382,,,,7.52E-04,1.17858E-03,,,,,
383,,,,8.54E-04,1.32279E-03,,,,,
384,,,,9.72E-04,1.48381E-03,,,,,
385,,,,1.108E-03,1.66724E-03,,,,,
386,,,,1.268E-03,1.88102E-03,,,,,
387,,,,1.453E-03,2.12989E-03,,,,,
388,,,,1.668E-03,2.41457E-03,,,,,
389,,,,1.918E-03,2.73583E-03,,,,,
390,  6.14265E-03,  3.58227E-04,  4.07619E-04,2.209E-03,3.09442E-03,,,,,
391,  7.44280E-03,  4.38660E-04,  4.97068E-04,2.547E-03,3.50706E-03,,,,,
392,  9.01661E-03,  5.36230E-04,  6.04713E-04,2.939E-03,3.99078E-03,,,,,
393,  1.09170E-02,  6.54061E-04,  7.33640E-04,3.394E-03,4.54679E-03,,,,,
394,  1.32053E-02,  7.95649E-04,  8.87247E-04,3.921E-03,5.17625E-03,,,,,
395,  1.59515E-02,  9.64828E-04,  1.06921E-03,4.53E-03,5.88035E-03,,,,,
396,  1.92347E-02,  1.16572E-03,  1.28340E-03,5.24E-03,6.69334E-03,,,,,
397,  2.31436E-02,  1.40263E-03,  1.53382E-03,6.05E-03,7.65102E-03,,,,,
398,  2.77750E-02,  1.67992E-03,  1.82443E-03,6.98E-03,8.75694E-03,,,,,
399,  3.32339E-02,  2.00180E-03,  2.15896E-03,8.06E-03,1.00146E-02,,,,,
400,  3.96308E-02,  2.37208E-03,  2.54073E-03,9.29E-03,1.14277E-02,,,,,
401,  4.70801E-02,  2.79433E-03,  2.97282E-03,1.070E-02,1.30767E-02,,,,,
402,  5.57012E-02,  3.27374E-03,  3.45993E-03,1.231E-02,1.50397E-02,,,,,
403,  6.56137E-02,  3.81660E-03,  4.00793E-03,1.413E-02,1.73166E-02,,,,,
404,  7.69323E-02,  4.43021E-03,  4.62370E-03,1.619E-02,1.99071E-02,,,,,
405,  8.97612E-02,  5.12316E-03,  5.31546E-03,1.852E-02,2.28112E-02,,,,,
406,  1.04188E-01,  5.90458E-03,  6.09138E-03,2.113E-02,2.63194E-02,,,,,
407,  1.20273E-01,  6.78005E-03,  6.95291E-03,2.405E-02,3.05964E-02,,,,,
408,  1.38044E-01,  7.75260E-03,  7.89634E-03,2.730E-02,3.54538E-02,,,,,
409,  1.57485E-01,  8.82286E-03,  8.91300E-03,3.089E-02,4.07028E-02,,,,,
410,  1.78530E-01,  9.98841E-03,  9.98835E-03,3.484E-02,4.61550E-02,,,,,
411,  2.01077E-01,  1.12452E-02,  1.11054E-02,3.916E-02,5.17822E-02,,,,,
412,  2.25091E-01,  1.25949E-02,  1.22607E-02,4.39E-02,5.77804E-02,,,,,
413,  2.50566E-01,  1.40425E-02,  1.34578E-02,4.90E-02,6.42972E-02,,,,,
414,  2.77507E-01,  1.55944E-02,  1.47044E-02,5.45E-02,7.14801E-02,,,,,
415,  3.05941E-01,  1.72596E-02,  1.60130E-02,6.04E-02,7.94766E-02,,,,,
416,  3.35858E-01,  1.90467E-02,  1.73958E-02,6.68E-02,8.91807E-02,,,,,
417,  3.66981E-01,  2.09545E-02,  1.88452E-02,7.36E-02,1.00756E-01,,,,,
418,  3.98876E-01,  2.29763E-02,  2.03440E-02,8.08E-02,1.13256E-01,,,,,
419,  4.30998E-01,  2.51017E-02,  2.18700E-02,8.85E-02,1.25732E-01,,,,,
420,  4.62692E-01,  2.73163E-02,  2.33957E-02,9.66E-02,1.37237E-01,,,,,
421,  4.93357E-01,  2.96062E-02,  2.48961E-02,1.052E-01,1.47446E-01,,,,,
422,  5.23006E-01,  3.19746E-02,  2.63761E-02,1.141E-01,1.57014E-01,,,,,
423,  5.51939E-01,  3.44330E-02,  2.78541E-02,1.235E-01,1.66463E-01,,,,,
424,  5.80599E-01,  3.69983E-02,  2.93551E-02,1.334E-01,1.76316E-01,,,,,
425,  6.09570E-01,  3.96928E-02,  3.09104E-02,1.436E-01,1.87096E-01,,,,,
426,  6.39359E-01,  4.25402E-02,  3.25498E-02,1.541E-01,1.99210E-01,,,,,
427,  6.69651E-01,  4.55474E-02,  3.42714E-02,1.651E-01,2.12408E-01,,,,,
428,  6.99829E-01,  4.87161E-02,  3.60620E-02,1.764E-01,2.26225E-01,,,,,
429,  7.29177E-01,  5.20467E-02,  3.79052E-02,1.879E-01,2.40199E-01,,,,,
430,  7.56885E-01,  5.55384E-02,  3.97810E-02,1.998E-01,2.53865E-01,,,,,
431,  7.82292E-01,  5.91876E-02,  4.16705E-02,2.119E-01,2.67021E-01,,,,,
432,  8.05666E-01,  6.29819E-02,  4.35728E-02,2.243E-01,2.79976E-01,,,,,
433,  8.27599E-01,  6.69031E-02,  4.54932E-02,2.369E-01,2.93034E-01,,,,,
434,  8.48780E-01,  7.09285E-02,  4.74385E-02,2.496E-01,3.06500E-01,,,,,
435,  8.69984E-01,  7.50299E-02,  4.94172E-02,2.625E-01,3.20679E-01,,,,,
436,  8.91761E-01,  7.91769E-02,  5.14343E-02,2.755E-01,3.36016E-01,,,,,
437,  9.13444E-01,  8.33463E-02,  5.34735E-02,2.886E-01,3.52361E-01,,,,,
438,  9.33977E-01,  8.75160E-02,  5.55102E-02,3.017E-01,3.69128E-01,,,,,
439,  9.52218E-01,  9.16625E-02,  5.75166E-02,3.149E-01,3.85732E-01,,,,,
440,  9.66960E-01,  9.57612E-02,  5.94619E-02,3.281E-01,4.01587E-01,,,,,
441,  9.77340E-01,  9.97977E-02,  6.13240E-02,3.412E-01,4.16472E-01,,,,,
442,  9.84028E-01,  1.03804E-01,  6.31288E-02,3.543E-01,4.30797E-01,,,,,
443,  9.88144E-01,  1.07834E-01,  6.49189E-02,3.673E-01,4.44921E-01,,,,,
444,  9.90851E-01,  1.11948E-01,  6.67425E-02,3.803E-01,4.59203E-01,,,,,
445,  9.93336E-01,  1.16220E-01,  6.86538E-02,3.931E-01,4.74002E-01,,,,,
446,  9.96373E-01,  1.20706E-01,  7.06963E-02,4.06E-01,4.89517E-01,,,,,
447,  9.99038E-01,  1.25363E-01,  7.28508E-02,4.18E-01,5.05522E-01,,,,,
448,  9.99978E-01,  1.30111E-01,  7.50778E-02,4.31E-01,5.21741E-01,,,,,
449,  9.97844E-01,  1.34856E-01,  7.73325E-02,4.43E-01,5.37898E-01,,,,,
450,  9.91329E-01,  1.39493E-01,  7.95647E-02,4.55E-01,5.53715E-01,,,,,
451,  9.79657E-01,  1.43943E-01,  8.17368E-02,4.67E-01,5.69100E-01,,,,,
452,  9.63905E-01,  1.48281E-01,  8.38826E-02,4.79E-01,5.84240E-01,,,,,
453,  9.45573E-01,  1.52637E-01,  8.60598E-02,4.90E-01,5.99281E-01,,,,,
454,  9.26078E-01,  1.57157E-01,  8.83322E-02,5.02E-01,6.14370E-01,,,,,
455,  9.06735E-01,  1.62006E-01,  9.07704E-02,5.13E-01,6.29654E-01,,,,,
456,  8.88509E-01,  1.67331E-01,  9.34397E-02,5.24E-01,6.45193E-01,,,,,
457,  8.71353E-01,  1.73144E-01,  9.63577E-02,5.35E-01,6.60892E-01,,,,,
458,  8.54998E-01,  1.79417E-01,  9.95304E-02,5.46E-01,6.76660E-01,,,,,
459,  8.39198E-01,  1.86117E-01,  1.02964E-01,5.57E-01,6.92409E-01,,,,,
460,  8.23726E-01,  1.93202E-01,  1.06663E-01,5.67E-01,7.08049E-01,,,,,
461,  8.08307E-01,  2.00621E-01,  1.10629E-01,5.78E-01,7.23594E-01,,,,,
462,  7.92431E-01,  2.08315E-01,  1.14828E-01,5.88E-01,7.39105E-01,,,,,
463,  7.75569E-01,  2.16212E-01,  1.19217E-01,5.99E-01,7.54560E-01,,,,,
464,  7.57244E-01,  2.24231E-01,  1.23740E-01,6.10E-01,7.69938E-01,,,,,
465,  7.37043E-01,  2.32275E-01,  1.28336E-01,6.20E-01,7.85216E-01,,,,,
466,  7.14730E-01,  2.40257E-01,  1.32947E-01,6.31E-01,8.00683E-01,,,,,
467,  6.90558E-01,  2.48160E-01,  1.37570E-01,6.42E-01,8.16354E-01,,,,,
468,  6.64890E-01,  2.55987E-01,  1.42218E-01,6.53E-01,8.31798E-01,,,,,
469,  6.38078E-01,  2.63744E-01,  1.46905E-01,6.64E-01,8.46587E-01,,,,,
470,  6.10456E-01,  2.71441E-01,  1.51651E-01,6.76E-01,8.60291E-01,,,,,
471,  5.82346E-01,  2.79097E-01,  1.56475E-01,6.87E-01,8.72925E-01,,,,,
472,  5.54065E-01,  2.86755E-01,  1.61404E-01,6.99E-01,8.84870E-01,,,,,
473,  5.25903E-01,  2.94476E-01,  1.66464E-01,7.10E-01,8.96242E-01,,,,,
474,  4.98108E-01,  3.02323E-01,  1.71690E-01,7.22E-01,9.07158E-01,,,,,
475,  4.70894E-01,  3.10372E-01,  1.77116E-01,7.34E-01,9.17734E-01,,,,,
476,  4.44450E-01,  3.18692E-01,  1.82777E-01,7.45E-01,9.28345E-01,,,,,
477,  4.18992E-01,  3.27307E-01,  1.88685E-01,7.57E-01,9.38950E-01,,,,,
478,  3.94699E-01,  3.36232E-01,  1.94845E-01,7.69E-01,9.49035E-01,,,,,
479,  3.71707E-01,  3.45480E-01,  2.01261E-01,7.81E-01,9.58091E-01,,,,,
480,  3.50108E-01,  3.55066E-01,  2.07940E-01,7.93E-01,9.65605E-01,,,,,
481,  3.29904E-01,  3.64985E-01,  2.14875E-01,8.05E-01,9.71976E-01,,,,,
482,  3.10864E-01,  3.75142E-01,  2.22022E-01,8.17E-01,9.77833E-01,,,,,
483,  2.92741E-01,  3.85410E-01,  2.29316E-01,8.28E-01,9.83006E-01,,,,,
484,  2.75338E-01,  3.95646E-01,  2.36684E-01,8.40E-01,9.87325E-01,,,,,
485,  2.58497E-01,  4.05688E-01,  2.44046E-01,8.51E-01,9.90621E-01,,,,,
486,  2.42158E-01,  4.15435E-01,  2.51347E-01,8.62E-01,9.93343E-01,,,,,
487,  2.26504E-01,  4.25064E-01,  2.58695E-01,8.73E-01,9.95887E-01,,,,,
488,  2.11726E-01,  4.34851E-01,  2.66252E-01,8.84E-01,9.98008E-01,,,,,
489,  1.97960E-01,  4.45097E-01,  2.74202E-01,8.94E-01,9.99461E-01,,,,,
490,  1.85297E-01,  4.56137E-01,  2.82752E-01,9.04E-01,1,,,,,
491,  1.73751E-01,  4.68236E-01,  2.92071E-01,9.14E-01,9.99561E-01,,,,,
492,  1.63149E-01,  4.81255E-01,  3.02094E-01,9.23E-01,9.98365E-01,,,,,
493,  1.53311E-01,  4.94927E-01,  3.12673E-01,9.32E-01,9.96590E-01,,,,,
494,  1.44086E-01,  5.08947E-01,  3.23637E-01,9.41E-01,9.94416E-01,,,,,
495,  1.35351E-01,  5.22970E-01,  3.34786E-01,9.49E-01,9.92022E-01,,,,,
496,  1.27011E-01,  5.36701E-01,  3.45943E-01,9.57E-01,9.88792E-01,,,,,
497,  1.19017E-01,  5.50195E-01,  3.57126E-01,9.64E-01,9.84220E-01,,,,,
498,  1.11333E-01,  5.63616E-01,  3.68416E-01,9.70E-01,9.78657E-01,,,,,
499,  1.03934E-01,  5.77150E-01,  3.79907E-01,9.76E-01,9.72451E-01,,,,,
500,  9.67990E-02,  5.91003E-01,  3.91705E-01,9.82E-01,9.65952E-01,,,,,
501,  8.99169E-02,  6.05350E-01,  4.03905E-01,9.86E-01,9.58844E-01,,,,,
502,  8.32878E-02,  6.20160E-01,  4.16500E-01,9.90E-01,9.50716E-01,,,,,
503,  7.69157E-02,  6.35343E-01,  4.29453E-01,9.94E-01,9.41778E-01,,,,,
504,  7.08052E-02,  6.50796E-01,  4.42720E-01,9.97E-01,9.32236E-01,,,,,
505,  6.49614E-02,  6.66404E-01,  4.56252E-01,9.98E-01,9.22299E-01,,,,,
506,  5.94049E-02,  6.82055E-01,  4.69997E-01,1,9.11832E-01,,,,,
507,  5.42076E-02,  6.97672E-01,  4.83926E-01,1,9.00602E-01,,,,,
508,  4.94281E-02,  7.13186E-01,  4.98012E-01,1,8.88663E-01,,,,,
509,  4.50993E-02,  7.28526E-01,  5.12227E-01,9.98E-01,8.76073E-01,,,,,
510,  4.12337E-02,  7.43612E-01,  5.26538E-01,9.97E-01,8.62888E-01,,,,,
511,  3.78142E-02,  7.58396E-01,  5.40923E-01,9.94E-01,8.48801E-01,,,,,
512,  3.47627E-02,  7.72966E-01,  5.55406E-01,9.90E-01,8.33678E-01,,,,,
513,  3.20029E-02,  7.87457E-01,  5.70025E-01,9.86E-01,8.17832E-01,,,,,
514,  2.94746E-02,  8.02017E-01,  5.84828E-01,9.81E-01,8.01579E-01,,,,,
515,  2.71300E-02,  8.16808E-01,  5.99867E-01,9.75E-01,7.85233E-01,,,,,
516,  2.49376E-02,  8.31919E-01,  6.15162E-01,9.68E-01,7.68718E-01,,,,,
517,  2.28931E-02,  8.47096E-01,  6.30569E-01,9.61E-01,7.51807E-01,,,,,
518,  2.09956E-02,  8.61972E-01,  6.45883E-01,9.53E-01,7.34593E-01,,,,,
519,  1.92427E-02,  8.76152E-01,  6.60880E-01,9.44E-01,7.17169E-01,,,,,
520,  1.76298E-02,  8.89214E-01,  6.75313E-01,9.35E-01,6.99628E-01,,,,,
521,  1.61501E-02,  9.00812E-01,  6.88975E-01,9.25E-01,6.81888E-01,,,,,
522,  1.47911E-02,  9.11006E-01,  7.01886E-01,9.15E-01,6.63881E-01,,,,,
523,  1.35407E-02,  9.19968E-01,  7.14140E-01,9.04E-01,6.45724E-01,,,,,
524,  1.23884E-02,  9.27890E-01,  7.25841E-01,8.92E-01,6.27533E-01,,,,,
525,  1.13252E-02,  9.34977E-01,  7.37108E-01,8.80E-01,6.09422E-01,,,,,
526,  1.03437E-02,  9.41414E-01,  7.48046E-01,8.67E-01,5.91339E-01,,,,,
527,  9.44092E-03,  9.47279E-01,  7.58684E-01,8.54E-01,5.73207E-01,,,,,
528,  8.61365E-03,  9.52622E-01,  7.69032E-01,8.40E-01,5.55105E-01,,,,,
529,  7.85831E-03,  9.57498E-01,  7.79099E-01,8.26E-01,5.37112E-01,,,,,
530,  7.17089E-03,  9.61962E-01,  7.88900E-01,8.11E-01,5.19309E-01,,,,,
531,  6.54648E-03,  9.66080E-01,  7.98472E-01,7.96E-01,5.01645E-01,,,,,
532,  5.97777E-03,  9.69966E-01,  8.07945E-01,7.81E-01,4.84067E-01,,,,,
533,  5.45794E-03,  9.73743E-01,  8.17478E-01,7.65E-01,4.66643E-01,,,,,
534,  4.98125E-03,  9.77539E-01,  8.27239E-01,7.49E-01,4.49442E-01,,,,,
535,  4.54287E-03,  9.81481E-01,  8.37403E-01,7.33E-01,4.32533E-01,,,,,
536,  4.13908E-03,  9.85629E-01,  8.48078E-01,7.17E-01,4.15862E-01,,,,,
537,  3.76794E-03,  9.89754E-01,  8.59064E-01,7.00E-01,3.99372E-01,,,,,
538,  3.42783E-03,  9.93551E-01,  8.70068E-01,6.83E-01,3.83136E-01,,,,,
539,  3.11696E-03,  9.96714E-01,  8.80779E-01,6.67E-01,3.67224E-01,,,,,
540,  2.83352E-03,  9.98931E-01,  8.90871E-01,6.50E-01,3.51707E-01,,,,,
541,  2.57556E-03,  9.99942E-01,  9.00057E-01,6.33E-01,3.36537E-01,,,,,
542,  2.34084E-03,  9.99692E-01,  9.08253E-01,6.16E-01,3.21647E-01,,,,,
543,  2.12722E-03,  9.98178E-01,  9.15433E-01,5.99E-01,3.07085E-01,,,,,
544,  1.93276E-03,  9.95405E-01,  9.21575E-01,5.81E-01,2.92899E-01,,,,,
545,  1.75573E-03,  9.91383E-01,  9.26660E-01,5.64E-01,2.79135E-01,,,,,
546,  1.59455E-03,  9.86199E-01,  9.30744E-01,5.48E-01,2.65737E-01,,,,,
547,  1.44783E-03,  9.80229E-01,  9.34160E-01,5.31E-01,2.52648E-01,,,,,
548,  1.31430E-03,  9.73906E-01,  9.37318E-01,5.14E-01,2.39917E-01,,,,,
549,  1.19281E-03,  9.67653E-01,  9.40634E-01,4.97E-01,2.27592E-01,,,,,
550,  1.08230E-03,  9.61876E-01,  9.44527E-01,4.81E-01,2.15722E-01,,,,,
551,  9.81819E-04,  9.56820E-01,  9.49291E-01,4.65E-01,2.04238E-01,,,,,
552,  8.90533E-04,  9.52151E-01,  9.54680E-01,4.48E-01,1.93075E-01,,,,,
553,  8.07687E-04,  9.47398E-01,  9.60309E-01,4.33E-01,1.82288E-01,,,,,
554,  7.32568E-04,  9.42105E-01,  9.65785E-01,4.17E-01,1.71930E-01,,,,,
555,  6.64512E-04,  9.35829E-01,  9.70703E-01,4.02E-01,1.62056E-01,,,,,
556,  6.02887E-04,  9.28274E-01,  9.74756E-01,3.864E-01,1.52601E-01,,,,,
557,  5.47062E-04,  9.19667E-01,  9.78055E-01,3.715E-01,1.43487E-01,,,,,
558,  4.96461E-04,  9.10356E-01,  9.80819E-01,3.569E-01,1.34748E-01,,,,,
559,  4.50571E-04,  9.00677E-01,  9.83271E-01,3.427E-01,1.26416E-01,,,,,
560,  4.08931E-04,  8.90949E-01,  9.85636E-01,3.288E-01,1.18526E-01,,,,,
561,  3.71136E-04,  8.81386E-01,  9.88085E-01,3.151E-01,1.11007E-01,,,,,
562,  3.36838E-04,  8.71834E-01,  9.90560E-01,3.018E-01,1.03793E-01,,,,,
563,  3.05723E-04,  8.62059E-01,  9.92945E-01,2.888E-01,9.69206E-02,,,,,
564,  2.77504E-04,  8.51840E-01,  9.95124E-01,2.762E-01,9.04259E-02,,,,,
565,  2.51918E-04,  8.40969E-01,  9.96979E-01,2.639E-01,8.43457E-02,,,,,
566,  2.28725E-04,  8.29303E-01,  9.98411E-01,2.519E-01,7.86198E-02,,,,,
567,  2.07699E-04,  8.16911E-01,  9.99391E-01,2.403E-01,7.31750E-02,,,,,
568,  1.88638E-04,  8.03910E-01,  9.99912E-01,2.291E-01,6.80288E-02,,,,,
569,  1.71357E-04,  7.90413E-01,  9.99965E-01,2.182E-01,6.31984E-02,,,,,
570,  1.55688E-04,  7.76526E-01,  9.99543E-01,2.076E-01,5.87013E-02,,,,,
571,  1.41480E-04,  7.62311E-01,  9.98615E-01,1.974E-01,5.44832E-02,,,,,
572,  1.28596E-04,  7.47669E-01,  9.97051E-01,1.876E-01,5.04889E-02,,,,,
573,  1.16912E-04,  7.32476E-01,  9.94701E-01,1.782E-01,4.67344E-02,,,,,
574,  1.06316E-04,  7.16622E-01,  9.91416E-01,1.690E-01,4.32357E-02,,,,,
575,  9.67045E-05,  7.00013E-01,  9.87057E-01,1.602E-01,4.00089E-02,,,,,
576,  8.79858E-05,  6.82647E-01,  9.81599E-01,1.517E-01,3.70102E-02,,,,,
577,  8.00756E-05,  6.64817E-01,  9.75451E-01,1.436E-01,3.41903E-02,,,,,
578,  7.28979E-05,  6.46858E-01,  9.69120E-01,1.358E-01,3.15562E-02,,,,,
579,  6.63837E-05,  6.29072E-01,  9.63093E-01,1.284E-01,2.91153E-02,,,,,
580,  6.04705E-05,  6.11728E-01,  9.57841E-01,1.212E-01,2.68747E-02,,,,,
581,  5.51020E-05,  5.94998E-01,  9.53664E-01,1.143E-01,2.48014E-02,,,,,
582,  5.02269E-05,  5.78783E-01,  9.50236E-01,1.078E-01,2.28597E-02,,,,,
583,  4.57988E-05,  5.62935E-01,  9.47086E-01,1.015E-01,2.10534E-02,,,,,
584,  4.17759E-05,  5.47321E-01,  9.43752E-01,9.56E-02,1.93864E-02,,,,,
585,  3.81202E-05,  5.31825E-01,  9.39781E-01,8.99E-02,1.78624E-02,,,,,
586,  3.47974E-05,  5.16354E-01,  9.34826E-01,8.45E-02,1.64578E-02,,,,,
587,  3.17763E-05,  5.00870E-01,  9.28917E-01,7.93E-02,1.51470E-02,,,,,
588,  2.90288E-05,  4.85350E-01,  9.22177E-01,7.45E-02,1.39314E-02,,,,,
589,  2.65294E-05,  4.69777E-01,  9.14729E-01,6.99E-02,1.28120E-02,,,,,
590,  2.42549E-05,  4.54142E-01,  9.06693E-01,6.55E-02,1.17901E-02,,,,,
591,  2.21847E-05,  4.38454E-01,  8.98170E-01,6.13E-02,1.08488E-02,,,,,
592,  2.02996E-05,  4.22778E-01,  8.89188E-01,5.74E-02,9.97112E-03,,,,,
593,  1.85826E-05,  4.07188E-01,  8.79759E-01,5.37E-02,9.15850E-03,,,,,
594,  1.70182E-05,  3.91752E-01,  8.69894E-01,5.02E-02,8.41242E-03,,,,,
595,  1.55924E-05,  3.76527E-01,  8.59605E-01,4.69E-02,7.73430E-03,,,,,
596,  1.42924E-05,  3.61559E-01,  8.48912E-01,4.38E-02,7.11255E-03,,,,,
597,  1.31066E-05,  3.46856E-01,  8.37865E-01,4.09E-02,6.53476E-03,,,,,
598,  1.20248E-05,  3.32422E-01,  8.26522E-01,3.816E-02,6.00110E-03,,,,,
599,  1.10373E-05,  3.18261E-01,  8.14940E-01,3.558E-02,5.51174E-03,,,,,
600,  1.01356E-05,  3.04378E-01,  8.03173E-01,3.315E-02,5.06686E-03,,,,,
601,  9.31202E-06,  2.90784E-01,  7.91253E-01,3.087E-02,4.65869E-03,,,,,
602,  8.55941E-06,  2.77506E-01,  7.79118E-01,2.874E-02,4.27946E-03,,,,,
603,  7.87141E-06,  2.64575E-01,  7.66691E-01,2.674E-02,3.92939E-03,,,,,
604,  7.24221E-06,  2.52012E-01,  7.53900E-01,2.487E-02,3.60872E-03,,,,,
605,  6.66657E-06,  2.39837E-01,  7.40680E-01,2.312E-02,3.31766E-03,,,,,
606,  6.13970E-06,  2.28065E-01,  7.26995E-01,2.147E-02,3.05109E-03,,,,,
607,  5.65727E-06,  2.16703E-01,  7.12905E-01,1.994E-02,2.80374E-03,,,,,
608,  5.21535E-06,  2.05754E-01,  6.98491E-01,1.851E-02,2.57560E-03,,,,,
609,  4.81036E-06,  1.95221E-01,  6.83829E-01,1.718E-02,2.36668E-03,,,,,
610,  4.43906E-06,  1.85104E-01,  6.68991E-01,1.593E-02,2.17698E-03,,,,,
611,  4.09850E-06,  1.75398E-01,  6.54037E-01,1.477E-02,2.00317E-03,,,,,
612,  3.78599E-06,  1.66091E-01,  6.38979E-01,1.369E-02,1.84190E-03,,,,,
613,  3.49911E-06,  1.57169E-01,  6.23825E-01,1.269E-02,1.69317E-03,,,,,
614,  3.23563E-06,  1.48620E-01,  6.08579E-01,1.175E-02,1.55692E-03,,,,,
615,  2.99354E-06,  1.40431E-01,  5.93248E-01,1.088E-02,1.43314E-03,,,,,
616,,  1.32591E-01,  5.77857E-01,1.007E-02,1.31972E-03,,,,,
617,,  1.25092E-01,  5.62493E-01,9.32E-03,1.21451E-03,,,,,
618,,  1.17928E-01,  5.47248E-01,8.62E-03,1.11743E-03,,,,,
619,,  1.11091E-01,  5.32209E-01,7.97E-03,1.02839E-03,,,,,
620,,  1.04573E-01,  5.17449E-01,7.37E-03,9.47313E-04,,,,,
621,,  9.83663E-02,  5.02993E-01,6.82E-03,8.72814E-04,,,,,
622,,  9.24685E-02,  4.88692E-01,6.30E-03,8.03576E-04,,,,,
623,,  8.68759E-02,  4.74376E-01,5.82E-03,7.39620E-04,,,,,
624,,  8.15834E-02,  4.59896E-01,5.38E-03,6.80970E-04,,,,,
625,,  7.65841E-02,  4.45125E-01,4.97E-03,6.27648E-04,,,,,
626,,  7.18683E-02,  4.30007E-01,4.59E-03,5.78753E-04,,,,,
627,,  6.74186E-02,  4.14687E-01,4.24E-03,5.33358E-04,,,,,
628,,  6.32176E-02,  3.99340E-01,3.913E-03,4.91440E-04,,,,,
629,,  5.92492E-02,  3.84122E-01,3.613E-03,4.52980E-04,,,,,
630,,  5.54990E-02,  3.69168E-01,3.335E-03,4.17955E-04,,,,,
631,,  5.19550E-02,  3.54580E-01,3.079E-03,3.85789E-04,,,,,
632,,  4.86103E-02,  3.40389E-01,2.842E-03,3.55905E-04,,,,,
633,,  4.54591E-02,  3.26609E-01,2.623E-03,3.28289E-04,,,,,
634,,  4.24945E-02,  3.13249E-01,2.421E-03,3.02926E-04,,,,,
635,,  3.97097E-02,  3.00316E-01,2.235E-03,2.79801E-04,,,,,
636,,  3.70952E-02,  2.87817E-01,2.062E-03,2.58544E-04,,,,,
637,,  3.46347E-02,  2.75762E-01,1.903E-03,2.38785E-04,,,,,
638,,  3.23125E-02,  2.64158E-01,1.757E-03,2.20508E-04,,,,,
639,,  3.01151E-02,  2.53009E-01,1.621E-03,2.03699E-04,,,,,
640,,  2.80314E-02,  2.42316E-01,1.497E-03,1.88341E-04,,,,,
641,,  2.60564E-02,  2.32061E-01,1.382E-03,1.74192E-04,,,,,
642,,  2.42011E-02,  2.22158E-01,1.276E-03,1.61020E-04,,,,,
643,,  2.24760E-02,  2.12516E-01,1.178E-03,1.48821E-04,,,,,
644,,  2.08870E-02,  2.03060E-01,1.088E-03,1.37594E-04,,,,,
645,,  1.94366E-02,  1.93730E-01,1.005E-03,1.27337E-04,,,,,
646,,  1.81200E-02,  1.84495E-01,9.28E-04,1.17891E-04,,,,,
647,,  1.69149E-02,  1.75402E-01,8.57E-04,1.09096E-04,,,,,
648,,  1.57991E-02,  1.66509E-01,7.92E-04,1.00949E-04,,,,,
649,,  1.47543E-02,  1.57865E-01,7.32E-04,9.34437E-05,,,,,
650,,  1.37660E-02,  1.49509E-01,6.77E-04,8.65751E-05,,,,,
651,,  1.28246E-02,  1.41470E-01,6.26E-04,8.02405E-05,,,,,
652,,  1.19304E-02,  1.33760E-01,5.79E-04,7.43383E-05,,,,,
653,,  1.10850E-02,  1.26383E-01,5.36E-04,6.88650E-05,,,,,
654,,  1.02892E-02,  1.19343E-01,4.96E-04,6.38172E-05,,,,,
655,,  9.54315E-03,  1.12638E-01,4.59E-04,5.91914E-05,,,,,
656,,  8.84609E-03,  1.06264E-01,4.25E-04,5.49203E-05,,,,,
657,,  8.19600E-03,  1.00208E-01,3.935E-04,5.09374E-05,,,,,
658,,  7.59059E-03,  9.44558E-02,3.645E-04,4.72404E-05,,,,,
659,,  7.02754E-03,  8.89934E-02,3.377E-04,4.38269E-05,,,,,
660,,  6.50455E-03,  8.38077E-02,3.129E-04,4.06945E-05,,,,,
661,,  6.01952E-03,  7.88865E-02,2.901E-04,3.77990E-05,,,,,
662,,  5.57093E-03,  7.42191E-02,2.689E-04,3.50966E-05,,,,,
663,,  5.15728E-03,  6.97952E-02,2.493E-04,3.25857E-05,,,,,
664,,  4.77687E-03,  6.56050E-02,2.313E-04,3.02647E-05,,,,,
665,,  4.42794E-03,  6.16384E-02,2.146E-04,2.81320E-05,,,,,
666,,  4.10832E-03,  5.78857E-02,1.991E-04,2.61587E-05,,,,,
667,,  3.81470E-03,  5.43366E-02,1.848E-04,2.43158E-05,,,,,
668,,  3.54392E-03,  5.09811E-02,1.716E-04,2.26017E-05,,,,,
669,,  3.29329E-03,  4.78096E-02,1.593E-04,2.10148E-05,,,,,
670,,  3.06050E-03,  4.48132E-02,1.480E-04,1.95535E-05,,,,,
671,,  2.84369E-03,  4.19831E-02,1.375E-04,1.81982E-05,,,,,
672,,  2.64175E-03,  3.93111E-02,1.277E-04,1.69302E-05,,,,,
673,,  2.45374E-03,  3.67892E-02,1.187E-04,1.57493E-05,,,,,
674,,  2.27875E-03,  3.44098E-02,1.104E-04,1.46553E-05,,,,,
675,,  2.11596E-03,  3.21660E-02,1.026E-04,1.36480E-05,,,,,
676,,  1.96456E-03,  3.00509E-02,9.54E-05,1.27143E-05,,,,,
677,,  1.82378E-03,  2.80594E-02,8.88E-05,1.18407E-05,,,,,
678,,  1.69287E-03,  2.61861E-02,8.26E-05,1.10269E-05,,,,,
679,,  1.57115E-03,  2.44260E-02,7.69E-05,1.02723E-05,,,,,
680,,  1.45798E-03,  2.27738E-02,7.15E-05,9.57637E-06,,,,,
681,,  1.35274E-03,  2.12238E-02,6.66E-05,8.93033E-06,,,,,
682,,  1.25476E-03,  1.97679E-02,6.20E-05,8.32543E-06,,,,,
683,,  1.16340E-03,  1.83986E-02,5.78E-05,7.76135E-06,,,,,
684,,  1.07812E-03,  1.71092E-02,5.38E-05,7.23773E-06,,,,,
685,,  9.98424E-04,  1.58939E-02,5.01E-05,6.75425E-06,,,,,
686,,  9.23962E-04,  1.47492E-02,4.67E-05,6.30499E-06,,,,,
687,,  8.54713E-04,  1.36773E-02,4.36E-05,5.88407E-06,,,,,
688,,  7.90652E-04,  1.26804E-02,4.06E-05,5.49115E-06,,,,,
689,,  7.31684E-04,  1.17590E-02,3.789E-05,5.12592E-06,,,,,
690,,  6.77653E-04,  1.09123E-02,3.533E-05,4.78804E-06,,,,,
691,,  6.28297E-04,  1.01373E-02,3.295E-05,4.47347E-06,,,,,
692,,  5.83108E-04,  9.42568E-03,3.075E-05,4.17829E-06,,,,,
693,,  5.41584E-04,  8.76917E-03,2.870E-05,3.90243E-06,,,,,
694,,  5.03294E-04,  8.16076E-03,2.679E-05,3.64583E-06,,,,,
695,,  4.67870E-04,  7.59453E-03,2.501E-05,3.40841E-06,,,,,
696,,  4.35007E-04,  7.06588E-03,2.336E-05,3.18739E-06,,,,,
697,,  4.04490E-04,  6.57252E-03,2.182E-05,2.97998E-06,,,,,
698,,  3.76138E-04,  6.11262E-03,2.038E-05,2.78604E-06,,,,,
699,,  3.49784E-04,  5.68440E-03,1.905E-05,2.60548E-06,,,,,
700,,  3.25278E-04,  5.28607E-03,1.780E-05,2.43819E-06,,,,,
701,,  3.02477E-04,  4.91573E-03,1.664E-05,2.28225E-06,,,,,
702,,  2.81237E-04,  4.57086E-03,1.556E-05,2.13580E-06,,,,,
703,,  2.61427E-04,  4.24908E-03,1.454E-05,1.99874E-06,,,,,
704,,  2.42930E-04,  3.94832E-03,1.360E-05,1.87101E-06,,,,,
705,,  2.25641E-04,  3.66675E-03,1.273E-05,1.75252E-06,,,,,
706,,  2.09478E-04,  3.40297E-03,1.191E-05,1.64197E-06,,,,,
707,,  1.94400E-04,  3.15632E-03,1.114E-05,1.53806E-06,,,,,
708,,  1.80370E-04,  2.92624E-03,1.043E-05,1.44073E-06,,,,,
709,,  1.67347E-04,  2.71213E-03,9.76E-06,1.34993E-06,,,,,
710,,  1.55286E-04,  2.51327E-03,9.14E-06,1.26560E-06,,,,,
711,,  1.44135E-04,  2.32895E-03,8.56E-06,1.18683E-06,,,,,
712,,  1.33830E-04,  2.15836E-03,8.02E-06,1.11273E-06,,,,,
713,,  1.24309E-04,  2.00071E-03,7.51E-06,1.04326E-06,,,,,
714,,  1.15513E-04,  1.85521E-03,7.04E-06,9.78385E-07,,,,,
715,,  1.07388E-04,  1.72108E-03,6.60E-06,9.18078E-07,,,,,
716,,  9.98800E-05,  1.59750E-03,6.18E-06,8.61705E-07,,,,,
717,,  9.29320E-05,  1.48342E-03,5.80E-06,8.08640E-07,,,,,
718,,  8.64907E-05,  1.37787E-03,5.44E-06,7.58853E-07,,,,,
719,,  8.05090E-05,  1.27998E-03,5.10E-06,7.12313E-07,,,,,
720,,  7.49453E-05,  1.18900E-03,4.78E-06,6.68991E-07,,,,,
721,,  6.97652E-05,  1.10433E-03,4.49E-06,6.28444E-07,,,,,
722,,  6.49470E-05,  1.02563E-03,4.21E-06,5.90239E-07,,,,,
723,,  6.04718E-05,  9.52602E-04,3.951E-06,5.54363E-07,,,,,
724,,  5.63207E-05,  8.84959E-04,3.709E-06,5.20798E-07,,,,,
725,,  5.24748E-05,  8.22396E-04,3.482E-06,4.89531E-07,,,,,
726,,  4.89142E-05,  7.64585E-04,3.270E-06,4.60251E-07,,,,,
727,,  4.56137E-05,  7.11110E-04,3.070E-06,4.32648E-07,,,,,
728,,  4.25490E-05,  6.61570E-04,2.884E-06,4.06710E-07,,,,,
729,,  3.96989E-05,  6.15612E-04,2.710E-06,3.82420E-07,,,,,
730,,  3.70443E-05,  5.72917E-04,2.546E-06,3.59766E-07,,,,,
731,,  3.45688E-05,  5.33206E-04,2.393E-06,3.38528E-07,,,,,
732,,  3.22588E-05,  4.96234E-04,2.250E-06,3.18490E-07,,,,,
733,,  3.01026E-05,  4.61782E-04,2.115E-06,2.99644E-07,,,,,
734,,  2.80893E-05,  4.29654E-04,1.989E-06,2.81981E-07,,,,,
735,,  2.62088E-05,  3.99670E-04,1.870E-06,2.65493E-07,,,,,
736,,  2.44529E-05,  3.71690E-04,1.759E-06,2.50026E-07,,,,,
737,,  2.28177E-05,  3.45650E-04,1.655E-06,2.35424E-07,,,,,
738,,  2.12995E-05,  3.21494E-04,1.557E-06,2.21681E-07,,,,,
739,,  1.98941E-05,  2.99155E-04,1.466E-06,2.08789E-07,,,,,
740,,  1.85965E-05,  2.78553E-04,1.379E-06,1.96740E-07,,,,,
741,,  1.74003E-05,  2.59583E-04,1.299E-06,1.85426E-07,,,,,
742,,  1.62931E-05,  2.42061E-04,1.223E-06,1.74736E-07,,,,,
743,,  1.52632E-05,  2.25809E-04,1.151E-06,1.64666E-07,,,,,
744,,  1.43005E-05,  2.10674E-04,1.084E-06,1.55212E-07,,,,,
745,,  1.33965E-05,  1.96528E-04,1.022E-06,1.46370E-07,,,,,
746,,  1.25449E-05,  1.83271E-04,9.62E-07,1.38062E-07,,,,,
747,,  1.17441E-05,  1.70868E-04,9.07E-07,1.30208E-07,,,,,
748,,  1.09929E-05,  1.59290E-04,8.55E-07,1.22805E-07,,,,,
749,,  1.02900E-05,  1.48506E-04,8.06E-07,1.15848E-07,,,,,
750,,  9.63397E-06,  1.38482E-04,7.60E-07,1.09332E-07,,,,,
751,,  9.02263E-06,  1.29179E-04,7.16E-07,1.03202E-07,,,,,
752,,  8.45301E-06,  1.20542E-04,6.75E-07,9.74005E-08,,,,,
753,,  7.92207E-06,  1.12519E-04,6.37E-07,9.19274E-08,,,,,
754,,  7.42700E-06,  1.05061E-04,6.01E-07,8.67807E-08,,,,,
755,,  6.96522E-06,  9.81226E-05,5.67E-07,8.19587E-08,,,,,
756,,  6.53422E-06,  9.16641E-05,5.35E-07,7.74202E-08,,,,,
757,,  6.13129E-06,  8.56455E-05,5.05E-07,7.31243E-08,,,,,
758,,  5.75391E-06,  8.00302E-05,4.77E-07,6.90693E-08,,,,,
759,,  5.39984E-06,  7.47858E-05,4.50E-07,6.52534E-08,,,,,
760,,  5.06711E-06,  6.98827E-05,4.25E-07,6.16749E-08,,,,,
761,,  4.75413E-06,  6.52966E-05,4.01E-07,5.83044E-08,,,,,
762,,  4.46019E-06,  6.10128E-05,3.790E-07,5.51124E-08,,,,,
763,,  4.18466E-06,  5.70183E-05,3.580E-07,5.20972E-08,,,,,
764,,  3.92690E-06,  5.32996E-05,3.382E-07,4.92575E-08,,,,,
765,,  3.68617E-06,  4.98430E-05,3.196E-07,4.65916E-08,,,,,
766,,  3.46157E-06,  4.66322E-05,3.021E-07,4.40782E-08,,,,,
767,,  3.25155E-06,  4.36424E-05,2.855E-07,4.16962E-08,,,,,
768,,  3.05464E-06,  4.08501E-05,2.699E-07,3.94444E-08,,,,,
769,,  2.86951E-06,  3.82346E-05,2.552E-07,3.73218E-08,,,,,
770,,  2.69504E-06,  3.57781E-05,2.413E-07,3.53272E-08,,,,,
771,,  2.53040E-06,  3.34676E-05,2.282E-07,3.34451E-08,,,,,
772,,  2.37550E-06,  3.13007E-05,2.159E-07,3.16600E-08,,,,,
773,,  2.23033E-06,  2.92761E-05,2.042E-07,2.99712E-08,,,,,
774,,  2.09478E-06,  2.73908E-05,1.932E-07,2.83782E-08,,,,,
775,,  1.96864E-06,  2.56411E-05,1.829E-07,2.68803E-08,,,,,
776,,  1.85152E-06,  2.40205E-05,1.731E-07,2.54800E-08,,,,,
777,,  1.74248E-06,  2.25160E-05,1.638E-07,2.41660E-08,,,,,
778,,  1.64060E-06,  2.11145E-05,1.551E-07,2.29167E-08,,,,,
779,,  1.54507E-06,  1.98046E-05,1.468E-07,2.17105E-08,,,,,
780,,  1.45518E-06,  1.85766E-05,1.390E-07,2.05258E-08,,,,,
